customer_id,frequency,recency,T,monetary_value,pred_purchases_12m,p_alive,exp_avg_value,clv_12m
1,2,30.43,38.86,22.35,1.655,0.741,23.78,51.898
2,1,1.71,38.86,11.77,0.236,0.189,16.045,5.914
3,0,0.0,38.86,0.0,0.25,1.0,35.079,13.122
4,0,0.0,38.86,0.0,0.25,1.0,35.079,13.122
5,0,0.0,38.86,0.0,0.25,1.0,35.079,13.122
6,7,29.43,38.86,73.74,5.052,0.712,72.866,444.919
7,1,5.0,38.86,11.77,0.356,0.285,16.045,8.906
8,0,0.0,38.86,0.0,0.25,1.0,35.079,13.122
9,2,35.71,38.86,25.55,1.779,0.797,26.712,61.79
10,0,0.0,38.86,0.0,0.25,1.0,35.079,13.122
11,5,24.43,38.86,29.44,2.885,0.56,29.792,106.766
12,0,0.0,38.86,0.0,0.25,1.0,35.079,13.122
13,0,0.0,38.86,0.0,0.25,1.0,35.079,13.122
14,0,0.0,38.86,0.0,0.25,1.0,35.079,13.122
15,0,0.0,38.86,0.0,0.25,1.0,35.079,13.122
16,0,0.0,38.86,0.0,0.25,1.0,35.079,13.122
17,10,34.14,38.86,24.24,8.639,0.864,24.513,260.871
18,1,4.86,38.86,9.99,0.351,0.281,14.541,8.219
19,3,28.29,38.71,25.08,2.352,0.731,25.904,77.705
20,0,0.0,38.71,0.0,0.251,1.0,35.079,13.155
21,2,14.57,38.71,32.3,0.952,0.425,32.897,39.767
22,0,0.0,38.71,0.0,0.251,1.0,35.079,13.155
23,0,0.0,38.71,0.0,0.251,1.0,35.079,13.155
24,0,0.0,38.71,0.0,0.251,1.0,35.079,13.155
25,0,0.0,38.71,0.0,0.251,1.0,35.079,13.155
26,1,1.57,38.71,227.14,0.233,0.185,198.121,51.314
27,0,0.0,38.71,0.0,0.251,1.0,35.079,13.155
28,1,29.43,38.71,80.46,0.831,0.663,74.116,72.613
29,0,0.0,38.71,0.0,0.251,1.0,35.079,13.155
30,1,5.86,38.71,40.47,0.387,0.308,40.309,19.752
31,0,0.0,38.71,0.0,0.251,1.0,35.079,13.155
32,0,0.0,38.71,0.0,0.251,1.0,35.079,13.155
33,0,0.0,38.71,0.0,0.251,1.0,35.079,13.155
34,0,0.0,38.71,0.0,0.251,1.0,35.079,13.155
35,1,27.14,38.71,31.14,0.806,0.643,32.421,34.331
36,0,0.0,38.71,0.0,0.251,1.0,35.079,13.155
37,0,0.0,38.71,0.0,0.251,1.0,35.079,13.155
38,1,2.14,38.71,13.97,0.255,0.203,17.905,6.876
39,0,0.0,38.71,0.0,0.251,1.0,35.079,13.155
40,0,0.0,38.71,0.0,0.251,1.0,35.079,13.155
41,0,0.0,38.57,0.0,0.251,1.0,35.079,13.186
42,0,0.0,38.57,0.0,0.251,1.0,35.079,13.186
43,0,0.0,38.57,0.0,0.251,1.0,35.079,13.186
44,0,0.0,38.57,0.0,0.251,1.0,35.079,13.186
45,1,24.43,38.57,14.96,0.777,0.618,18.742,21.654
46,12,34.43,38.57,29.54,10.534,0.877,29.688,381.989
47,0,0.0,38.57,0.0,0.251,1.0,35.079,13.186
48,0,0.0,38.57,0.0,0.251,1.0,35.079,13.186
49,1,1.57,38.57,14.37,0.234,0.186,18.243,6.396
50,0,0.0,38.57,0.0,0.251,1.0,35.079,13.186
51,0,0.0,38.57,0.0,0.251,1.0,35.079,13.186
52,0,0.0,38.57,0.0,0.251,1.0,35.079,13.186
53,0,0.0,38.57,0.0,0.251,1.0,35.079,13.186
54,0,0.0,38.57,0.0,0.251,1.0,35.079,13.186
55,0,0.0,38.57,0.0,0.251,1.0,35.079,13.186
56,2,33.14,38.57,28.03,1.739,0.775,28.985,64.852
57,1,4.29,38.57,15.36,0.336,0.267,19.08,9.483
58,0,0.0,38.43,0.0,0.252,1.0,35.079,13.217
59,1,38.43,38.43,6.49,0.916,0.726,11.582,18.475
60,0,0.0,38.43,0.0,0.252,1.0,35.079,13.217
61,4,29.43,38.43,53.4,3.209,0.761,52.789,206.151
62,0,0.0,38.43,0.0,0.252,1.0,35.079,13.217
63,1,16.14,38.43,43.13,0.65,0.516,42.557,34.745
64,0,0.0,38.43,0.0,0.252,1.0,35.079,13.217
65,0,0.0,38.43,0.0,0.252,1.0,35.079,13.217
66,0,0.0,38.43,0.0,0.252,1.0,35.079,13.217
67,2,21.14,38.43,133.48,1.337,0.594,125.601,197.479
68,0,0.0,38.43,0.0,0.252,1.0,35.079,13.217
69,0,0.0,38.43,0.0,0.252,1.0,35.079,13.217
70,3,29.29,38.43,42.63,2.438,0.754,42.446,127.5
71,0,0.0,38.43,0.0,0.252,1.0,35.079,13.217
72,0,0.0,38.43,0.0,0.252,1.0,35.079,13.217
73,1,5.86,38.43,69.23,0.391,0.31,64.622,30.162
74,0,0.0,38.43,0.0,0.252,1.0,35.079,13.217
75,1,5.14,38.43,20.77,0.367,0.291,23.654,12.166
76,0,0.0,38.43,0.0,0.252,1.0,35.079,13.217
77,0,0.0,38.43,0.0,0.252,1.0,35.079,13.217
78,0,0.0,38.29,0.0,0.253,1.0,35.079,13.249
79,3,16.86,38.29,20.22,1.331,0.41,21.323,36.79
80,0,0.0,38.29,0.0,0.253,1.0,35.079,13.249
81,0,0.0,38.29,0.0,0.253,1.0,35.079,13.249
82,1,7.43,38.29,42.09,0.443,0.35,41.678,23.226
83,0,0.0,38.29,0.0,0.253,1.0,35.079,13.249
84,0,0.0,38.29,0.0,0.253,1.0,35.079,13.249
85,0,0.0,38.29,0.0,0.253,1.0,35.079,13.249
86,7,26.43,38.29,27.63,4.173,0.582,27.93,143.7
87,0,0.0,38.29,0.0,0.253,1.0,35.079,13.249
88,10,35.43,38.29,13.66,9.209,0.911,14.123,163.206
89,0,0.0,38.29,0.0,0.253,1.0,35.079,13.249
90,0,0.0,38.29,0.0,0.253,1.0,35.079,13.249
91,1,33.29,38.29,14.99,0.878,0.695,18.768,24.477
92,6,37.43,38.29,50.87,5.683,0.918,50.532,348.734
93,0,0.0,38.29,0.0,0.253,1.0,35.079,13.249
94,0,0.0,38.29,0.0,0.253,1.0,35.079,13.249
95,0,0.0,38.29,0.0,0.253,1.0,35.079,13.249
96,0,0.0,38.29,0.0,0.253,1.0,35.079,13.249
97,0,0.0,38.29,0.0,0.253,1.0,35.079,13.249
98,2,31.86,38.29,33.42,1.724,0.764,33.923,73.929
99,4,37.57,38.29,20.68,3.761,0.89,21.5,103.074
100,1,23.86,38.29,26.22,0.776,0.614,28.262,29.541
101,5,36.14,38.14,17.47,4.663,0.892,18.245,108.468
102,0,0.0,38.14,0.0,0.254,1.0,35.079,13.282
103,0,0.0,38.14,0.0,0.254,1.0,35.079,13.282
104,0,0.0,38.14,0.0,0.254,1.0,35.079,13.282
105,1,24.14,38.14,92.8,0.783,0.618,84.549,77.095
106,1,6.14,38.14,52.3,0.405,0.319,50.31,24.972
107,0,0.0,38.14,0.0,0.254,1.0,35.079,13.282
108,0,0.0,38.14,0.0,0.254,1.0,35.079,13.282
109,1,0.29,38.14,39.09,0.186,0.146,39.142,9.231
110,0,0.0,38.14,0.0,0.254,1.0,35.079,13.282
111,1,0.29,38.14,12.97,0.186,0.146,17.06,4.833
112,0,0.0,38.14,0.0,0.254,1.0,35.079,13.282
113,0,0.0,38.14,0.0,0.254,1.0,35.079,13.282
114,1,24.14,38.14,24.99,0.783,0.618,27.222,28.929
115,0,0.0,38.14,0.0,0.254,1.0,35.079,13.282
116,1,5.29,38.14,28.31,0.377,0.297,30.028,15.04
117,0,0.0,38.14,0.0,0.254,1.0,35.079,13.282
118,0,0.0,38.14,0.0,0.254,1.0,35.079,13.282
119,0,0.0,38.14,0.0,0.254,1.0,35.079,13.282
120,0,0.0,38.14,0.0,0.254,1.0,35.079,13.282
121,1,3.0,38.14,13.77,0.294,0.232,17.736,7.874
122,0,0.0,38.14,0.0,0.254,1.0,35.079,13.282
123,0,0.0,38.14,0.0,0.254,1.0,35.079,13.282
124,0,0.0,38.14,0.0,0.254,1.0,35.079,13.282
125,1,7.14,38.14,36.71,0.436,0.344,37.13,20.755
126,0,0.0,38.0,0.0,0.254,1.0,35.079,13.314
127,0,0.0,38.0,0.0,0.254,1.0,35.079,13.314
128,0,0.0,38.0,0.0,0.254,1.0,35.079,13.314
129,4,7.57,38.0,13.62,0.166,0.039,14.748,3.224
130,3,26.0,38.0,19.36,2.264,0.694,20.513,60.384
131,0,0.0,38.0,0.0,0.254,1.0,35.079,13.314
132,1,24.0,38.0,71.66,0.785,0.617,66.677,62.173
133,2,28.43,38.0,13.87,1.644,0.724,16.011,36.816
134,0,0.0,38.0,0.0,0.254,1.0,35.079,13.314
135,1,23.43,38.0,19.54,0.777,0.611,22.614,24.853
136,2,7.43,38.0,23.48,0.477,0.21,24.816,15.491
137,0,0.0,38.0,0.0,0.254,1.0,35.079,13.314
138,2,16.86,38.0,51.8,1.13,0.498,50.763,70.141
139,1,2.14,38.0,29.33,0.263,0.207,30.891,10.727
140,1,15.71,38.0,23.54,0.652,0.512,25.996,23.19
141,0,0.0,38.0,0.0,0.254,1.0,35.079,13.314
142,5,6.86,38.0,35.58,0.053,0.01,35.716,2.331
143,2,28.57,38.0,15.16,1.649,0.726,17.193,39.137
144,7,34.14,38.0,22.92,6.351,0.88,23.34,183.813
145,2,35.71,38.0,18.98,1.826,0.805,20.693,50.658
146,0,0.0,38.0,0.0,0.254,1.0,35.079,13.314
147,4,29.29,38.0,29.86,3.256,0.766,30.278,122.703
148,13,37.86,38.0,29.34,12.634,0.962,29.48,453.512
149,0,0.0,38.0,0.0,0.254,1.0,35.079,13.314
150,4,33.0,38.0,28.53,3.554,0.836,29.006,128.623
151,4,35.29,38.0,24.94,3.689,0.868,25.573,118.628
152,0,0.0,38.0,0.0,0.254,1.0,35.079,13.314
153,0,0.0,38.0,0.0,0.254,1.0,35.079,13.314
154,1,2.86,38.0,16.7,0.291,0.229,20.213,8.545
155,0,0.0,38.0,0.0,0.254,1.0,35.079,13.314
156,1,6.43,38.0,34.32,0.417,0.328,35.109,18.892
157,29,37.71,38.0,26.26,28.3,0.98,26.342,902.871
158,0,0.0,37.86,0.0,0.255,1.0,35.079,13.346
159,3,24.71,37.86,46.59,2.178,0.666,46.178,123.077
160,0,0.0,37.86,0.0,0.255,1.0,35.079,13.346
161,0,0.0,37.86,0.0,0.255,1.0,35.079,13.346
162,1,2.0,37.86,46.28,0.259,0.203,45.22,14.529
163,0,0.0,37.86,0.0,0.255,1.0,35.079,13.346
164,10,37.0,37.86,62.44,9.626,0.944,62.027,719.931
165,0,0.0,37.86,0.0,0.255,1.0,35.079,13.346
166,0,0.0,37.86,0.0,0.255,1.0,35.079,13.346
167,13,28.14,37.86,25.46,6.008,0.456,25.654,188.073
168,0,0.0,37.86,0.0,0.255,1.0,35.079,13.346
169,0,0.0,37.86,0.0,0.255,1.0,35.079,13.346
170,1,37.43,37.86,14.49,0.923,0.724,18.345,25.27
171,0,0.0,37.86,0.0,0.255,1.0,35.079,13.346
172,0,0.0,37.86,0.0,0.255,1.0,35.079,13.346
173,0,0.0,37.86,0.0,0.255,1.0,35.079,13.346
174,0,0.0,37.86,0.0,0.255,1.0,35.079,13.346
175,0,0.0,37.86,0.0,0.255,1.0,35.079,13.346
176,0,0.0,37.71,0.0,0.256,1.0,35.079,13.38
177,0,0.0,37.71,0.0,0.256,1.0,35.079,13.38
178,6,32.86,37.71,35.18,5.357,0.855,35.306,231.443
179,8,36.14,37.71,49.25,7.623,0.924,49.03,452.314
180,0,0.0,37.71,0.0,0.256,1.0,35.079,13.38
181,0,0.0,37.71,0.0,0.256,1.0,35.079,13.38
182,0,0.0,37.71,0.0,0.256,1.0,35.079,13.38
183,1,5.0,37.71,15.76,0.373,0.292,19.419,10.64
184,0,0.0,37.71,0.0,0.256,1.0,35.079,13.38
185,4,36.14,37.71,33.91,3.767,0.881,34.151,158.883
186,0,0.0,37.71,0.0,0.256,1.0,35.079,13.38
187,2,7.86,37.71,11.87,0.517,0.227,14.178,10.493
188,3,21.14,37.71,37.99,1.866,0.569,38.072,87.794
189,3,6.0,37.71,28.46,0.219,0.067,29.09,8.029
190,0,0.0,37.71,0.0,0.256,1.0,35.079,13.38
191,0,0.0,37.71,0.0,0.256,1.0,35.079,13.38
192,0,0.0,37.71,0.0,0.256,1.0,35.079,13.38
193,0,0.0,37.71,0.0,0.256,1.0,35.079,13.38
194,0,0.0,37.71,0.0,0.256,1.0,35.079,13.38
195,6,27.0,37.71,28.77,4.197,0.67,29.085,150.434
196,0,0.0,37.71,0.0,0.256,1.0,35.079,13.38
197,1,1.57,37.71,27.13,0.243,0.19,29.031,9.426
198,0,0.0,37.71,0.0,0.256,1.0,35.079,13.38
199,0,0.0,37.71,0.0,0.256,1.0,35.079,13.38
200,2,14.29,37.57,41.48,0.989,0.432,41.308,50.602
201,0,0.0,37.57,0.0,0.257,1.0,35.079,13.412
202,2,7.0,37.57,18.88,0.459,0.201,20.601,12.666
203,2,31.0,37.57,21.87,1.742,0.761,23.341,53.502
204,0,0.0,37.57,0.0,0.257,1.0,35.079,13.412
205,0,0.0,37.57,0.0,0.257,1.0,35.079,13.412
206,1,18.0,37.57,14.96,0.704,0.549,18.742,19.553
207,0,0.0,37.57,0.0,0.257,1.0,35.079,13.412
208,1,0.29,37.57,34.27,0.191,0.149,35.067,8.621
209,0,0.0,37.57,0.0,0.257,1.0,35.079,13.412
210,0,0.0,37.57,0.0,0.257,1.0,35.079,13.412
211,7,17.86,37.57,71.81,0.943,0.13,70.986,80.476
212,0,0.0,37.57,0.0,0.257,1.0,35.079,13.412
213,0,0.0,37.57,0.0,0.257,1.0,35.079,13.412
214,0,0.0,37.57,0.0,0.257,1.0,35.079,13.412
215,2,29.0,37.57,14.47,1.686,0.736,16.561,38.749
216,0,0.0,37.57,0.0,0.257,1.0,35.079,13.412
217,4,24.29,37.57,37.26,2.716,0.633,37.355,124.717
218,0,0.0,37.43,0.0,0.257,1.0,35.079,13.444
219,1,14.86,37.43,14.99,0.647,0.503,18.768,17.983
220,1,27.43,37.43,21.74,0.841,0.654,24.474,28.511
221,0,0.0,37.43,0.0,0.257,1.0,35.079,13.444
222,0,0.0,37.43,0.0,0.257,1.0,35.079,13.444
223,0,0.0,37.43,0.0,0.257,1.0,35.079,13.444
224,0,0.0,37.43,0.0,0.257,1.0,35.079,13.444
225,0,0.0,37.43,0.0,0.257,1.0,35.079,13.444
226,2,11.43,37.43,20.35,0.793,0.345,21.948,23.08
227,0,0.0,37.43,0.0,0.257,1.0,35.079,13.444
228,1,2.0,37.43,13.97,0.264,0.205,17.905,7.081
229,1,1.86,37.43,9.77,0.258,0.2,14.355,5.948
230,2,33.0,37.43,28.65,1.8,0.784,29.553,67.979
231,0,0.0,37.43,0.0,0.257,1.0,35.079,13.444
232,3,36.57,37.43,22.29,2.844,0.862,23.275,84.801
233,0,0.0,37.43,0.0,0.257,1.0,35.079,13.444
234,0,0.0,37.43,0.0,0.257,1.0,35.079,13.444
235,0,0.0,37.43,0.0,0.257,1.0,35.079,13.444
236,0,0.0,37.43,0.0,0.257,1.0,35.079,13.444
237,0,0.0,37.43,0.0,0.257,1.0,35.079,13.444
238,0,0.0,37.43,0.0,0.257,1.0,35.079,13.444
239,0,0.0,37.43,0.0,0.257,1.0,35.079,13.444
240,0,0.0,37.43,0.0,0.257,1.0,35.079,13.444
241,0,0.0,37.43,0.0,0.257,1.0,35.079,13.444
242,4,31.43,37.43,24.09,3.519,0.818,24.76,109.531
243,1,8.29,37.29,55.28,0.487,0.377,52.829,31.229
244,5,5.14,37.29,194.86,0.025,0.005,189.376,5.58
245,0,0.0,37.29,0.0,0.258,1.0,35.079,13.477
246,0,0.0,37.29,0.0,0.258,1.0,35.079,13.477
247,2,24.0,37.29,36.11,1.528,0.663,36.388,69.551
248,0,0.0,37.29,0.0,0.258,1.0,35.079,13.477
249,1,1.86,37.29,30.32,0.26,0.201,31.728,10.8
250,2,20.43,37.29,26.94,1.366,0.593,27.986,49.127
251,0,0.0,37.29,0.0,0.258,1.0,35.079,13.477
252,0,0.0,37.29,0.0,0.258,1.0,35.079,13.477
253,1,32.0,37.29,16.36,0.892,0.692,19.926,25.881
254,0,0.0,37.29,0.0,0.258,1.0,35.079,13.477
255,1,0.43,37.29,11.77,0.199,0.154,16.045,4.949
256,0,0.0,37.29,0.0,0.258,1.0,35.079,13.477
257,5,16.14,37.29,32.12,1.101,0.207,32.378,43.841
258,0,0.0,37.29,0.0,0.258,1.0,35.079,13.477
259,0,0.0,37.29,0.0,0.258,1.0,35.079,13.477
260,1,5.86,37.29,38.77,0.41,0.317,38.871,20.172
261,2,28.57,37.29,52.94,1.69,0.734,51.808,106.569
262,0,0.0,37.29,0.0,0.258,1.0,35.079,13.477
263,1,36.86,37.29,64.45,0.934,0.724,60.581,67.666
264,0,0.0,37.29,0.0,0.258,1.0,35.079,13.477
265,0,0.0,37.29,0.0,0.258,1.0,35.079,13.477
266,1,0.14,37.29,11.77,0.187,0.145,16.045,4.636
267,2,35.57,37.29,21.36,1.864,0.809,22.873,56.169
268,1,5.71,37.29,90.83,0.404,0.313,82.883,38.948
269,0,0.0,37.14,0.0,0.259,1.0,35.079,13.512
270,1,2.0,37.14,79.72,0.267,0.206,73.491,23.019
271,0,0.0,37.14,0.0,0.259,1.0,35.079,13.512
272,1,3.86,37.14,41.82,0.34,0.263,41.45,17.693
273,0,0.0,37.14,0.0,0.259,1.0,35.079,13.512
274,3,24.29,37.14,20.5,2.216,0.668,21.587,61.666
275,1,34.0,37.14,25.74,0.914,0.707,27.856,34.251
276,13,30.71,37.14,17.56,9.916,0.743,17.863,217.526
277,0,0.0,37.14,0.0,0.259,1.0,35.079,13.512
278,0,0.0,37.14,0.0,0.259,1.0,35.079,13.512
279,0,0.0,37.14,0.0,0.259,1.0,35.079,13.512
280,0,0.0,37.14,0.0,0.259,1.0,35.079,13.512
281,0,0.0,37.14,0.0,0.259,1.0,35.079,13.512
282,3,19.43,37.14,87.43,1.739,0.524,84.672,175.634
283,3,32.86,37.14,19.62,2.736,0.824,20.758,73.497
284,1,3.0,37.14,36.67,0.307,0.237,37.096,14.542
285,0,0.0,37.14,0.0,0.259,1.0,35.079,13.512
286,0,0.0,37.14,0.0,0.259,1.0,35.079,13.512
287,3,31.57,37.14,33.97,2.679,0.807,34.283,113.991
288,0,0.0,37.14,0.0,0.259,1.0,35.079,13.512
289,5,36.43,37.14,36.98,4.836,0.907,37.066,219.122
290,0,0.0,37.14,0.0,0.259,1.0,35.079,13.512
291,2,35.43,37.14,65.07,1.869,0.809,62.922,141.478
292,1,0.43,37.14,20.75,0.2,0.155,23.637,6.606
293,0,0.0,37.14,0.0,0.259,1.0,35.079,13.512
294,1,0.71,37.14,18.99,0.213,0.164,22.149,6.668
295,0,0.0,37.14,0.0,0.259,1.0,35.079,13.512
296,0,0.0,37.14,0.0,0.259,1.0,35.079,13.512
297,1,15.29,37.0,76.41,0.666,0.513,70.692,55.402
298,1,1.14,37.0,12.97,0.233,0.179,17.06,6.024
299,0,0.0,37.0,0.0,0.26,1.0,35.079,13.545
300,0,0.0,37.0,0.0,0.26,1.0,35.079,13.545
301,0,0.0,37.0,0.0,0.26,1.0,35.079,13.545
302,3,34.43,37.0,20.08,2.81,0.844,21.191,76.866
303,1,36.29,37.0,31.48,0.937,0.722,32.708,39.942
304,1,17.86,37.0,69.84,0.715,0.551,65.138,55.255
305,0,0.0,37.0,0.0,0.26,1.0,35.079,13.545
306,1,3.43,37.0,14.37,0.326,0.251,18.243,8.857
307,0,0.0,37.0,0.0,0.26,1.0,35.079,13.545
308,0,0.0,37.0,0.0,0.26,1.0,35.079,13.545
309,0,0.0,37.0,0.0,0.26,1.0,35.079,13.545
310,4,4.29,37.0,48.81,0.05,0.011,48.4,2.909
311,0,0.0,37.0,0.0,0.26,1.0,35.079,13.545
312,2,34.57,37.0,25.61,1.86,0.803,26.767,64.222
313,0,0.0,37.0,0.0,0.26,1.0,35.079,13.545
314,3,27.71,37.0,93.4,2.481,0.745,90.299,266.611
315,0,0.0,37.0,0.0,0.26,1.0,35.079,13.545
316,0,0.0,37.0,0.0,0.26,1.0,35.079,13.545
317,1,19.86,37.0,29.75,0.75,0.577,31.246,30.77
318,0,0.0,37.0,0.0,0.26,1.0,35.079,13.545
319,1,16.57,37.0,48.94,0.692,0.533,47.469,40.365
320,0,0.0,37.0,0.0,0.26,1.0,35.079,13.545
321,2,32.0,37.0,60.75,1.801,0.777,58.964,128.123
322,0,0.0,36.86,0.0,0.261,1.0,35.079,13.578
323,1,8.86,36.86,41.77,0.512,0.393,41.408,26.549
324,3,2.71,36.86,15.89,0.073,0.022,17.242,1.658
325,25,27.29,36.86,37.21,1.559,0.061,37.226,69.82
326,0,0.0,36.86,0.0,0.261,1.0,35.079,13.578
327,0,0.0,36.86,0.0,0.261,1.0,35.079,13.578
328,0,0.0,36.86,0.0,0.261,1.0,35.079,13.578
329,0,0.0,36.86,0.0,0.261,1.0,35.079,13.578
330,5,22.57,36.86,59.42,2.868,0.535,58.715,202.768
331,0,0.0,36.86,0.0,0.261,1.0,35.079,13.578
332,2,14.14,36.86,10.88,1.015,0.437,13.271,19.457
333,0,0.0,36.86,0.0,0.261,1.0,35.079,13.578
334,0,0.0,36.86,0.0,0.261,1.0,35.079,13.578
335,0,0.0,36.86,0.0,0.261,1.0,35.079,13.578
336,5,36.0,36.86,45.07,4.854,0.905,44.871,264.236
337,0,0.0,36.86,0.0,0.261,1.0,35.079,13.578
338,0,0.0,36.86,0.0,0.261,1.0,35.079,13.578
339,1,22.43,36.86,9.77,0.792,0.609,14.355,18.229
340,0,0.0,36.86,0.0,0.261,1.0,35.079,13.578
341,0,0.0,36.86,0.0,0.261,1.0,35.079,13.578
342,0,0.0,36.86,0.0,0.261,1.0,35.079,13.578
343,0,0.0,36.86,0.0,0.261,1.0,35.079,13.578
344,2,22.57,36.71,15.7,1.502,0.644,17.688,36.308
345,0,0.0,36.71,0.0,0.261,1.0,35.079,13.613
346,0,0.0,36.71,0.0,0.261,1.0,35.079,13.613
347,0,0.0,36.71,0.0,0.261,1.0,35.079,13.613
348,1,22.57,36.71,4.79,0.798,0.611,10.145,14.77
349,0,0.0,36.71,0.0,0.261,1.0,35.079,13.613
350,2,22.57,36.71,79.02,1.502,0.644,75.703,135.236
351,1,9.57,36.71,12.77,0.535,0.41,16.891,13.753
352,0,0.0,36.71,0.0,0.261,1.0,35.079,13.613
353,0,0.0,36.71,0.0,0.261,1.0,35.079,13.613
354,0,0.0,36.71,0.0,0.261,1.0,35.079,13.613
355,0,0.0,36.71,0.0,0.261,1.0,35.079,13.613
356,0,0.0,36.71,0.0,0.261,1.0,35.079,13.613
357,1,2.57,36.71,242.98,0.296,0.226,211.512,68.973
358,2,23.71,36.71,36.22,1.551,0.665,36.489,70.594
359,0,0.0,36.71,0.0,0.261,1.0,35.079,13.613
360,0,0.0,36.71,0.0,0.261,1.0,35.079,13.613
361,0,0.0,36.71,0.0,0.261,1.0,35.079,13.613
362,0,0.0,36.71,0.0,0.261,1.0,35.079,13.613
363,2,10.57,36.71,9.77,0.76,0.326,12.254,13.687
364,4,28.71,36.71,41.81,3.387,0.776,41.706,172.166
365,0,0.0,36.71,0.0,0.261,1.0,35.079,13.613
366,0,0.0,36.57,0.0,0.262,1.0,35.079,13.646
367,1,11.71,36.57,176.45,0.595,0.454,155.267,103.016
368,3,17.43,36.57,26.42,1.559,0.464,27.167,53.336
369,0,0.0,36.57,0.0,0.262,1.0,35.079,13.646
370,1,14.14,36.57,24.74,0.652,0.498,27.01,23.775
371,0,0.0,36.57,0.0,0.262,1.0,35.079,13.646
372,0,0.0,36.57,0.0,0.262,1.0,35.079,13.646
373,0,0.0,36.57,0.0,0.262,1.0,35.079,13.646
374,0,0.0,36.57,0.0,0.262,1.0,35.079,13.646
375,0,0.0,36.57,0.0,0.262,1.0,35.079,13.646
376,1,5.71,36.57,13.77,0.417,0.318,17.736,11.078
377,1,10.43,36.57,13.97,0.562,0.429,17.905,15.035
378,1,22.0,36.57,16.7,0.794,0.606,20.213,23.192
379,0,0.0,36.57,0.0,0.262,1.0,35.079,13.646
380,0,0.0,36.57,0.0,0.262,1.0,35.079,13.646
381,0,0.0,36.57,0.0,0.262,1.0,35.079,13.646
382,11,36.43,36.57,37.11,10.98,0.956,37.148,492.582
383,0,0.0,36.57,0.0,0.262,1.0,35.079,13.646
384,0,0.0,36.57,0.0,0.262,1.0,35.079,13.646
385,4,31.14,36.57,22.86,3.615,0.826,23.584,107.176
386,0,0.0,36.57,0.0,0.262,1.0,35.079,13.646
387,0,0.0,36.57,0.0,0.262,1.0,35.079,13.646
388,1,15.29,36.43,100.59,0.68,0.518,91.134,71.204
389,2,10.14,36.43,22.08,0.739,0.315,23.533,22.744
390,0,0.0,36.43,0.0,0.263,1.0,35.079,13.68
391,0,0.0,36.43,0.0,0.263,1.0,35.079,13.68
392,0,0.0,36.43,0.0,0.263,1.0,35.079,13.68
393,0,0.0,36.43,0.0,0.263,1.0,35.079,13.68
394,1,25.86,36.43,189.64,0.849,0.647,166.418,157.061
395,1,4.43,36.43,23.54,0.373,0.284,25.996,13.18
396,0,0.0,36.43,0.0,0.263,1.0,35.079,13.68
397,3,21.29,36.43,14.37,2.013,0.597,15.81,42.392
398,1,8.0,36.43,29.99,0.495,0.377,31.449,20.364
399,0,0.0,36.43,0.0,0.263,1.0,35.079,13.68
400,0,0.0,36.43,0.0,0.263,1.0,35.079,13.68
401,2,21.86,36.43,18.14,1.486,0.634,19.923,39.665
402,0,0.0,36.43,0.0,0.263,1.0,35.079,13.68
403,8,31.14,36.43,44.8,7.125,0.842,44.68,383.91
404,1,6.14,36.43,15.38,0.434,0.33,19.097,12.161
405,0,0.0,36.43,0.0,0.263,1.0,35.079,13.68
406,2,15.86,36.43,34.22,1.153,0.492,34.656,50.051
407,1,31.86,36.43,14.96,0.914,0.696,18.742,25.274
408,0,0.0,36.43,0.0,0.263,1.0,35.079,13.68
409,0,0.0,36.43,0.0,0.263,1.0,35.079,13.68
410,1,21.71,36.43,28.34,0.793,0.604,30.054,31.471
411,0,0.0,36.43,0.0,0.263,1.0,35.079,13.68
412,2,3.43,36.43,15.36,0.242,0.103,17.376,5.751
413,0,0.0,36.43,0.0,0.263,1.0,35.079,13.68
414,0,0.0,36.43,0.0,0.263,1.0,35.079,13.68
415,3,20.86,36.29,17.89,1.983,0.587,19.127,49.345
416,0,0.0,36.29,0.0,0.264,1.0,35.079,13.714
417,0,0.0,36.29,0.0,0.264,1.0,35.079,13.714
418,0,0.0,36.29,0.0,0.264,1.0,35.079,13.714
419,0,0.0,36.29,0.0,0.264,1.0,35.079,13.714
420,0,0.0,36.29,0.0,0.264,1.0,35.079,13.714
421,0,0.0,36.29,0.0,0.264,1.0,35.079,13.714
422,2,12.43,36.29,52.47,0.921,0.392,51.377,57.394
423,2,19.71,36.29,13.37,1.388,0.59,15.553,30.146
424,0,0.0,36.29,0.0,0.264,1.0,35.079,13.714
425,0,0.0,36.29,0.0,0.264,1.0,35.079,13.714
426,0,0.0,36.29,0.0,0.264,1.0,35.079,13.714
427,1,4.43,36.29,29.33,0.375,0.285,30.891,15.205
428,2,30.0,36.29,25.05,1.791,0.762,26.254,60.627
429,0,0.0,36.29,0.0,0.264,1.0,35.079,13.714
430,0,0.0,36.29,0.0,0.264,1.0,35.079,13.714
431,0,0.0,36.29,0.0,0.264,1.0,35.079,13.714
432,0,0.0,36.29,0.0,0.264,1.0,35.079,13.714
433,0,0.0,36.29,0.0,0.264,1.0,35.079,13.714
434,1,8.43,36.29,25.74,0.511,0.388,27.856,19.056
435,0,0.0,36.29,0.0,0.264,1.0,35.079,13.714
436,0,0.0,36.29,0.0,0.264,1.0,35.079,13.714
437,0,0.0,36.29,0.0,0.264,1.0,35.079,13.714
438,0,0.0,36.29,0.0,0.264,1.0,35.079,13.714
439,1,18.14,36.29,34.14,0.738,0.56,34.957,33.132
440,2,26.14,36.29,97.58,1.669,0.71,92.708,182.276
441,4,26.71,36.29,13.93,3.237,0.735,15.045,63.608
442,0,0.0,36.29,0.0,0.264,1.0,35.079,13.714
443,0,0.0,36.29,0.0,0.264,1.0,35.079,13.714
444,2,3.14,36.14,29.98,0.229,0.097,30.771,8.902
445,0,0.0,36.14,0.0,0.265,1.0,35.079,13.75
446,6,27.14,36.14,23.18,4.694,0.726,23.66,137.214
447,0,0.0,36.14,0.0,0.265,1.0,35.079,13.75
448,1,2.14,36.14,44.97,0.285,0.216,44.113,15.574
449,0,0.0,36.14,0.0,0.265,1.0,35.079,13.75
450,1,7.86,36.14,27.33,0.496,0.375,29.2,19.211
451,1,8.86,36.14,83.39,0.527,0.398,76.593,46.938
452,1,17.0,36.14,11.77,0.721,0.545,16.045,17.835
453,2,11.0,36.14,31.26,0.819,0.347,31.944,32.984
454,1,27.14,36.14,14.37,0.873,0.66,18.243,23.627
455,0,0.0,36.14,0.0,0.265,1.0,35.079,13.75
456,7,28.29,36.14,66.89,5.66,0.756,66.191,448.443
457,4,15.14,36.14,19.02,1.244,0.282,19.912,31.499
458,0,0.0,36.14,0.0,0.265,1.0,35.079,13.75
459,0,0.0,36.14,0.0,0.265,1.0,35.079,13.75
460,0,0.0,36.14,0.0,0.265,1.0,35.079,13.75
461,7,25.43,36.14,21.39,4.602,0.614,21.849,124.103
462,0,0.0,36.14,0.0,0.265,1.0,35.079,13.75
463,1,8.57,36.14,58.07,0.518,0.392,55.188,34.373
464,1,17.0,36.14,38.71,0.721,0.545,38.821,35.301
465,0,0.0,36.14,0.0,0.265,1.0,35.079,13.75
466,2,23.0,36.14,32.54,1.555,0.659,33.117,64.702
467,1,31.57,36.14,51.5,0.92,0.696,49.633,55.611
468,0,0.0,36.14,0.0,0.265,1.0,35.079,13.75
469,4,30.43,36.14,21.65,3.621,0.82,22.427,102.277
470,0,0.0,36.14,0.0,0.265,1.0,35.079,13.75
471,1,2.43,36.14,14.79,0.297,0.225,18.599,8.167
472,0,0.0,36.14,0.0,0.265,1.0,35.079,13.75
473,0,0.0,36.14,0.0,0.265,1.0,35.079,13.75
474,2,33.71,36.14,20.13,1.892,0.802,21.746,54.344
475,0,0.0,36.14,0.0,0.265,1.0,35.079,13.75
476,0,0.0,36.14,0.0,0.265,1.0,35.079,13.75
477,4,36.0,36.14,29.69,3.954,0.895,30.116,147.099
478,0,0.0,36.14,0.0,0.265,1.0,35.079,13.75
479,0,0.0,36.0,0.0,0.265,1.0,35.079,13.784
480,2,21.29,36.0,56.95,1.486,0.628,55.482,99.394
481,1,21.57,36.0,89.48,0.802,0.605,81.742,75.868
482,0,0.0,36.0,0.0,0.265,1.0,35.079,13.784
483,1,8.57,36.0,11.97,0.521,0.393,16.215,12.968
484,0,0.0,36.0,0.0,0.265,1.0,35.079,13.784
485,11,33.14,36.0,50.03,10.557,0.909,49.857,631.313
486,0,0.0,36.0,0.0,0.265,1.0,35.079,13.784
487,4,9.0,36.0,31.04,0.33,0.074,31.407,12.75
488,0,0.0,36.0,0.0,0.265,1.0,35.079,13.784
489,0,0.0,36.0,0.0,0.265,1.0,35.079,13.784
490,0,0.0,36.0,0.0,0.265,1.0,35.079,13.784
491,4,17.43,36.0,32.82,1.724,0.389,33.109,70.1
492,0,0.0,36.0,0.0,0.265,1.0,35.079,13.784
493,3,30.43,36.0,31.99,2.735,0.805,32.417,109.943
494,0,0.0,36.0,0.0,0.265,1.0,35.079,13.784
495,1,36.0,36.0,11.49,0.963,0.726,15.809,23.563
496,1,2.14,36.0,15.36,0.287,0.217,19.08,8.024
497,0,0.0,36.0,0.0,0.265,1.0,35.079,13.784
498,0,0.0,36.0,0.0,0.265,1.0,35.079,13.784
499,6,26.57,36.0,43.93,4.586,0.707,43.797,242.498
500,3,5.57,36.0,36.19,0.227,0.067,36.376,10.144
501,0,0.0,36.0,0.0,0.265,1.0,35.079,13.784
502,0,0.0,36.0,0.0,0.265,1.0,35.079,13.784
503,0,0.0,36.0,0.0,0.265,1.0,35.079,13.784
504,0,0.0,35.86,0.0,0.266,1.0,35.079,13.819
505,2,14.29,35.86,39.6,1.079,0.455,39.585,52.727
506,0,0.0,35.86,0.0,0.266,1.0,35.079,13.819
507,2,31.0,35.86,27.85,1.844,0.777,28.82,67.671
508,0,0.0,35.86,0.0,0.266,1.0,35.079,13.819
509,18,35.14,35.86,78.63,18.166,0.964,78.236,1695.694
510,0,0.0,35.86,0.0,0.266,1.0,35.079,13.819
511,1,5.29,35.86,14.96,0.414,0.311,18.742,11.419
512,0,0.0,35.86,0.0,0.266,1.0,35.079,13.819
513,1,7.86,35.86,37.65,0.502,0.377,37.925,24.057
514,0,0.0,35.86,0.0,0.266,1.0,35.079,13.819
515,0,0.0,35.86,0.0,0.266,1.0,35.079,13.819
516,0,0.0,35.86,0.0,0.266,1.0,35.079,13.819
517,5,29.57,35.86,27.39,4.457,0.814,27.815,152.62
518,0,0.0,35.86,0.0,0.266,1.0,35.079,13.819
519,1,35.86,35.86,41.47,0.966,0.726,41.154,49.626
520,0,0.0,35.86,0.0,0.266,1.0,35.079,13.819
521,6,34.86,35.86,18.67,5.955,0.916,19.284,143.276
522,0,0.0,35.86,0.0,0.266,1.0,35.079,13.819
523,2,11.14,35.86,17.62,0.843,0.355,19.447,21.994
524,0,0.0,35.86,0.0,0.266,1.0,35.079,13.819
525,0,0.0,35.86,0.0,0.266,1.0,35.079,13.819
526,2,22.71,35.86,96.09,1.56,0.658,91.343,167.607
527,0,0.0,35.86,0.0,0.266,1.0,35.079,13.819
528,1,29.86,35.86,27.77,0.91,0.685,29.572,35.58
529,1,20.86,35.71,38.92,0.799,0.599,38.998,39.208
530,0,0.0,35.71,0.0,0.267,1.0,35.079,13.856
531,0,0.0,35.71,0.0,0.267,1.0,35.079,13.856
532,1,12.86,35.71,12.49,0.643,0.482,16.654,16.296
533,0,0.0,35.71,0.0,0.267,1.0,35.079,13.856
534,1,4.57,35.71,44.88,0.39,0.292,44.037,21.212
535,2,29.43,35.71,77.42,1.811,0.761,74.237,159.4
536,0,0.0,35.71,0.0,0.267,1.0,35.079,13.856
537,0,0.0,35.71,0.0,0.267,1.0,35.079,13.856
538,0,0.0,35.71,0.0,0.267,1.0,35.079,13.856
539,1,0.14,35.71,6.79,0.201,0.151,11.835,4.062
540,0,0.0,35.71,0.0,0.267,1.0,35.079,13.856
541,2,31.71,35.71,33.72,1.872,0.786,34.198,80.014
542,0,0.0,35.71,0.0,0.267,1.0,35.079,13.856
543,2,22.43,35.71,135.96,1.557,0.654,127.873,231.49
544,0,0.0,35.71,0.0,0.267,1.0,35.079,13.856
545,0,0.0,35.71,0.0,0.267,1.0,35.079,13.856
546,0,0.0,35.71,0.0,0.267,1.0,35.079,13.856
547,0,0.0,35.71,0.0,0.267,1.0,35.079,13.856
548,1,22.0,35.71,71.45,0.816,0.612,66.499,63.91
549,10,33.57,35.71,38.76,9.824,0.922,38.772,458.37
550,0,0.0,35.71,0.0,0.267,1.0,35.079,13.856
551,1,6.71,35.71,30.97,0.467,0.35,32.277,19.578
552,3,3.43,35.71,41.46,0.111,0.032,41.343,5.578
553,3,23.71,35.71,58.67,2.318,0.678,57.564,160.299
554,0,0.0,35.71,0.0,0.267,1.0,35.079,13.856
555,2,32.43,35.71,31.97,1.889,0.794,32.595,77.335
556,0,0.0,35.71,0.0,0.267,1.0,35.079,13.856
557,0,0.0,35.71,0.0,0.267,1.0,35.079,13.856
558,12,23.86,35.57,26.74,3.342,0.262,26.93,108.795
559,0,0.0,35.57,0.0,0.268,1.0,35.079,13.89
560,1,7.57,35.57,30.32,0.498,0.372,31.728,20.589
561,2,29.0,35.57,46.35,1.807,0.757,45.77,100.839
562,2,34.43,35.57,24.99,1.942,0.814,26.199,65.426
563,0,0.0,35.57,0.0,0.268,1.0,35.079,13.89
564,0,0.0,35.57,0.0,0.268,1.0,35.079,13.89
565,0,0.0,35.57,0.0,0.268,1.0,35.079,13.89
566,0,0.0,35.57,0.0,0.268,1.0,35.079,13.89
567,5,33.43,35.57,20.81,4.895,0.889,21.467,131.102
568,0,0.0,35.57,0.0,0.268,1.0,35.079,13.89
569,0,0.0,35.57,0.0,0.268,1.0,35.079,13.89
570,2,24.86,35.57,14.31,1.667,0.698,16.414,37.719
571,0,0.0,35.57,0.0,0.268,1.0,35.079,13.89
572,5,8.71,35.57,50.67,0.165,0.03,50.273,10.002
573,0,0.0,35.57,0.0,0.268,1.0,35.079,13.89
574,1,26.71,35.57,27.31,0.883,0.66,29.183,34.119
575,1,5.43,35.57,13.97,0.424,0.317,17.905,11.312
576,0,0.0,35.57,0.0,0.268,1.0,35.079,13.89
577,1,7.29,35.57,59.25,0.489,0.366,56.185,32.905
578,0,0.0,35.57,0.0,0.268,1.0,35.079,13.89
579,0,0.0,35.57,0.0,0.268,1.0,35.079,13.89
580,0,0.0,35.57,0.0,0.268,1.0,35.079,13.89
581,0,0.0,35.57,0.0,0.268,1.0,35.079,13.89
582,0,0.0,35.57,0.0,0.268,1.0,35.079,13.89
583,0,0.0,35.57,0.0,0.268,1.0,35.079,13.89
584,1,35.43,35.43,45.98,0.975,0.726,44.967,53.936
585,2,21.57,35.43,44.0,1.535,0.641,43.617,81.867
586,0,0.0,35.43,0.0,0.269,1.0,35.079,13.925
587,0,0.0,35.43,0.0,0.269,1.0,35.079,13.925
588,0,0.0,35.43,0.0,0.269,1.0,35.079,13.925
589,0,0.0,35.43,0.0,0.269,1.0,35.079,13.925
590,0,0.0,35.43,0.0,0.269,1.0,35.079,13.925
591,0,0.0,35.43,0.0,0.269,1.0,35.079,13.925
592,1,29.0,35.43,15.36,0.913,0.681,19.08,25.472
593,7,17.14,35.43,42.49,1.112,0.146,42.412,56.772
594,0,0.0,35.43,0.0,0.269,1.0,35.079,13.925
595,0,0.0,35.43,0.0,0.269,1.0,35.079,13.925
596,2,32.71,35.43,41.12,1.913,0.799,40.978,96.338
597,0,0.0,35.43,0.0,0.269,1.0,35.079,13.925
598,0,0.0,35.43,0.0,0.269,1.0,35.079,13.925
599,2,25.86,35.43,8.38,1.713,0.716,10.981,28.227
600,0,0.0,35.43,0.0,0.269,1.0,35.079,13.925
601,4,21.43,35.43,31.97,2.6,0.58,32.296,103.039
602,0,0.0,35.43,0.0,0.269,1.0,35.079,13.925
603,0,0.0,35.43,0.0,0.269,1.0,35.079,13.925
604,3,30.0,35.43,14.7,2.771,0.806,16.121,59.117
605,0,0.0,35.43,0.0,0.269,1.0,35.079,13.925
606,1,31.29,35.43,14.37,0.937,0.698,18.243,25.3
607,0,0.0,35.43,0.0,0.269,1.0,35.079,13.925
608,2,13.57,35.43,21.37,1.051,0.439,22.883,31.44
609,2,22.0,35.43,37.08,1.555,0.65,37.277,71.807
610,0,0.0,35.43,0.0,0.269,1.0,35.079,13.925
611,1,10.29,35.29,163.61,0.586,0.436,144.412,94.242
612,1,20.86,35.29,11.77,0.81,0.602,16.045,19.98
613,2,33.57,35.29,11.63,1.941,0.808,13.959,38.488
614,0,0.0,35.29,0.0,0.27,1.0,35.079,13.961
615,0,0.0,35.29,0.0,0.27,1.0,35.079,13.961
616,0,0.0,35.29,0.0,0.27,1.0,35.079,13.961
617,0,0.0,35.29,0.0,0.27,1.0,35.079,13.961
618,2,3.86,35.29,21.75,0.291,0.121,23.231,8.824
619,0,0.0,35.29,0.0,0.27,1.0,35.079,13.961
620,0,0.0,35.29,0.0,0.27,1.0,35.079,13.961
621,1,7.86,35.29,19.99,0.513,0.381,22.995,16.438
622,0,0.0,35.29,0.0,0.27,1.0,35.079,13.961
623,1,23.86,35.29,13.97,0.855,0.635,17.905,22.755
624,0,0.0,35.29,0.0,0.27,1.0,35.079,13.961
625,3,11.14,35.29,32.02,0.834,0.242,32.445,33.459
626,0,0.0,35.29,0.0,0.27,1.0,35.079,13.961
627,0,0.0,35.29,0.0,0.27,1.0,35.079,13.961
628,0,0.0,35.29,0.0,0.27,1.0,35.079,13.961
629,0,0.0,35.29,0.0,0.27,1.0,35.079,13.961
630,1,34.29,35.29,18.98,0.969,0.72,22.141,30.148
631,0,0.0,35.29,0.0,0.27,1.0,35.079,13.961
632,0,0.0,35.29,0.0,0.27,1.0,35.079,13.961
633,1,2.71,35.29,75.2,0.321,0.239,69.67,26.176
634,0,0.0,35.29,0.0,0.27,1.0,35.079,13.961
635,0,0.0,35.29,0.0,0.27,1.0,35.079,13.961
636,0,0.0,35.29,0.0,0.27,1.0,35.079,13.961
637,0,0.0,35.14,0.0,0.27,1.0,35.079,13.998
638,0,0.0,35.14,0.0,0.27,1.0,35.079,13.998
639,0,0.0,35.14,0.0,0.27,1.0,35.079,13.998
640,0,0.0,35.14,0.0,0.27,1.0,35.079,13.998
641,3,26.71,35.14,40.04,2.609,0.754,40.005,127.28
642,0,0.0,35.14,0.0,0.27,1.0,35.079,13.998
643,4,28.43,35.14,15.26,3.597,0.798,16.316,75.653
644,0,0.0,35.14,0.0,0.27,1.0,35.079,13.998
645,0,0.0,35.14,0.0,0.27,1.0,35.079,13.998
646,0,0.0,35.14,0.0,0.27,1.0,35.079,13.998
647,0,0.0,35.14,0.0,0.27,1.0,35.079,13.998
648,2,11.57,35.14,11.98,0.913,0.379,14.279,18.422
649,1,8.57,35.14,15.36,0.539,0.399,19.08,15.012
650,1,6.43,35.14,29.33,0.468,0.347,30.891,18.905
651,0,0.0,35.14,0.0,0.27,1.0,35.079,13.998
652,0,0.0,35.14,0.0,0.27,1.0,35.079,13.998
653,0,0.0,35.14,0.0,0.27,1.0,35.079,13.998
654,0,0.0,35.14,0.0,0.27,1.0,35.079,13.998
655,5,31.14,35.14,29.39,4.775,0.859,29.744,173.769
656,1,5.86,35.14,11.77,0.448,0.332,16.045,11.038
657,0,0.0,35.14,0.0,0.27,1.0,35.079,13.998
658,0,0.0,35.14,0.0,0.27,1.0,35.079,13.998
659,1,7.14,35.14,26.73,0.493,0.365,28.693,18.743
660,2,8.29,35.14,24.08,0.644,0.267,25.366,21.034
661,1,33.71,35.14,12.99,0.968,0.717,17.077,24.913
662,0,0.0,35.14,0.0,0.27,1.0,35.079,13.998
663,0,0.0,35.14,0.0,0.27,1.0,35.079,13.998
664,0,0.0,35.14,0.0,0.27,1.0,35.079,13.998
665,0,0.0,35.14,0.0,0.27,1.0,35.079,13.998
666,1,20.86,35.0,52.47,0.819,0.604,50.453,49.972
667,0,0.0,35.0,0.0,0.271,1.0,35.079,14.034
668,8,33.57,35.0,29.48,8.065,0.925,29.702,290.016
669,1,4.43,35.0,54.71,0.397,0.293,52.347,25.003
670,0,0.0,35.0,0.0,0.271,1.0,35.079,14.034
671,6,29.29,35.0,36.53,5.476,0.827,36.616,242.329
672,1,8.14,35.0,34.11,0.529,0.39,34.932,23.582
673,2,3.86,35.0,20.15,0.297,0.123,21.765,8.506
674,0,0.0,35.0,0.0,0.271,1.0,35.079,14.034
675,3,25.29,35.0,70.45,2.524,0.727,68.668,206.194
676,6,23.0,35.0,79.33,3.761,0.568,78.15,349.255
677,0,0.0,35.0,0.0,0.271,1.0,35.079,14.034
678,1,20.43,35.0,14.96,0.812,0.599,18.742,22.3
679,0,0.0,35.0,0.0,0.271,1.0,35.079,14.034
680,2,16.29,35.0,28.64,1.265,0.524,29.544,47.291
681,5,25.14,35.0,17.25,3.915,0.702,18.032,88.906
682,0,0.0,35.0,0.0,0.271,1.0,35.079,14.034
683,1,28.0,35.0,10.77,0.915,0.676,15.2,21.705
684,0,0.0,35.0,0.0,0.271,1.0,35.079,14.034
685,0,0.0,35.0,0.0,0.271,1.0,35.079,14.034
686,0,0.0,35.0,0.0,0.271,1.0,35.079,14.034
687,0,0.0,35.0,0.0,0.271,1.0,35.079,14.034
688,0,0.0,35.0,0.0,0.271,1.0,35.079,14.034
689,0,0.0,35.0,0.0,0.271,1.0,35.079,14.034
690,1,18.86,35.0,29.92,0.785,0.58,31.39,32.081
691,1,6.0,35.0,21.54,0.456,0.337,24.305,15.209
692,0,0.0,35.0,0.0,0.271,1.0,35.079,14.034
693,13,34.43,35.0,42.44,13.352,0.957,42.398,677.005
694,0,0.0,35.0,0.0,0.271,1.0,35.079,14.034
695,0,0.0,35.0,0.0,0.271,1.0,35.079,14.034
696,1,3.57,35.0,24.99,0.362,0.267,27.222,13.189
697,3,25.86,34.86,20.08,2.581,0.741,21.191,69.966
698,0,0.0,34.86,0.0,0.272,1.0,35.079,14.07
699,5,14.43,34.86,17.22,1.034,0.185,18.003,23.435
700,0,0.0,34.86,0.0,0.272,1.0,35.079,14.07
701,2,17.43,34.86,20.55,1.346,0.556,22.131,39.043
702,1,22.86,34.86,128.89,0.853,0.628,115.059,110.337
703,0,0.0,34.86,0.0,0.272,1.0,35.079,14.07
704,0,0.0,34.86,0.0,0.272,1.0,35.079,14.07
705,1,11.14,34.86,11.78,0.62,0.456,16.054,15.257
706,0,0.0,34.86,0.0,0.272,1.0,35.079,14.07
707,1,4.0,34.86,37.75,0.382,0.281,38.009,18.264
708,1,0.57,34.86,29.58,0.23,0.169,31.102,9.319
709,0,0.0,34.86,0.0,0.272,1.0,35.079,14.07
710,0,0.0,34.86,0.0,0.272,1.0,35.079,14.07
711,0,0.0,34.86,0.0,0.272,1.0,35.079,14.07
712,4,30.57,34.86,22.54,3.818,0.841,23.278,111.011
713,6,33.57,34.86,16.31,6.055,0.911,16.994,128.839
714,1,1.71,34.86,14.37,0.283,0.208,18.243,7.624
715,2,9.71,34.86,50.27,0.775,0.32,49.362,46.235
716,0,0.0,34.86,0.0,0.272,1.0,35.079,14.07
717,0,0.0,34.86,0.0,0.272,1.0,35.079,14.07
718,2,12.0,34.86,14.47,0.962,0.397,16.561,21.859
719,0,0.0,34.86,0.0,0.272,1.0,35.079,14.07
720,7,34.86,34.86,14.6,7.204,0.936,15.232,137.336
721,0,0.0,34.86,0.0,0.272,1.0,35.079,14.07
722,0,0.0,34.86,0.0,0.272,1.0,35.079,14.07
723,0,0.0,34.86,0.0,0.272,1.0,35.079,14.07
724,0,0.0,34.86,0.0,0.272,1.0,35.079,14.07
725,0,0.0,34.86,0.0,0.272,1.0,35.079,14.07
726,3,20.29,34.86,48.17,2.079,0.597,47.668,119.589
727,0,0.0,34.86,0.0,0.272,1.0,35.079,14.07
728,5,17.0,34.86,62.48,1.718,0.307,61.667,126.383
729,0,0.0,34.86,0.0,0.272,1.0,35.079,14.07
730,2,10.57,34.71,11.77,0.854,0.351,14.087,17.007
731,1,4.57,34.71,18.76,0.407,0.299,21.955,12.557
732,3,33.71,34.71,37.47,3.003,0.86,37.582,137.862
733,0,0.0,34.71,0.0,0.273,1.0,35.079,14.108
734,0,0.0,34.71,0.0,0.273,1.0,35.079,14.108
735,0,0.0,34.71,0.0,0.273,1.0,35.079,14.108
736,0,0.0,34.71,0.0,0.273,1.0,35.079,14.108
737,0,0.0,34.71,0.0,0.273,1.0,35.079,14.108
738,0,0.0,34.71,0.0,0.273,1.0,35.079,14.108
739,1,13.29,34.71,12.49,0.678,0.498,16.654,17.113
740,0,0.0,34.71,0.0,0.273,1.0,35.079,14.108
741,1,24.86,34.71,14.96,0.885,0.649,18.742,24.281
742,0,0.0,34.71,0.0,0.273,1.0,35.079,14.108
743,0,0.0,34.71,0.0,0.273,1.0,35.079,14.108
744,0,0.0,34.71,0.0,0.273,1.0,35.079,14.108
745,2,14.43,34.71,16.83,1.155,0.475,18.723,29.041
746,0,0.0,34.71,0.0,0.273,1.0,35.079,14.108
747,1,12.57,34.71,70.13,0.661,0.485,65.383,50.709
748,0,0.0,34.71,0.0,0.273,1.0,35.079,14.108
749,0,0.0,34.71,0.0,0.273,1.0,35.079,14.108
750,1,7.14,34.71,6.79,0.502,0.368,11.835,10.104
751,10,29.29,34.71,62.26,8.902,0.818,61.85,655.262
752,0,0.0,34.71,0.0,0.273,1.0,35.079,14.108
753,0,0.0,34.71,0.0,0.273,1.0,35.079,14.108
754,0,0.0,34.71,0.0,0.273,1.0,35.079,14.108
755,0,0.0,34.71,0.0,0.273,1.0,35.079,14.108
756,3,16.43,34.71,13.3,1.62,0.464,14.801,31.994
757,3,17.14,34.71,20.68,1.714,0.491,21.757,47.556
758,0,0.0,34.71,0.0,0.273,1.0,35.079,14.108
759,0,0.0,34.71,0.0,0.273,1.0,35.079,14.108
760,2,9.14,34.57,66.94,0.74,0.303,64.635,56.822
761,5,34.57,34.57,89.61,5.143,0.914,87.839,534.545
762,4,23.14,34.57,18.04,3.038,0.665,18.975,73.086
763,0,0.0,34.57,0.0,0.274,1.0,35.079,14.144
764,0,0.0,34.57,0.0,0.274,1.0,35.079,14.144
765,0,0.0,34.57,0.0,0.274,1.0,35.079,14.144
766,0,0.0,34.57,0.0,0.274,1.0,35.079,14.144
767,0,0.0,34.57,0.0,0.274,1.0,35.079,14.144
768,0,0.0,34.57,0.0,0.274,1.0,35.079,14.144
769,0,0.0,34.57,0.0,0.274,1.0,35.079,14.144
770,1,3.71,34.57,27.94,0.375,0.274,29.716,14.622
771,0,0.0,34.57,0.0,0.274,1.0,35.079,14.144
772,0,0.0,34.57,0.0,0.274,1.0,35.079,14.144
773,0,0.0,34.57,0.0,0.274,1.0,35.079,14.144
774,0,0.0,34.57,0.0,0.274,1.0,35.079,14.144
775,1,16.0,34.57,15.36,0.742,0.543,19.08,20.619
776,1,0.29,34.57,24.98,0.22,0.161,27.213,7.986
777,3,9.29,34.57,12.19,0.642,0.183,13.755,11.904
778,1,8.71,34.57,28.34,0.556,0.407,30.054,21.898
779,0,0.0,34.57,0.0,0.274,1.0,35.079,14.144
780,0,0.0,34.57,0.0,0.274,1.0,35.079,14.144
781,0,0.0,34.57,0.0,0.274,1.0,35.079,14.144
782,0,0.0,34.43,0.0,0.275,1.0,35.079,14.181
783,6,32.86,34.43,47.02,6.084,0.907,46.795,340.85
784,2,25.57,34.43,37.12,1.768,0.723,37.313,81.368
785,0,0.0,34.43,0.0,0.275,1.0,35.079,14.181
786,0,0.0,34.43,0.0,0.275,1.0,35.079,14.181
787,0,0.0,34.43,0.0,0.275,1.0,35.079,14.181
788,0,0.0,34.43,0.0,0.275,1.0,35.079,14.181
789,0,0.0,34.43,0.0,0.275,1.0,35.079,14.181
790,0,0.0,34.43,0.0,0.275,1.0,35.079,14.181
791,0,0.0,34.43,0.0,0.275,1.0,35.079,14.181
792,0,0.0,34.43,0.0,0.275,1.0,35.079,14.181
793,1,2.14,34.43,50.3,0.309,0.225,48.619,18.195
794,6,30.86,34.43,13.48,5.861,0.874,14.247,105.689
795,0,0.0,34.43,0.0,0.275,1.0,35.079,14.181
796,1,5.86,34.43,32.37,0.462,0.337,33.461,19.841
797,0,0.0,34.43,0.0,0.275,1.0,35.079,14.181
798,2,8.14,34.43,127.32,0.66,0.27,119.957,91.752
799,0,0.0,34.43,0.0,0.275,1.0,35.079,14.181
800,0,0.0,34.43,0.0,0.275,1.0,35.079,14.181
801,7,33.71,34.43,124.61,7.204,0.928,122.441,1040.792
802,0,0.0,34.43,0.0,0.275,1.0,35.079,14.181
803,0,0.0,34.43,0.0,0.275,1.0,35.079,14.181
804,0,0.0,34.43,0.0,0.275,1.0,35.079,14.181
805,2,20.71,34.43,32.42,1.558,0.637,33.007,64.146
806,0,0.0,34.43,0.0,0.275,1.0,35.079,14.181
807,0,0.0,34.43,0.0,0.275,1.0,35.079,14.181
808,0,0.0,34.43,0.0,0.275,1.0,35.079,14.181
809,0,0.0,34.43,0.0,0.275,1.0,35.079,14.181
810,2,12.71,34.43,46.79,1.042,0.426,46.173,58.332
811,0,0.0,34.29,0.0,0.276,1.0,35.079,14.217
812,1,7.29,34.29,19.99,0.516,0.375,22.995,16.445
813,13,33.86,34.29,28.62,13.582,0.958,28.77,468.707
814,7,5.57,34.29,27.36,0.006,0.001,27.667,0.209
815,0,0.0,34.29,0.0,0.276,1.0,35.079,14.217
816,0,0.0,34.29,0.0,0.276,1.0,35.079,14.217
817,3,32.0,34.29,39.73,2.98,0.845,39.713,143.832
818,0,0.0,34.29,0.0,0.276,1.0,35.079,14.217
819,1,22.14,34.29,11.77,0.859,0.624,16.045,21.078
820,0,0.0,34.29,0.0,0.276,1.0,35.079,14.217
821,1,4.71,34.29,66.63,0.42,0.306,62.424,30.901
822,1,19.71,34.29,14.96,0.82,0.596,18.742,22.454
823,2,0.86,34.29,42.2,0.124,0.05,41.968,6.346
824,0,0.0,34.29,0.0,0.276,1.0,35.079,14.217
825,0,0.0,34.29,0.0,0.276,1.0,35.079,14.217
826,0,0.0,34.29,0.0,0.276,1.0,35.079,14.217
827,1,8.29,34.29,13.97,0.549,0.399,17.905,14.556
828,0,0.0,34.29,0.0,0.276,1.0,35.079,14.217
829,0,0.0,34.29,0.0,0.276,1.0,35.079,14.217
830,1,21.14,34.29,44.28,0.843,0.613,43.53,45.16
831,1,23.86,34.29,21.75,0.884,0.642,24.483,29.559
832,0,0.0,34.29,0.0,0.276,1.0,35.079,14.217
833,0,0.0,34.29,0.0,0.276,1.0,35.079,14.217
834,0,0.0,34.29,0.0,0.276,1.0,35.079,14.217
835,0,0.0,34.29,0.0,0.276,1.0,35.079,14.217
836,2,31.0,34.29,12.25,1.944,0.792,14.527,39.627
837,1,0.57,34.29,12.97,0.236,0.172,17.06,6.053
838,0,0.0,34.29,0.0,0.276,1.0,35.079,14.217
839,0,0.0,34.29,0.0,0.276,1.0,35.079,14.217
840,1,26.71,34.29,15.96,0.921,0.669,19.588,26.041
841,19,34.0,34.14,29.49,20.061,0.973,29.585,708.52
842,2,21.0,34.14,103.88,1.592,0.647,98.481,182.53
843,2,28.0,34.14,38.45,1.87,0.76,38.532,88.494
844,0,0.0,34.14,0.0,0.277,1.0,35.079,14.257
845,2,21.0,34.14,109.63,1.592,0.647,103.749,191.95
846,2,14.0,34.14,68.85,1.158,0.47,66.385,91.033
847,0,0.0,34.14,0.0,0.277,1.0,35.079,14.257
848,0,0.0,34.14,0.0,0.277,1.0,35.079,14.257
849,0,0.0,34.14,0.0,0.277,1.0,35.079,14.257
850,1,6.57,34.14,58.14,0.494,0.358,55.247,32.531
851,0,0.0,34.14,0.0,0.277,1.0,35.079,14.257
852,0,0.0,34.14,0.0,0.277,1.0,35.079,14.257
853,0,0.0,34.14,0.0,0.277,1.0,35.079,14.257
854,1,0.43,34.14,16.76,0.231,0.167,20.264,6.698
855,0,0.0,34.14,0.0,0.277,1.0,35.079,14.257
856,1,10.57,34.14,13.97,0.622,0.451,17.905,16.47
857,0,0.0,34.14,0.0,0.277,1.0,35.079,14.257
858,1,1.43,34.14,29.98,0.28,0.203,31.44,11.4
859,0,0.0,34.14,0.0,0.277,1.0,35.079,14.257
860,0,0.0,34.14,0.0,0.277,1.0,35.079,14.257
861,2,18.29,34.14,12.97,1.445,0.587,15.186,30.497
862,0,0.0,34.14,0.0,0.277,1.0,35.079,14.257
863,0,0.0,34.14,0.0,0.277,1.0,35.079,14.257
864,0,0.0,34.14,0.0,0.277,1.0,35.079,14.257
865,1,14.86,34.14,43.09,0.729,0.529,42.524,38.266
866,0,0.0,34.14,0.0,0.277,1.0,35.079,14.257
867,7,31.43,34.14,23.64,7.006,0.897,24.042,205.264
868,0,0.0,34.14,0.0,0.277,1.0,35.079,14.257
869,0,0.0,34.14,0.0,0.277,1.0,35.079,14.257
870,0,0.0,34.14,0.0,0.277,1.0,35.079,14.257
871,0,0.0,34.14,0.0,0.277,1.0,35.079,14.257
872,0,0.0,34.14,0.0,0.277,1.0,35.079,14.257
873,1,0.14,34.14,9.77,0.217,0.157,14.355,4.93
874,0,0.0,34.14,0.0,0.277,1.0,35.079,14.257
875,0,0.0,34.14,0.0,0.277,1.0,35.079,14.257
876,1,27.71,34.14,46.5,0.937,0.679,45.406,52.01
877,1,16.57,34.0,26.75,0.77,0.556,28.71,29.139
878,0,0.0,34.0,0.0,0.277,1.0,35.079,14.294
879,0,0.0,34.0,0.0,0.277,1.0,35.079,14.294
880,2,8.71,34.0,15.46,0.729,0.295,17.468,17.241
881,0,0.0,34.0,0.0,0.277,1.0,35.079,14.294
882,1,9.86,34.0,10.77,0.605,0.437,15.2,14.282
883,1,15.29,34.0,29.92,0.743,0.537,31.39,30.221
884,0,0.0,34.0,0.0,0.277,1.0,35.079,14.294
885,0,0.0,34.0,0.0,0.277,1.0,35.079,14.294
886,4,28.14,34.0,60.85,3.749,0.811,59.913,267.264
887,0,0.0,34.0,0.0,0.277,1.0,35.079,14.294
888,0,0.0,34.0,0.0,0.277,1.0,35.079,14.294
889,1,13.71,34.0,51.6,0.707,0.511,49.718,42.418
890,0,0.0,34.0,0.0,0.277,1.0,35.079,14.294
891,0,0.0,34.0,0.0,0.277,1.0,35.079,14.294
892,0,0.0,34.0,0.0,0.277,1.0,35.079,14.294
893,1,23.86,34.0,45.4,0.892,0.645,44.476,48.618
894,0,0.0,34.0,0.0,0.277,1.0,35.079,14.294
895,0,0.0,34.0,0.0,0.277,1.0,35.079,14.294
896,0,0.0,34.0,0.0,0.277,1.0,35.079,14.294
897,5,14.71,34.0,9.7,1.23,0.216,10.749,17.406
898,1,10.29,34.0,14.96,0.617,0.446,18.742,16.884
899,0,0.0,34.0,0.0,0.277,1.0,35.079,14.294
900,1,24.86,34.0,54.73,0.906,0.654,52.364,56.892
901,0,0.0,34.0,0.0,0.277,1.0,35.079,14.294
902,1,9.71,34.0,53.5,0.6,0.433,51.324,37.028
903,0,0.0,34.0,0.0,0.277,1.0,35.079,14.294
904,1,2.29,34.0,35.51,0.322,0.232,36.115,14.696
905,0,0.0,34.0,0.0,0.277,1.0,35.079,14.294
906,0,0.0,34.0,0.0,0.277,1.0,35.079,14.294
907,0,0.0,34.0,0.0,0.277,1.0,35.079,14.294
908,7,26.0,34.0,26.42,5.723,0.73,26.751,185.691
909,2,20.14,34.0,28.04,1.557,0.631,28.994,56.99
910,1,12.71,34.0,152.72,0.682,0.493,135.205,102.451
911,0,0.0,34.0,0.0,0.277,1.0,35.079,14.294
912,0,0.0,34.0,0.0,0.277,1.0,35.079,14.294
913,0,0.0,33.86,0.0,0.278,1.0,35.079,14.331
914,0,0.0,33.86,0.0,0.278,1.0,35.079,14.331
915,0,0.0,33.86,0.0,0.278,1.0,35.079,14.331
916,1,15.71,33.86,36.5,0.756,0.544,36.952,35.157
917,0,0.0,33.86,0.0,0.278,1.0,35.079,14.331
918,0,0.0,33.86,0.0,0.278,1.0,35.079,14.331
919,0,0.0,33.86,0.0,0.278,1.0,35.079,14.331
920,0,0.0,33.86,0.0,0.278,1.0,35.079,14.331
921,2,32.71,33.86,55.51,2.014,0.813,54.163,130.533
922,0,0.0,33.86,0.0,0.278,1.0,35.079,14.331
923,0,0.0,33.86,0.0,0.278,1.0,35.079,14.331
924,0,0.0,33.86,0.0,0.278,1.0,35.079,14.331
925,0,0.0,33.86,0.0,0.278,1.0,35.079,14.331
926,0,0.0,33.86,0.0,0.278,1.0,35.079,14.331
927,0,0.0,33.86,0.0,0.278,1.0,35.079,14.331
928,1,8.57,33.86,14.37,0.568,0.409,18.243,15.233
929,0,0.0,33.86,0.0,0.278,1.0,35.079,14.331
930,4,26.14,33.86,25.11,3.566,0.769,25.736,113.369
931,0,0.0,33.86,0.0,0.278,1.0,35.079,14.331
932,1,4.57,33.86,25.94,0.423,0.305,28.025,15.698
933,1,23.0,33.86,28.74,0.884,0.637,30.392,35.029
934,0,0.0,33.86,0.0,0.278,1.0,35.079,14.331
935,1,2.57,33.86,17.9,0.337,0.242,21.228,10.088
936,0,0.0,33.86,0.0,0.278,1.0,35.079,14.331
937,1,3.71,33.86,15.99,0.387,0.279,19.613,10.936
938,2,33.0,33.71,11.97,2.031,0.817,14.27,40.695
939,0,0.0,33.71,0.0,0.279,1.0,35.079,14.371
940,1,3.0,33.71,29.93,0.359,0.257,31.398,14.574
941,0,0.0,33.71,0.0,0.279,1.0,35.079,14.371
942,0,0.0,33.71,0.0,0.279,1.0,35.079,14.371
943,0,0.0,33.71,0.0,0.279,1.0,35.079,14.371
944,2,33.71,33.71,43.98,2.046,0.823,43.598,108.284
945,0,0.0,33.71,0.0,0.279,1.0,35.079,14.371
946,4,15.29,33.71,29.1,1.605,0.345,29.551,58.044
947,0,0.0,33.71,0.0,0.279,1.0,35.079,14.371
948,1,6.14,33.71,14.96,0.487,0.35,18.742,13.311
949,7,32.57,33.71,20.16,7.271,0.922,20.65,183.871
950,1,1.14,33.71,30.72,0.271,0.195,32.066,11.221
951,0,0.0,33.71,0.0,0.279,1.0,35.079,14.371
952,1,2.29,33.71,125.69,0.326,0.234,112.354,41.063
953,0,0.0,33.71,0.0,0.279,1.0,35.079,14.371
954,0,0.0,33.71,0.0,0.279,1.0,35.079,14.371
955,4,24.0,33.71,99.71,3.319,0.714,97.075,378.564
956,0,0.0,33.71,0.0,0.279,1.0,35.079,14.371
957,1,6.71,33.71,12.79,0.508,0.365,16.908,12.901
958,0,0.0,33.71,0.0,0.279,1.0,35.079,14.371
959,0,0.0,33.71,0.0,0.279,1.0,35.079,14.371
960,0,0.0,33.71,0.0,0.279,1.0,35.079,14.371
961,0,0.0,33.71,0.0,0.279,1.0,35.079,14.371
962,1,1.0,33.71,13.97,0.264,0.19,17.905,6.993
963,0,0.0,33.71,0.0,0.279,1.0,35.079,14.371
964,7,30.14,33.71,23.01,6.926,0.878,23.428,197.599
965,1,11.0,33.71,42.02,0.645,0.463,41.619,33.141
966,0,0.0,33.71,0.0,0.279,1.0,35.079,14.371
967,6,29.86,33.71,42.5,5.905,0.867,42.409,299.648
968,0,0.0,33.71,0.0,0.279,1.0,35.079,14.371
969,5,18.29,33.71,33.62,2.369,0.413,33.825,96.9
970,0,0.0,33.71,0.0,0.279,1.0,35.079,14.371
971,2,14.29,33.71,12.47,1.206,0.485,14.728,24.794
972,0,0.0,33.71,0.0,0.279,1.0,35.079,14.371
973,1,17.43,33.71,38.51,0.795,0.571,38.652,38.381
974,0,0.0,33.71,0.0,0.279,1.0,35.079,14.371
975,6,30.43,33.71,47.07,5.982,0.879,46.844,334.47
976,0,0.0,33.71,0.0,0.279,1.0,35.079,14.371
977,2,11.43,33.71,36.86,0.979,0.394,37.075,44.649
978,0,0.0,33.71,0.0,0.279,1.0,35.079,14.371
979,0,0.0,33.71,0.0,0.279,1.0,35.079,14.371
980,0,0.0,33.71,0.0,0.279,1.0,35.079,14.371
981,2,16.0,33.57,38.4,1.337,0.536,38.486,63.069
982,2,27.14,33.57,27.57,1.881,0.755,28.563,67.797
983,0,0.0,33.57,0.0,0.28,1.0,35.079,14.409
984,0,0.0,33.57,0.0,0.28,1.0,35.079,14.409
985,6,25.0,33.57,35.04,4.917,0.72,35.17,207.978
986,0,0.0,33.57,0.0,0.28,1.0,35.079,14.409
987,0,0.0,33.57,0.0,0.28,1.0,35.079,14.409
988,1,20.0,33.57,43.9,0.846,0.605,43.208,44.866
989,0,0.0,33.57,0.0,0.28,1.0,35.079,14.409
990,1,24.29,33.57,40.51,0.911,0.652,40.342,45.597
991,0,0.0,33.57,0.0,0.28,1.0,35.079,14.409
992,0,0.0,33.57,0.0,0.28,1.0,35.079,14.409
993,0,0.0,33.57,0.0,0.28,1.0,35.079,14.409
994,2,10.71,33.57,42.48,0.925,0.371,42.224,47.521
995,0,0.0,33.57,0.0,0.28,1.0,35.079,14.409
996,0,0.0,33.57,0.0,0.28,1.0,35.079,14.409
997,0,0.0,33.57,0.0,0.28,1.0,35.079,14.409
998,0,0.0,33.57,0.0,0.28,1.0,35.079,14.409
999,1,1.71,33.57,10.78,0.301,0.215,15.208,7.099
1000,4,24.43,33.57,16.26,3.403,0.729,17.273,74.847
1001,0,0.0,33.57,0.0,0.28,1.0,35.079,14.409
1002,0,0.0,33.57,0.0,0.28,1.0,35.079,14.409
1003,1,26.71,33.57,68.31,0.943,0.675,63.845,70.481
1004,0,0.0,33.57,0.0,0.28,1.0,35.079,14.409
1005,1,3.86,33.57,15.76,0.399,0.285,19.419,11.169
1006,0,0.0,33.57,0.0,0.28,1.0,35.079,14.409
1007,0,0.0,33.43,0.0,0.281,1.0,35.079,14.447
1008,1,1.43,33.43,20.99,0.289,0.206,23.84,9.448
1009,0,0.0,33.43,0.0,0.281,1.0,35.079,14.447
1010,5,21.14,33.43,122.93,3.325,0.577,119.984,467.645
1011,2,18.86,33.43,52.85,1.526,0.61,51.725,94.553
1012,0,0.0,33.43,0.0,0.281,1.0,35.079,14.447
1013,0,0.0,33.43,0.0,0.281,1.0,35.079,14.447
1014,0,0.0,33.43,0.0,0.281,1.0,35.079,14.447
1015,3,26.0,33.43,40.32,2.753,0.766,40.269,134.116
1016,0,0.0,33.43,0.0,0.281,1.0,35.079,14.447
1017,12,32.43,33.43,12.86,12.645,0.947,13.259,205.338
1018,1,9.14,33.43,49.48,0.597,0.425,47.926,34.587
1019,0,0.0,33.43,0.0,0.281,1.0,35.079,14.447
1020,0,0.0,33.43,0.0,0.281,1.0,35.079,14.447
1021,2,21.43,33.43,29.6,1.662,0.665,30.423,63.318
1022,0,0.0,33.43,0.0,0.281,1.0,35.079,14.447
1023,0,0.0,33.43,0.0,0.281,1.0,35.079,14.447
1024,0,0.0,33.43,0.0,0.281,1.0,35.079,14.447
1025,0,0.0,33.43,0.0,0.281,1.0,35.079,14.447
1026,0,0.0,33.43,0.0,0.281,1.0,35.079,14.447
1027,0,0.0,33.43,0.0,0.281,1.0,35.079,14.447
1028,0,0.0,33.43,0.0,0.281,1.0,35.079,14.447
1029,0,0.0,33.43,0.0,0.281,1.0,35.079,14.447
1030,0,0.0,33.43,0.0,0.281,1.0,35.079,14.447
1031,0,0.0,33.43,0.0,0.281,1.0,35.079,14.447
1032,0,0.0,33.43,0.0,0.281,1.0,35.079,14.447
1033,0,0.0,33.43,0.0,0.281,1.0,35.079,14.447
1034,0,0.0,33.43,0.0,0.281,1.0,35.079,14.447
1035,0,0.0,33.43,0.0,0.281,1.0,35.079,14.447
1036,0,0.0,33.43,0.0,0.281,1.0,35.079,14.447
1037,4,14.29,33.43,33.36,1.42,0.303,33.625,57.974
1038,1,23.14,33.29,57.5,0.904,0.643,54.706,58.802
1039,1,8.71,33.29,28.99,0.586,0.417,30.603,23.297
1040,0,0.0,33.29,0.0,0.282,1.0,35.079,14.485
1041,0,0.0,33.29,0.0,0.282,1.0,35.079,14.485
1042,3,18.0,33.29,15.17,1.99,0.552,16.564,43.068
1043,0,0.0,33.29,0.0,0.282,1.0,35.079,14.485
1044,1,33.29,33.29,19.49,1.022,0.726,22.572,31.974
1045,0,0.0,33.29,0.0,0.282,1.0,35.079,14.485
1046,1,0.57,33.29,13.97,0.248,0.176,17.905,6.551
1047,0,0.0,33.29,0.0,0.282,1.0,35.079,14.485
1048,0,0.0,33.29,0.0,0.282,1.0,35.079,14.485
1049,0,0.0,33.29,0.0,0.282,1.0,35.079,14.485
1050,0,0.0,33.29,0.0,0.282,1.0,35.079,14.485
1051,4,25.0,33.29,16.62,3.528,0.751,17.617,78.883
1052,0,0.0,33.29,0.0,0.282,1.0,35.079,14.485
1053,0,0.0,33.29,0.0,0.282,1.0,35.079,14.485
1054,2,19.14,33.29,16.98,1.552,0.619,18.86,39.012
1055,0,0.0,33.29,0.0,0.282,1.0,35.079,14.485
1056,5,32.29,33.29,36.58,5.221,0.903,36.68,230.398
1057,0,0.0,33.29,0.0,0.282,1.0,35.079,14.485
1058,3,24.57,33.29,67.12,2.665,0.74,65.529,206.556
1059,1,0.14,33.29,11.99,0.226,0.161,16.231,5.569
1060,0,0.0,33.29,0.0,0.282,1.0,35.079,14.485
1061,0,0.0,33.29,0.0,0.282,1.0,35.079,14.485
1062,3,13.14,33.29,27.54,1.291,0.358,28.223,45.112
1063,0,0.0,33.29,0.0,0.282,1.0,35.079,14.485
1064,0,0.0,33.29,0.0,0.282,1.0,35.079,14.485
1065,0,0.0,33.29,0.0,0.282,1.0,35.079,14.485
1066,0,0.0,33.29,0.0,0.282,1.0,35.079,14.485
1067,0,0.0,33.14,0.0,0.283,1.0,35.079,14.526
1068,0,0.0,33.14,0.0,0.283,1.0,35.079,14.526
1069,0,0.0,33.14,0.0,0.283,1.0,35.079,14.526
1070,0,0.0,33.14,0.0,0.283,1.0,35.079,14.526
1071,2,4.0,33.14,13.37,0.352,0.14,15.553,7.535
1072,0,0.0,33.14,0.0,0.283,1.0,35.079,14.526
1073,0,0.0,33.14,0.0,0.283,1.0,35.079,14.526
1074,0,0.0,33.14,0.0,0.283,1.0,35.079,14.526
1075,2,4.86,33.14,16.24,0.423,0.168,18.182,10.309
1076,3,19.29,33.14,20.42,2.168,0.6,21.512,59.127
1077,0,0.0,33.14,0.0,0.283,1.0,35.079,14.526
1078,0,0.0,33.14,0.0,0.283,1.0,35.079,14.526
1079,0,0.0,33.14,0.0,0.283,1.0,35.079,14.526
1080,0,0.0,33.14,0.0,0.283,1.0,35.079,14.526
1081,11,32.0,33.14,106.53,11.626,0.941,105.433,1442.247
1082,0,0.0,33.14,0.0,0.283,1.0,35.079,14.526
1083,0,0.0,33.14,0.0,0.283,1.0,35.079,14.526
1084,2,2.29,33.14,47.84,0.224,0.089,47.135,12.69
1085,0,0.0,33.14,0.0,0.283,1.0,35.079,14.526
1086,1,19.0,33.14,9.98,0.841,0.596,14.532,19.206
1087,0,0.0,33.14,0.0,0.283,1.0,35.079,14.526
1088,7,28.71,33.14,66.7,6.832,0.855,66.006,532.893
1089,0,0.0,33.14,0.0,0.283,1.0,35.079,14.526
1090,0,0.0,33.14,0.0,0.283,1.0,35.079,14.526
1091,1,19.0,33.14,5.99,0.841,0.596,11.159,16.226
1092,0,0.0,33.14,0.0,0.283,1.0,35.079,14.526
1093,3,12.0,33.14,26.73,1.13,0.313,27.459,38.488
1094,0,0.0,33.14,0.0,0.283,1.0,35.079,14.526
1095,2,28.0,33.14,31.62,1.938,0.77,32.274,77.771
1096,0,0.0,33.14,0.0,0.283,1.0,35.079,14.526
1097,1,2.0,33.14,14.37,0.321,0.228,18.243,8.589
1098,0,0.0,33.14,0.0,0.283,1.0,35.079,14.526
1099,4,25.0,33.14,17.67,3.554,0.755,18.621,83.531
1100,2,15.29,33.0,17.7,1.326,0.525,19.52,34.266
1101,2,6.0,33.0,19.64,0.528,0.209,21.298,14.692
1102,1,18.29,33.0,14.99,0.832,0.588,18.768,22.693
1103,0,0.0,33.0,0.0,0.284,1.0,35.079,14.565
1104,0,0.0,33.0,0.0,0.284,1.0,35.079,14.565
1105,0,0.0,33.0,0.0,0.284,1.0,35.079,14.565
1106,0,0.0,33.0,0.0,0.284,1.0,35.079,14.565
1107,0,0.0,33.0,0.0,0.284,1.0,35.079,14.565
1108,1,8.57,33.0,22.4,0.589,0.416,25.032,19.926
1109,3,30.29,33.0,17.7,3.044,0.839,18.948,74.055
1110,0,0.0,33.0,0.0,0.284,1.0,35.079,14.565
1111,0,0.0,33.0,0.0,0.284,1.0,35.079,14.565
1112,1,18.43,33.0,14.96,0.835,0.59,18.742,22.742
1113,1,0.86,33.0,27.94,0.267,0.188,29.716,10.337
1114,6,18.43,33.0,24.64,2.546,0.368,25.077,77.615
1115,0,0.0,33.0,0.0,0.284,1.0,35.079,14.565
1116,0,0.0,33.0,0.0,0.284,1.0,35.079,14.565
1117,4,29.0,33.0,47.99,3.983,0.843,47.616,226.338
1118,0,0.0,33.0,0.0,0.284,1.0,35.079,14.565
1119,0,0.0,33.0,0.0,0.284,1.0,35.079,14.565
1120,1,1.29,33.0,51.87,0.288,0.204,49.946,17.307
1121,0,0.0,33.0,0.0,0.284,1.0,35.079,14.565
1122,2,9.86,33.0,56.73,0.882,0.349,55.28,58.014
1123,0,0.0,33.0,0.0,0.284,1.0,35.079,14.565
1124,1,2.43,33.0,11.77,0.344,0.243,16.045,8.398
1125,3,9.71,33.0,57.56,0.799,0.22,56.518,53.675
1126,7,30.43,33.0,46.69,7.192,0.898,46.505,397.517
1127,2,15.0,33.0,45.82,1.305,0.517,45.284,71.298
1128,0,0.0,33.0,0.0,0.284,1.0,35.079,14.565
1129,5,32.14,33.0,46.25,5.265,0.904,46.009,288.785
1130,0,0.0,33.0,0.0,0.284,1.0,35.079,14.565
1131,0,0.0,33.0,0.0,0.284,1.0,35.079,14.565
1132,0,0.0,33.0,0.0,0.284,1.0,35.079,14.565
1133,0,0.0,32.86,0.0,0.285,1.0,35.079,14.604
1134,5,32.43,32.86,26.18,5.311,0.909,26.647,172.354
1135,0,0.0,32.86,0.0,0.285,1.0,35.079,14.604
1136,12,17.71,32.86,51.97,0.54,0.04,51.782,33.041
1137,1,18.43,32.86,35.71,0.839,0.591,36.284,38.285
1138,0,0.0,32.86,0.0,0.285,1.0,35.079,14.604
1139,1,18.86,32.86,30.15,0.847,0.596,31.584,34.471
1140,0,0.0,32.86,0.0,0.285,1.0,35.079,14.604
1141,1,0.71,32.86,13.97,0.261,0.184,17.905,6.872
1142,0,0.0,32.86,0.0,0.285,1.0,35.079,14.604
1143,0,0.0,32.86,0.0,0.285,1.0,35.079,14.604
1144,0,0.0,32.86,0.0,0.285,1.0,35.079,14.604
1145,0,0.0,32.86,0.0,0.285,1.0,35.079,14.604
1146,3,8.57,32.86,13.59,0.651,0.179,15.074,12.951
1147,0,0.0,32.86,0.0,0.285,1.0,35.079,14.604
1148,0,0.0,32.86,0.0,0.285,1.0,35.079,14.604
1149,0,0.0,32.86,0.0,0.285,1.0,35.079,14.604
1150,0,0.0,32.86,0.0,0.285,1.0,35.079,14.604
1151,0,0.0,32.86,0.0,0.285,1.0,35.079,14.604
1152,1,12.14,32.86,103.18,0.698,0.492,93.324,73.654
1153,0,0.0,32.86,0.0,0.285,1.0,35.079,14.604
1154,1,0.57,32.86,14.96,0.254,0.179,18.742,6.903
1155,0,0.0,32.86,0.0,0.285,1.0,35.079,14.604
1156,0,0.0,32.86,0.0,0.285,1.0,35.079,14.604
1157,0,0.0,32.86,0.0,0.285,1.0,35.079,14.604
1158,0,0.0,32.71,0.0,0.286,1.0,35.079,14.646
1159,0,0.0,32.71,0.0,0.286,1.0,35.079,14.646
1160,4,31.43,32.71,39.68,4.194,0.882,39.669,199.768
1161,0,0.0,32.71,0.0,0.286,1.0,35.079,14.646
1162,0,0.0,32.71,0.0,0.286,1.0,35.079,14.646
1163,0,0.0,32.71,0.0,0.286,1.0,35.079,14.646
1164,2,15.43,32.71,31.04,1.356,0.533,31.743,53.485
1165,0,0.0,32.71,0.0,0.286,1.0,35.079,14.646
1166,4,1.29,32.71,37.16,0.014,0.003,37.259,0.649
1167,0,0.0,32.71,0.0,0.286,1.0,35.079,14.646
1168,1,0.71,32.71,9.97,0.263,0.184,14.524,5.988
1169,0,0.0,32.71,0.0,0.286,1.0,35.079,14.646
1170,1,2.71,32.71,59.97,0.362,0.254,56.794,24.301
1171,0,0.0,32.71,0.0,0.286,1.0,35.079,14.646
1172,3,6.0,32.71,14.63,0.355,0.097,16.055,7.466
1173,0,0.0,32.71,0.0,0.286,1.0,35.079,14.646
1174,0,0.0,32.71,0.0,0.286,1.0,35.079,14.646
1175,0,0.0,32.71,0.0,0.286,1.0,35.079,14.646
1176,0,0.0,32.71,0.0,0.286,1.0,35.079,14.646
1177,0,0.0,32.71,0.0,0.286,1.0,35.079,14.646
1178,1,8.86,32.71,32.26,0.606,0.425,33.368,25.76
1179,0,0.0,32.71,0.0,0.286,1.0,35.079,14.646
1180,0,0.0,32.71,0.0,0.286,1.0,35.079,14.646
1181,3,28.43,32.71,33.55,2.984,0.818,33.888,123.244
1182,0,0.0,32.71,0.0,0.286,1.0,35.079,14.646
1183,3,20.57,32.57,30.77,2.385,0.651,31.267,91.326
1184,4,20.71,32.57,19.63,2.991,0.627,20.495,76.546
1185,1,30.14,32.57,38.97,1.014,0.709,39.04,49.128
1186,0,0.0,32.57,0.0,0.287,1.0,35.079,14.685
1187,2,32.57,32.57,42.47,2.099,0.823,42.215,107.283
1188,1,3.57,32.57,15.36,0.404,0.283,19.08,11.14
1189,2,31.71,32.57,27.46,2.079,0.816,28.462,74.37
1190,1,0.86,32.57,21.74,0.273,0.191,24.474,9.045
1191,0,0.0,32.57,0.0,0.287,1.0,35.079,14.685
1192,0,0.0,32.57,0.0,0.287,1.0,35.079,14.685
1193,2,1.14,32.57,36.83,0.158,0.062,37.047,7.172
1194,1,1.57,32.57,11.77,0.309,0.216,16.045,7.525
1195,0,0.0,32.57,0.0,0.287,1.0,35.079,14.685
1196,0,0.0,32.57,0.0,0.287,1.0,35.079,14.685
1197,0,0.0,32.57,0.0,0.287,1.0,35.079,14.685
1198,1,0.57,32.57,24.74,0.257,0.18,27.01,9.224
1199,7,15.0,32.57,26.09,0.98,0.121,26.43,31.214
1200,0,0.0,32.57,0.0,0.287,1.0,35.079,14.685
1201,6,26.71,32.57,41.17,5.671,0.812,41.118,277.855
1202,0,0.0,32.57,0.0,0.287,1.0,35.079,14.685
1203,6,29.57,32.57,35.67,6.16,0.882,35.781,263.755
1204,0,0.0,32.57,0.0,0.287,1.0,35.079,14.685
1205,0,0.0,32.57,0.0,0.287,1.0,35.079,14.685
1206,0,0.0,32.57,0.0,0.287,1.0,35.079,14.685
1207,1,0.29,32.57,46.29,0.242,0.17,45.229,13.32
1208,0,0.0,32.43,0.0,0.288,1.0,35.079,14.725
1209,0,0.0,32.43,0.0,0.288,1.0,35.079,14.725
1210,0,0.0,32.43,0.0,0.288,1.0,35.079,14.725
1211,0,0.0,32.43,0.0,0.288,1.0,35.079,14.725
1212,0,0.0,32.43,0.0,0.288,1.0,35.079,14.725
1213,0,0.0,32.43,0.0,0.288,1.0,35.079,14.725
1214,0,0.0,32.43,0.0,0.288,1.0,35.079,14.725
1215,0,0.0,32.43,0.0,0.288,1.0,35.079,14.725
1216,0,0.0,32.43,0.0,0.288,1.0,35.079,14.725
1217,1,6.14,32.43,13.97,0.515,0.359,17.905,13.552
1218,0,0.0,32.43,0.0,0.288,1.0,35.079,14.725
1219,0,0.0,32.43,0.0,0.288,1.0,35.079,14.725
1220,1,3.71,32.43,56.28,0.413,0.288,53.674,26.356
1221,0,0.0,32.43,0.0,0.288,1.0,35.079,14.725
1222,0,0.0,32.43,0.0,0.288,1.0,35.079,14.725
1223,0,0.0,32.43,0.0,0.288,1.0,35.079,14.725
1224,0,0.0,32.43,0.0,0.288,1.0,35.079,14.725
1225,0,0.0,32.43,0.0,0.288,1.0,35.079,14.725
1226,0,0.0,32.43,0.0,0.288,1.0,35.079,14.725
1227,3,28.14,32.43,32.12,3.001,0.817,32.54,119.177
1228,0,0.0,32.43,0.0,0.288,1.0,35.079,14.725
1229,0,0.0,32.43,0.0,0.288,1.0,35.079,14.725
1230,3,25.86,32.29,23.49,2.879,0.781,24.406,87.655
1231,0,0.0,32.29,0.0,0.289,1.0,35.079,14.765
1232,3,27.57,32.29,11.31,2.985,0.81,12.925,51.975
1233,0,0.0,32.29,0.0,0.289,1.0,35.079,14.765
1234,8,23.0,32.29,37.65,5.559,0.601,37.69,249.098
1235,0,0.0,32.29,0.0,0.289,1.0,35.079,14.765
1236,1,0.86,32.29,11.77,0.276,0.192,16.045,6.724
1237,0,0.0,32.29,0.0,0.289,1.0,35.079,14.765
1238,0,0.0,32.29,0.0,0.289,1.0,35.079,14.765
1239,2,13.14,32.29,41.31,1.209,0.471,41.152,60.271
1240,0,0.0,32.29,0.0,0.289,1.0,35.079,14.765
1241,0,0.0,32.29,0.0,0.289,1.0,35.079,14.765
1242,11,30.86,32.29,15.03,11.776,0.936,15.429,220.633
1243,0,0.0,32.29,0.0,0.289,1.0,35.079,14.765
1244,1,1.29,32.29,39.74,0.299,0.208,39.691,14.663
1245,8,32.29,32.29,24.59,8.729,0.943,24.922,261.722
1246,0,0.0,32.29,0.0,0.289,1.0,35.079,14.765
1247,1,3.57,32.29,12.77,0.41,0.285,16.891,10.335
1248,0,0.0,32.29,0.0,0.289,1.0,35.079,14.765
1249,1,7.86,32.29,29.33,0.582,0.405,30.891,23.217
1250,0,0.0,32.29,0.0,0.289,1.0,35.079,14.765
1251,0,0.0,32.29,0.0,0.289,1.0,35.079,14.765
1252,3,23.43,32.29,47.16,2.695,0.731,46.716,150.342
1253,0,0.0,32.29,0.0,0.289,1.0,35.079,14.765
1254,0,0.0,32.29,0.0,0.289,1.0,35.079,14.765
1255,0,0.0,32.29,0.0,0.289,1.0,35.079,14.765
1256,0,0.0,32.29,0.0,0.289,1.0,35.079,14.765
1257,0,0.0,32.29,0.0,0.289,1.0,35.079,14.765
1258,3,14.29,32.29,78.06,1.578,0.428,75.84,140.197
1259,1,2.86,32.29,51.73,0.377,0.262,49.828,22.483
1260,0,0.0,32.29,0.0,0.289,1.0,35.079,14.765
1261,1,19.86,32.29,13.77,0.883,0.614,17.736,23.041
1262,6,25.0,32.29,73.96,5.348,0.761,72.939,458.451
1263,0,0.0,32.29,0.0,0.289,1.0,35.079,14.765
1264,2,21.43,32.29,12.97,1.744,0.68,15.186,36.505
1265,1,18.57,32.14,30.6,0.864,0.599,31.964,35.398
1266,1,0.14,32.14,6.79,0.24,0.166,11.835,4.773
1267,0,0.0,32.14,0.0,0.29,1.0,35.079,14.808
1268,1,2.86,32.14,8.78,0.379,0.263,13.518,8.224
1269,1,0.71,32.14,14.96,0.27,0.187,18.742,7.34
1270,0,0.0,32.14,0.0,0.29,1.0,35.079,14.808
1271,3,11.86,32.14,29.35,1.204,0.326,29.929,44.191
1272,2,18.71,32.14,36.02,1.61,0.625,36.305,71.523
1273,0,0.0,32.14,0.0,0.29,1.0,35.079,14.808
1274,0,0.0,32.14,0.0,0.29,1.0,35.079,14.808
1275,0,0.0,32.14,0.0,0.29,1.0,35.079,14.808
1276,2,2.43,32.14,53.92,0.252,0.098,52.706,15.802
1277,1,7.29,32.14,18.99,0.566,0.392,22.149,17.366
1278,1,15.86,32.14,29.73,0.809,0.561,31.229,32.529
1279,0,0.0,32.14,0.0,0.29,1.0,35.079,14.808
1280,0,0.0,32.14,0.0,0.29,1.0,35.079,14.808
1281,0,0.0,32.14,0.0,0.29,1.0,35.079,14.808
1282,0,0.0,32.14,0.0,0.29,1.0,35.079,14.808
1283,3,1.43,32.14,16.63,0.063,0.017,17.94,1.459
1284,2,8.29,32.14,13.97,0.781,0.303,16.103,17.126
1285,0,0.0,32.14,0.0,0.29,1.0,35.079,14.808
1286,3,19.14,32.14,14.31,2.277,0.616,15.753,46.922
1287,0,0.0,32.14,0.0,0.29,1.0,35.079,14.808
1288,0,0.0,32.14,0.0,0.29,1.0,35.079,14.808
1289,1,6.29,32.14,25.37,0.528,0.366,27.543,19.185
1290,4,24.71,32.14,68.63,3.699,0.768,67.353,292.999
1291,0,0.0,32.14,0.0,0.29,1.0,35.079,14.808
1292,6,30.71,32.14,19.82,6.404,0.908,20.4,159.847
1293,0,0.0,32.14,0.0,0.29,1.0,35.079,14.808
1294,1,5.86,32.14,17.54,0.511,0.354,20.923,15.032
1295,1,30.14,32.14,28.48,1.028,0.712,30.172,40.194
1296,4,27.71,32.14,28.49,4.016,0.834,28.968,141.556
1297,0,0.0,32.14,0.0,0.29,1.0,35.079,14.808
1298,2,27.14,32.14,20.95,1.983,0.77,22.498,57.62
1299,0,0.0,32.14,0.0,0.29,1.0,35.079,14.808
1300,4,31.57,32.14,31.28,4.289,0.89,31.636,164.271
1301,0,0.0,32.0,0.0,0.291,1.0,35.079,14.848
1302,0,0.0,32.0,0.0,0.291,1.0,35.079,14.848
1303,0,0.0,32.0,0.0,0.291,1.0,35.079,14.848
1304,0,0.0,32.0,0.0,0.291,1.0,35.079,14.848
1305,2,21.57,32.0,34.24,1.772,0.686,34.674,75.475
1306,0,0.0,32.0,0.0,0.291,1.0,35.079,14.848
1307,1,29.71,32.0,36.97,1.029,0.71,37.35,47.887
1308,0,0.0,32.0,0.0,0.291,1.0,35.079,14.848
1309,1,18.0,32.0,16.36,0.858,0.592,19.926,24.322
1310,2,8.0,32.0,173.04,0.76,0.294,161.847,139.849
1311,0,0.0,32.0,0.0,0.291,1.0,35.079,14.848
1312,0,0.0,32.0,0.0,0.291,1.0,35.079,14.848
1313,1,10.14,32.0,14.79,0.665,0.459,18.599,17.935
1314,0,0.0,32.0,0.0,0.291,1.0,35.079,14.848
1315,0,0.0,32.0,0.0,0.291,1.0,35.079,14.848
1316,2,11.86,32.0,26.75,1.12,0.433,27.812,39.133
1317,1,9.14,32.0,26.73,0.633,0.437,28.693,23.76
1318,0,0.0,32.0,0.0,0.291,1.0,35.079,14.848
1319,0,0.0,32.0,0.0,0.291,1.0,35.079,14.848
1320,3,6.29,32.0,19.5,0.414,0.112,20.645,10.819
1321,0,0.0,32.0,0.0,0.291,1.0,35.079,14.848
1322,0,0.0,32.0,0.0,0.291,1.0,35.079,14.848
1323,0,0.0,32.0,0.0,0.291,1.0,35.079,14.848
1324,0,0.0,32.0,0.0,0.291,1.0,35.079,14.848
1325,0,0.0,32.0,0.0,0.291,1.0,35.079,14.848
1326,0,0.0,32.0,0.0,0.291,1.0,35.079,14.848
1327,1,19.0,32.0,11.97,0.877,0.605,16.215,21.458
1328,1,29.29,32.0,23.49,1.024,0.707,25.954,35.481
1329,3,23.71,32.0,45.91,2.755,0.743,45.537,149.791
1330,2,27.14,32.0,33.14,1.993,0.772,33.667,82.65
1331,0,0.0,32.0,0.0,0.291,1.0,35.079,14.848
1332,0,0.0,32.0,0.0,0.291,1.0,35.079,14.848
1333,0,0.0,32.0,0.0,0.291,1.0,35.079,14.848
1334,1,4.57,32.0,15.3,0.46,0.318,19.03,12.622
1335,0,0.0,31.86,0.0,0.292,1.0,35.079,14.889
1336,0,0.0,31.86,0.0,0.292,1.0,35.079,14.889
1337,0,0.0,31.86,0.0,0.292,1.0,35.079,14.889
1338,4,29.14,31.86,20.81,4.178,0.862,21.624,111.961
1339,0,0.0,31.86,0.0,0.292,1.0,35.079,14.889
1340,1,1.57,31.86,44.11,0.32,0.22,43.386,16.905
1341,3,3.29,31.86,20.62,0.156,0.042,21.7,4.26
1342,0,0.0,31.86,0.0,0.292,1.0,35.079,14.889
1343,0,0.0,31.86,0.0,0.292,1.0,35.079,14.889
1344,0,0.0,31.86,0.0,0.292,1.0,35.079,14.889
1345,0,0.0,31.86,0.0,0.292,1.0,35.079,14.889
1346,0,0.0,31.86,0.0,0.292,1.0,35.079,14.889
1347,0,0.0,31.86,0.0,0.292,1.0,35.079,14.889
1348,3,30.71,31.86,18.66,3.19,0.857,19.853,80.489
1349,1,23.71,31.86,71.62,0.958,0.659,66.643,73.886
1350,0,0.0,31.86,0.0,0.292,1.0,35.079,14.889
1351,1,1.0,31.86,14.37,0.29,0.2,18.243,7.707
1352,1,30.57,31.86,41.47,1.042,0.717,41.154,52.648
1353,2,11.14,31.86,25.68,1.065,0.411,26.832,36.023
1354,0,0.0,31.86,0.0,0.292,1.0,35.079,14.889
1355,2,24.29,31.86,29.74,1.902,0.734,30.551,72.213
1356,0,0.0,31.86,0.0,0.292,1.0,35.079,14.889
1357,0,0.0,31.86,0.0,0.292,1.0,35.079,14.889
1358,0,0.0,31.86,0.0,0.292,1.0,35.079,14.889
1359,3,25.71,31.86,34.78,2.921,0.785,35.047,124.009
1360,0,0.0,31.86,0.0,0.292,1.0,35.079,14.889
1361,1,30.57,31.86,12.99,1.042,0.717,17.077,26.438
1362,0,0.0,31.86,0.0,0.292,1.0,35.079,14.889
1363,1,19.29,31.86,11.77,0.887,0.61,16.045,21.528
1364,0,0.0,31.86,0.0,0.292,1.0,35.079,14.889
1365,9,30.57,31.71,61.41,9.797,0.933,60.972,701.718
1366,0,0.0,31.71,0.0,0.293,1.0,35.079,14.933
1367,0,0.0,31.71,0.0,0.293,1.0,35.079,14.933
1368,4,8.43,31.71,53.3,0.473,0.097,52.693,29.454
1369,0,0.0,31.71,0.0,0.293,1.0,35.079,14.933
1370,2,23.43,31.71,18.96,1.878,0.722,20.674,50.655
1371,0,0.0,31.71,0.0,0.293,1.0,35.079,14.933
1372,5,26.0,31.71,23.78,4.87,0.812,24.332,144.243
1373,0,0.0,31.71,0.0,0.293,1.0,35.079,14.933
1374,0,0.0,31.71,0.0,0.293,1.0,35.079,14.933
1375,1,5.29,31.71,27.94,0.498,0.341,29.716,19.173
1376,0,0.0,31.71,0.0,0.293,1.0,35.079,14.933
1377,0,0.0,31.71,0.0,0.293,1.0,35.079,14.933
1378,1,23.0,31.71,5.78,0.953,0.653,10.981,18.084
1379,0,0.0,31.71,0.0,0.293,1.0,35.079,14.933
1380,0,0.0,31.71,0.0,0.293,1.0,35.079,14.933
1381,2,11.71,31.71,34.21,1.125,0.433,34.647,47.826
1382,0,0.0,31.71,0.0,0.293,1.0,35.079,14.933
1383,0,0.0,31.71,0.0,0.293,1.0,35.079,14.933
1384,0,0.0,31.71,0.0,0.293,1.0,35.079,14.933
1385,0,0.0,31.71,0.0,0.293,1.0,35.079,14.933
1386,0,0.0,31.71,0.0,0.293,1.0,35.079,14.933
1387,4,30.29,31.71,36.39,4.28,0.88,36.523,187.521
1388,1,5.0,31.71,42.1,0.485,0.333,41.687,24.761
1389,0,0.0,31.71,0.0,0.293,1.0,35.079,14.933
1390,0,0.0,31.57,0.0,0.294,1.0,35.079,14.974
1391,1,1.0,31.57,21.74,0.294,0.201,24.474,9.723
1392,5,22.86,31.57,22.8,4.293,0.714,23.387,122.429
1393,0,0.0,31.57,0.0,0.294,1.0,35.079,14.974
1394,0,0.0,31.57,0.0,0.294,1.0,35.079,14.974
1395,0,0.0,31.57,0.0,0.294,1.0,35.079,14.974
1396,1,7.57,31.57,93.84,0.59,0.404,85.428,57.042
1397,0,0.0,31.57,0.0,0.294,1.0,35.079,14.974
1398,1,11.14,31.57,25.54,0.707,0.483,27.687,25.739
1399,0,0.0,31.57,0.0,0.294,1.0,35.079,14.974
1400,1,8.0,31.57,15.36,0.606,0.414,19.08,16.613
1401,0,0.0,31.57,0.0,0.294,1.0,35.079,14.974
1402,1,6.57,31.57,23.94,0.553,0.378,26.334,19.335
1403,0,0.0,31.57,0.0,0.294,1.0,35.079,14.974
1404,0,0.0,31.57,0.0,0.294,1.0,35.079,14.974
1405,0,0.0,31.57,0.0,0.294,1.0,35.079,14.974
1406,0,0.0,31.57,0.0,0.294,1.0,35.079,14.974
1407,1,0.86,31.57,29.37,0.287,0.196,30.925,11.401
1408,3,28.14,31.57,12.24,3.103,0.828,13.802,56.916
1409,0,0.0,31.57,0.0,0.294,1.0,35.079,14.974
1410,0,0.0,31.57,0.0,0.294,1.0,35.079,14.974
1411,2,14.0,31.57,12.47,1.328,0.509,14.728,27.031
1412,0,0.0,31.57,0.0,0.294,1.0,35.079,14.974
1413,14,30.29,31.57,19.01,15.29,0.945,19.273,351.924
1414,4,16.86,31.57,92.42,2.354,0.482,90.103,247.219
1415,0,0.0,31.43,0.0,0.295,1.0,35.079,15.015
1416,0,0.0,31.43,0.0,0.295,1.0,35.079,15.015
1417,0,0.0,31.43,0.0,0.295,1.0,35.079,15.015
1418,0,0.0,31.43,0.0,0.295,1.0,35.079,15.015
1419,0,0.0,31.43,0.0,0.295,1.0,35.079,15.015
1420,0,0.0,31.43,0.0,0.295,1.0,35.079,15.015
1421,2,30.14,31.43,11.47,2.123,0.811,13.812,41.025
1422,0,0.0,31.43,0.0,0.295,1.0,35.079,15.015
1423,0,0.0,31.43,0.0,0.295,1.0,35.079,15.015
1424,2,24.71,31.43,10.39,1.951,0.745,12.822,35.554
1425,0,0.0,31.43,0.0,0.295,1.0,35.079,15.015
1426,3,18.71,31.43,27.09,2.318,0.617,27.799,79.197
1427,0,0.0,31.43,0.0,0.295,1.0,35.079,15.015
1428,2,6.29,31.43,19.99,0.619,0.236,21.618,17.316
1429,0,0.0,31.43,0.0,0.295,1.0,35.079,15.015
1430,0,0.0,31.43,0.0,0.295,1.0,35.079,15.015
1431,1,1.43,31.43,14.96,0.32,0.218,18.742,8.642
1432,1,27.43,31.43,12.25,1.022,0.696,16.451,25.201
1433,6,19.57,31.43,28.41,3.64,0.508,28.736,125.505
1434,1,26.14,31.43,13.97,1.006,0.685,17.905,26.328
1435,6,18.14,31.43,37.41,2.959,0.413,37.47,131.769
1436,0,0.0,31.43,0.0,0.295,1.0,35.079,15.015
1437,1,2.71,31.43,14.96,0.385,0.263,18.742,10.424
1438,2,7.43,31.43,13.07,0.732,0.28,15.278,15.344
1439,0,0.0,31.43,0.0,0.295,1.0,35.079,15.015
1440,0,0.0,31.43,0.0,0.295,1.0,35.079,15.015
1441,2,22.57,31.43,36.81,1.862,0.711,37.029,83.953
1442,1,22.57,31.43,78.52,0.956,0.651,72.476,79.362
1443,0,0.0,31.43,0.0,0.295,1.0,35.079,15.015
1444,2,21.43,31.43,32.02,1.809,0.691,32.64,72.75
1445,1,31.14,31.43,15.49,1.063,0.724,19.19,29.257
1446,0,0.0,31.43,0.0,0.295,1.0,35.079,15.015
1447,1,9.57,31.29,29.99,0.667,0.453,31.449,26.856
1448,0,0.0,31.29,0.0,0.296,1.0,35.079,15.057
1449,2,21.0,31.29,27.24,1.799,0.685,28.261,63.553
1450,0,0.0,31.29,0.0,0.296,1.0,35.079,15.057
1451,0,0.0,31.29,0.0,0.296,1.0,35.079,15.057
1452,3,17.43,31.29,28.94,2.169,0.575,29.542,78.35
1453,0,0.0,31.29,0.0,0.296,1.0,35.079,15.057
1454,0,0.0,31.29,0.0,0.296,1.0,35.079,15.057
1455,0,0.0,31.29,0.0,0.296,1.0,35.079,15.057
1456,0,0.0,31.29,0.0,0.296,1.0,35.079,15.057
1457,0,0.0,31.29,0.0,0.296,1.0,35.079,15.057
1458,0,0.0,31.29,0.0,0.296,1.0,35.079,15.057
1459,0,0.0,31.29,0.0,0.296,1.0,35.079,15.057
1460,4,13.14,31.29,43.97,1.468,0.299,43.771,76.322
1461,0,0.0,31.29,0.0,0.296,1.0,35.079,15.057
1462,4,20.14,31.29,32.45,3.139,0.639,32.755,123.785
1463,0,0.0,31.29,0.0,0.296,1.0,35.079,15.057
1464,1,6.0,31.29,28.74,0.537,0.365,30.392,21.028
1465,0,0.0,31.29,0.0,0.296,1.0,35.079,15.057
1466,0,0.0,31.29,0.0,0.296,1.0,35.079,15.057
1467,5,29.14,31.29,87.24,5.357,0.885,85.553,534.579
1468,0,0.0,31.29,0.0,0.296,1.0,35.079,15.057
1469,2,26.86,31.29,79.81,2.038,0.776,76.427,180.818
1470,0,0.0,31.29,0.0,0.296,1.0,35.079,15.057
1471,1,17.14,31.14,19.77,0.869,0.588,22.809,27.136
1472,0,0.0,31.14,0.0,0.297,1.0,35.079,15.102
1473,5,26.86,31.14,24.93,5.132,0.845,25.441,158.129
1474,0,0.0,31.14,0.0,0.297,1.0,35.079,15.102
1475,1,2.29,31.14,17.3,0.37,0.25,20.721,10.744
1476,2,26.29,31.14,54.04,2.03,0.77,52.816,126.913
1477,0,0.0,31.14,0.0,0.297,1.0,35.079,15.102
1478,2,12.29,31.14,93.8,1.215,0.461,89.245,125.037
1479,2,19.14,31.14,16.13,1.711,0.649,18.082,41.11
1480,0,0.0,31.14,0.0,0.297,1.0,35.079,15.102
1481,0,0.0,31.14,0.0,0.297,1.0,35.079,15.102
1482,1,16.71,31.14,11.77,0.86,0.582,16.045,20.804
1483,0,0.0,31.14,0.0,0.297,1.0,35.079,15.102
1484,0,0.0,31.14,0.0,0.297,1.0,35.079,15.102
1485,0,0.0,31.14,0.0,0.297,1.0,35.079,15.102
1486,0,0.0,31.14,0.0,0.297,1.0,35.079,15.102
1487,0,0.0,31.14,0.0,0.297,1.0,35.079,15.102
1488,0,0.0,31.14,0.0,0.297,1.0,35.079,15.102
1489,1,26.14,31.14,52.87,1.016,0.687,50.792,61.334
1490,2,5.0,31.14,28.84,0.504,0.191,29.727,18.603
1491,0,0.0,31.14,0.0,0.297,1.0,35.079,15.102
1492,0,0.0,31.14,0.0,0.297,1.0,35.079,15.102
1493,0,0.0,31.14,0.0,0.297,1.0,35.079,15.102
1494,0,0.0,31.14,0.0,0.297,1.0,35.079,15.102
1495,3,22.14,31.14,33.4,2.729,0.721,33.746,111.464
1496,0,0.0,31.14,0.0,0.297,1.0,35.079,15.102
1497,4,22.0,31.14,22.15,3.504,0.711,22.905,98.708
1498,0,0.0,31.14,0.0,0.297,1.0,35.079,15.102
1499,1,2.0,31.14,13.97,0.355,0.24,17.905,9.268
1500,0,0.0,31.14,0.0,0.297,1.0,35.079,15.102
1501,0,0.0,31.14,0.0,0.297,1.0,35.079,15.102
1502,3,25.86,31.14,97.1,3.021,0.798,93.786,328.3
1503,1,3.14,31.14,49.27,0.412,0.279,47.748,23.581
1504,0,0.0,31.14,0.0,0.297,1.0,35.079,15.102
1505,2,25.14,31.14,100.35,1.989,0.755,95.246,217.883
1506,0,0.0,31.14,0.0,0.297,1.0,35.079,15.102
1507,2,4.0,31.14,16.86,0.409,0.155,18.75,10.128
1508,1,10.43,31.0,31.13,0.703,0.474,32.413,28.96
1509,0,0.0,31.0,0.0,0.298,1.0,35.079,15.144
1510,0,0.0,31.0,0.0,0.298,1.0,35.079,15.144
1511,0,0.0,31.0,0.0,0.298,1.0,35.079,15.144
1512,4,19.0,31.0,82.83,2.966,0.6,80.932,279.604
1513,0,0.0,31.0,0.0,0.298,1.0,35.079,15.144
1514,0,0.0,31.0,0.0,0.298,1.0,35.079,15.144
1515,0,0.0,31.0,0.0,0.298,1.0,35.079,15.144
1516,26,30.86,31.0,39.97,29.499,0.979,39.966,1381.369
1517,1,30.57,31.0,11.49,1.073,0.723,15.809,25.683
1518,6,26.14,31.0,40.85,6.042,0.835,40.808,291.741
1519,0,0.0,31.0,0.0,0.298,1.0,35.079,15.144
1520,0,0.0,31.0,0.0,0.298,1.0,35.079,15.144
1521,1,8.29,31.0,14.9,0.632,0.426,18.692,17.019
1522,0,0.0,31.0,0.0,0.298,1.0,35.079,15.144
1523,0,0.0,31.0,0.0,0.298,1.0,35.079,15.144
1524,0,0.0,31.0,0.0,0.298,1.0,35.079,15.144
1525,2,30.57,31.0,17.63,2.166,0.819,19.456,55.318
1526,0,0.0,31.0,0.0,0.298,1.0,35.079,15.144
1527,0,0.0,31.0,0.0,0.298,1.0,35.079,15.144
1528,0,0.0,31.0,0.0,0.298,1.0,35.079,15.144
1529,2,1.57,31.0,68.17,0.21,0.079,65.762,16.116
1530,0,0.0,31.0,0.0,0.298,1.0,35.079,15.144
1531,0,0.0,31.0,0.0,0.298,1.0,35.079,15.144
1532,1,17.43,31.0,26.94,0.879,0.593,28.87,32.993
1533,2,19.71,31.0,22.96,1.754,0.663,24.339,54.266
1534,0,0.0,31.0,0.0,0.298,1.0,35.079,15.144
1535,1,29.29,31.0,10.48,1.059,0.714,14.955,24.41
1536,0,0.0,31.0,0.0,0.298,1.0,35.079,15.144
1537,0,0.0,31.0,0.0,0.298,1.0,35.079,15.144
1538,0,0.0,31.0,0.0,0.298,1.0,35.079,15.144
1539,14,29.86,30.86,18.13,15.629,0.95,18.405,342.814
1540,0,0.0,30.86,0.0,0.299,1.0,35.079,15.186
1541,1,2.71,30.86,14.79,0.396,0.266,18.599,10.634
1542,0,0.0,30.86,0.0,0.299,1.0,35.079,15.186
1543,2,5.14,30.86,17.57,0.528,0.199,19.401,13.448
1544,4,25.43,30.86,29.48,4.02,0.81,29.915,145.182
1545,0,0.0,30.86,0.0,0.299,1.0,35.079,15.186
1546,1,2.71,30.86,11.77,0.396,0.266,16.045,9.582
1547,6,29.29,30.86,67.14,6.574,0.905,66.32,509.89
1548,0,0.0,30.86,0.0,0.299,1.0,35.079,15.186
1549,0,0.0,30.86,0.0,0.299,1.0,35.079,15.186
1550,1,0.14,30.86,15.36,0.256,0.172,19.08,7.003
1551,3,26.0,30.86,15.58,3.066,0.805,16.95,66.939
1552,1,2.14,30.86,13.97,0.367,0.247,17.905,9.58
1553,0,0.0,30.86,0.0,0.299,1.0,35.079,15.186
1554,0,0.0,30.86,0.0,0.299,1.0,35.079,15.186
1555,0,0.0,30.86,0.0,0.299,1.0,35.079,15.186
1556,0,0.0,30.86,0.0,0.299,1.0,35.079,15.186
1557,1,16.29,30.86,50.48,0.86,0.578,48.771,50.031
1558,1,2.29,30.86,11.97,0.375,0.252,16.215,9.126
1559,0,0.0,30.86,0.0,0.299,1.0,35.079,15.186
1560,8,28.71,30.86,117.46,8.687,0.909,115.716,1168.489
1561,0,0.0,30.86,0.0,0.299,1.0,35.079,15.186
1562,0,0.0,30.86,0.0,0.299,1.0,35.079,15.186
1563,0,0.0,30.86,0.0,0.299,1.0,35.079,15.186
1564,0,0.0,30.86,0.0,0.299,1.0,35.079,15.186
1565,0,0.0,30.86,0.0,0.299,1.0,35.079,15.186
1566,0,0.0,30.86,0.0,0.299,1.0,35.079,15.186
1567,3,25.86,30.86,17.89,3.057,0.802,19.127,74.251
1568,0,0.0,30.86,0.0,0.299,1.0,35.079,15.186
1569,1,5.43,30.86,27.34,0.524,0.352,29.208,19.822
1570,0,0.0,30.86,0.0,0.299,1.0,35.079,15.186
1571,0,0.0,30.86,0.0,0.299,1.0,35.079,15.186
1572,3,30.29,30.86,22.39,3.289,0.863,23.369,95.642
1573,0,0.0,30.86,0.0,0.299,1.0,35.079,15.186
1574,1,1.14,30.86,14.37,0.313,0.21,18.243,8.281
1575,1,10.71,30.71,7.98,0.72,0.482,12.841,14.997
1576,1,3.0,30.71,20.99,0.414,0.277,23.84,13.355
1577,1,22.0,30.71,29.92,0.972,0.651,31.39,38.958
1578,0,0.0,30.71,0.0,0.3,1.0,35.079,15.232
1579,1,3.86,30.71,16.36,0.456,0.305,19.926,12.857
1580,9,12.0,30.71,24.46,0.174,0.016,24.758,5.141
1581,0,0.0,30.71,0.0,0.3,1.0,35.079,15.232
1582,0,0.0,30.71,0.0,0.3,1.0,35.079,15.232
1583,3,26.43,30.71,28.2,3.111,0.814,28.845,109.621
1584,0,0.0,30.71,0.0,0.3,1.0,35.079,15.232
1585,0,0.0,30.71,0.0,0.3,1.0,35.079,15.232
1586,0,0.0,30.71,0.0,0.3,1.0,35.079,15.232
1587,0,0.0,30.71,0.0,0.3,1.0,35.079,15.232
1588,1,7.57,30.71,26.74,0.613,0.411,28.701,22.883
1589,0,0.0,30.71,0.0,0.3,1.0,35.079,15.232
1590,0,0.0,30.71,0.0,0.3,1.0,35.079,15.232
1591,0,0.0,30.71,0.0,0.3,1.0,35.079,15.232
1592,0,0.0,30.71,0.0,0.3,1.0,35.079,15.232
1593,1,2.0,30.71,9.97,0.362,0.243,14.524,8.18
1594,0,0.0,30.71,0.0,0.3,1.0,35.079,15.232
1595,2,4.0,30.71,22.64,0.423,0.159,24.046,12.924
1596,0,0.0,30.71,0.0,0.3,1.0,35.079,15.232
1597,4,20.29,30.71,59.3,3.29,0.661,58.431,225.516
1598,1,25.0,30.71,186.26,1.016,0.68,163.56,180.239
1599,0,0.0,30.71,0.0,0.3,1.0,35.079,15.232
1600,0,0.0,30.71,0.0,0.3,1.0,35.079,15.232
1601,0,0.0,30.71,0.0,0.3,1.0,35.079,15.232
1602,0,0.0,30.71,0.0,0.3,1.0,35.079,15.232
1603,0,0.0,30.71,0.0,0.3,1.0,35.079,15.232
1604,0,0.0,30.71,0.0,0.3,1.0,35.079,15.232
1605,2,21.43,30.71,87.46,1.866,0.701,83.436,179.565
1606,0,0.0,30.71,0.0,0.3,1.0,35.079,15.232
1607,1,24.71,30.71,14.96,1.012,0.678,18.742,27.283
1608,1,30.29,30.71,12.99,1.08,0.723,17.077,27.251
1609,1,14.71,30.57,12.77,0.833,0.556,16.891,20.846
1610,0,0.0,30.57,0.0,0.301,1.0,35.079,15.275
1611,3,17.57,30.57,21.64,2.287,0.596,22.662,64.595
1612,2,6.0,30.57,14.67,0.628,0.235,16.744,14.121
1613,0,0.0,30.57,0.0,0.301,1.0,35.079,15.275
1614,2,27.71,30.57,21.13,2.12,0.794,22.663,61.547
1615,5,28.43,30.57,39.96,5.445,0.885,39.941,257.587
1616,0,0.0,30.57,0.0,0.301,1.0,35.079,15.275
1617,1,16.57,30.57,15.96,0.876,0.584,19.588,24.358
1618,0,0.0,30.57,0.0,0.301,1.0,35.079,15.275
1619,0,0.0,30.57,0.0,0.301,1.0,35.079,15.275
1620,1,1.71,30.57,10.77,0.349,0.233,15.2,8.125
1621,1,25.86,30.57,19.55,1.033,0.689,22.623,31.98
1622,0,0.0,30.57,0.0,0.301,1.0,35.079,15.275
1623,0,0.0,30.57,0.0,0.301,1.0,35.079,15.275
1624,0,0.0,30.57,0.0,0.301,1.0,35.079,15.275
1625,0,0.0,30.57,0.0,0.301,1.0,35.079,15.275
1626,1,3.29,30.57,48.36,0.431,0.288,46.979,24.27
1627,0,0.0,30.57,0.0,0.301,1.0,35.079,15.275
1628,5,25.86,30.57,28.81,5.13,0.833,29.185,179.59
1629,1,28.14,30.57,60.44,1.061,0.708,57.191,70.941
1630,0,0.0,30.57,0.0,0.301,1.0,35.079,15.275
1631,1,5.71,30.57,12.49,0.543,0.362,16.654,13.447
1632,0,0.0,30.57,0.0,0.301,1.0,35.079,15.275
1633,4,26.71,30.57,39.38,4.201,0.841,39.382,196.725
1634,0,0.0,30.57,0.0,0.301,1.0,35.079,15.275
1635,0,0.0,30.57,0.0,0.301,1.0,35.079,15.275
1636,0,0.0,30.57,0.0,0.301,1.0,35.079,15.275
1637,0,0.0,30.57,0.0,0.301,1.0,35.079,15.275
1638,0,0.0,30.57,0.0,0.301,1.0,35.079,15.275
1639,4,21.71,30.43,27.34,3.603,0.719,27.868,121.465
1640,3,12.71,30.43,41.36,1.538,0.4,41.249,75.576
1641,0,0.0,30.43,0.0,0.302,1.0,35.079,15.319
1642,0,0.0,30.43,0.0,0.302,1.0,35.079,15.319
1643,0,0.0,30.43,0.0,0.302,1.0,35.079,15.319
1644,1,17.29,30.43,33.86,0.896,0.596,34.72,38.959
1645,0,0.0,30.43,0.0,0.302,1.0,35.079,15.319
1646,1,3.29,30.43,38.31,0.434,0.289,38.483,20.594
1647,0,0.0,30.43,0.0,0.302,1.0,35.079,15.319
1648,2,8.86,30.43,20.35,0.934,0.348,21.948,26.348
1649,0,0.0,30.43,0.0,0.302,1.0,35.079,15.319
1650,0,0.0,30.43,0.0,0.302,1.0,35.079,15.319
1651,0,0.0,30.43,0.0,0.302,1.0,35.079,15.319
1652,2,24.43,30.43,12.57,2.018,0.753,14.82,41.068
1653,4,20.86,30.43,23.7,3.456,0.689,24.387,102.854
1654,0,0.0,30.43,0.0,0.302,1.0,35.079,15.319
1655,0,0.0,30.43,0.0,0.302,1.0,35.079,15.319
1656,0,0.0,30.43,0.0,0.302,1.0,35.079,15.319
1657,0,0.0,30.43,0.0,0.302,1.0,35.079,15.319
1658,2,19.57,30.43,38.73,1.792,0.668,38.788,83.875
1659,0,0.0,30.43,0.0,0.302,1.0,35.079,15.319
1660,0,0.0,30.43,0.0,0.302,1.0,35.079,15.319
1661,0,0.0,30.43,0.0,0.302,1.0,35.079,15.319
1662,1,16.86,30.43,14.96,0.887,0.59,18.742,23.87
1663,0,0.0,30.43,0.0,0.302,1.0,35.079,15.319
1664,1,6.0,30.43,24.73,0.559,0.372,27.002,19.827
1665,1,4.29,30.29,18.36,0.486,0.322,21.617,14.527
1666,0,0.0,30.29,0.0,0.303,1.0,35.079,15.362
1667,0,0.0,30.29,0.0,0.303,1.0,35.079,15.362
1668,3,16.86,30.29,21.01,2.227,0.577,22.068,61.328
1669,3,30.29,30.29,23.29,3.358,0.87,24.217,100.572
1670,0,0.0,30.29,0.0,0.303,1.0,35.079,15.362
1671,2,25.71,30.29,45.19,2.077,0.772,44.707,110.738
1672,0,0.0,30.29,0.0,0.303,1.0,35.079,15.362
1673,1,21.14,30.29,56.77,0.973,0.645,54.089,61.802
1674,0,0.0,30.29,0.0,0.303,1.0,35.079,15.362
1675,1,24.57,30.29,28.74,1.025,0.68,30.392,39.969
1676,0,0.0,30.29,0.0,0.303,1.0,35.079,15.362
1677,0,0.0,30.29,0.0,0.303,1.0,35.079,15.362
1678,0,0.0,30.29,0.0,0.303,1.0,35.079,15.362
1679,5,28.29,30.29,63.19,5.494,0.887,62.352,400.093
1680,1,8.29,30.29,22.54,0.652,0.432,25.15,21.869
1681,3,18.29,30.29,13.23,2.422,0.627,14.735,46.712
1682,0,0.0,30.29,0.0,0.303,1.0,35.079,15.362
1683,2,19.43,30.29,11.77,1.795,0.668,14.087,35.05
1684,1,1.86,30.29,25.99,0.363,0.24,28.067,13.259
1685,0,0.0,30.29,0.0,0.303,1.0,35.079,15.362
1686,1,10.14,30.29,28.08,0.715,0.474,29.834,27.459
1687,0,0.0,30.29,0.0,0.303,1.0,35.079,15.362
1688,0,0.0,30.29,0.0,0.303,1.0,35.079,15.362
1689,0,0.0,30.29,0.0,0.303,1.0,35.079,15.362
1690,1,22.0,30.29,13.97,0.987,0.654,17.905,25.689
1691,0,0.0,30.29,0.0,0.303,1.0,35.079,15.362
1692,2,3.86,30.29,39.81,0.423,0.157,39.778,20.257
1693,0,0.0,30.29,0.0,0.303,1.0,35.079,15.362
1694,0,0.0,30.29,0.0,0.303,1.0,35.079,15.362
1695,0,0.0,30.29,0.0,0.303,1.0,35.079,15.362
1696,2,17.71,30.14,245.21,1.704,0.632,227.971,435.301
1697,3,20.86,30.14,24.75,2.741,0.707,25.593,86.291
1698,0,0.0,30.14,0.0,0.304,1.0,35.079,15.409
1699,0,0.0,30.14,0.0,0.304,1.0,35.079,15.409
1700,5,30.0,30.14,20.87,5.675,0.913,21.525,148.694
1701,0,0.0,30.14,0.0,0.304,1.0,35.079,15.409
1702,2,2.0,30.14,18.34,0.26,0.096,20.106,6.789
1703,0,0.0,30.14,0.0,0.304,1.0,35.079,15.409
1704,0,0.0,30.14,0.0,0.304,1.0,35.079,15.409
1705,0,0.0,30.14,0.0,0.304,1.0,35.079,15.409
1706,0,0.0,30.14,0.0,0.304,1.0,35.079,15.409
1707,0,0.0,30.14,0.0,0.304,1.0,35.079,15.409
1708,1,1.29,30.14,5.78,0.334,0.22,10.981,6.285
1709,1,16.14,30.14,14.96,0.881,0.582,18.742,23.685
1710,0,0.0,30.14,0.0,0.304,1.0,35.079,15.409
1711,0,0.0,30.14,0.0,0.304,1.0,35.079,15.409
1712,9,28.57,30.14,32.13,10.066,0.924,32.275,383.21
1713,2,8.86,30.14,41.14,0.952,0.353,40.996,46.814
1714,0,0.0,30.14,0.0,0.304,1.0,35.079,15.409
1715,1,6.29,30.14,52.5,0.578,0.382,50.479,34.57
1716,1,2.14,30.14,116.47,0.381,0.251,104.559,44.074
1717,0,0.0,30.14,0.0,0.304,1.0,35.079,15.409
1718,0,0.0,30.14,0.0,0.304,1.0,35.079,15.409
1719,0,0.0,30.14,0.0,0.304,1.0,35.079,15.409
1720,1,21.86,30.14,41.11,0.99,0.654,40.85,49.282
1721,1,21.86,30.14,43.89,0.99,0.654,43.2,51.692
1722,0,0.0,30.14,0.0,0.304,1.0,35.079,15.409
1723,0,0.0,30.14,0.0,0.304,1.0,35.079,15.409
1724,0,0.0,30.14,0.0,0.304,1.0,35.079,15.409
1725,0,0.0,30.14,0.0,0.304,1.0,35.079,15.409
1726,0,0.0,30.0,0.0,0.305,1.0,35.079,15.453
1727,0,0.0,30.0,0.0,0.305,1.0,35.079,15.453
1728,2,5.43,30.0,15.48,0.594,0.219,17.486,13.809
1729,0,0.0,30.0,0.0,0.305,1.0,35.079,15.453
1730,0,0.0,30.0,0.0,0.305,1.0,35.079,15.453
1731,0,0.0,30.0,0.0,0.305,1.0,35.079,15.453
1732,0,0.0,30.0,0.0,0.305,1.0,35.079,15.453
1733,3,29.71,30.0,43.47,3.369,0.866,43.238,172.768
1734,0,0.0,30.0,0.0,0.305,1.0,35.079,15.453
1735,0,0.0,30.0,0.0,0.305,1.0,35.079,15.453
1736,0,0.0,30.0,0.0,0.305,1.0,35.079,15.453
1737,1,20.86,30.0,15.36,0.978,0.644,19.08,26.626
1738,0,0.0,30.0,0.0,0.305,1.0,35.079,15.453
1739,0,0.0,30.0,0.0,0.305,1.0,35.079,15.453
1740,0,0.0,30.0,0.0,0.305,1.0,35.079,15.453
1741,0,0.0,30.0,0.0,0.305,1.0,35.079,15.453
1742,2,25.14,30.0,22.35,2.08,0.768,23.78,62.776
1743,0,0.0,30.0,0.0,0.305,1.0,35.079,15.453
1744,4,25.14,30.0,26.47,4.151,0.82,27.036,135.762
1745,0,0.0,30.0,0.0,0.305,1.0,35.079,15.453
1746,4,28.43,30.0,33.56,4.44,0.877,33.816,179.357
1747,3,24.43,30.0,32.79,3.071,0.79,33.171,122.773
1748,0,0.0,30.0,0.0,0.305,1.0,35.079,15.453
1749,3,16.0,30.0,10.83,2.141,0.551,12.473,35.785
1750,2,15.71,30.0,43.69,1.579,0.583,43.333,81.679
1751,0,0.0,30.0,0.0,0.305,1.0,35.079,15.453
1752,0,0.0,30.0,0.0,0.305,1.0,35.079,15.453
1753,0,0.0,30.0,0.0,0.305,1.0,35.079,15.453
1754,0,0.0,30.0,0.0,0.305,1.0,35.079,15.453
1755,0,0.0,30.0,0.0,0.305,1.0,35.079,15.453
1756,4,7.57,30.0,34.94,0.454,0.09,35.136,19.028
1757,0,0.0,30.0,0.0,0.305,1.0,35.079,15.453
1758,0,0.0,29.86,0.0,0.306,1.0,35.079,15.498
1759,0,0.0,29.86,0.0,0.306,1.0,35.079,15.498
1760,5,26.57,29.86,31.61,5.402,0.863,31.886,205.086
1761,3,6.29,29.86,90.41,0.517,0.133,87.481,52.199
1762,2,15.29,29.86,34.13,1.559,0.574,34.574,65.554
1763,2,28.71,29.86,15.23,2.206,0.812,17.257,50.689
1764,0,0.0,29.86,0.0,0.306,1.0,35.079,15.498
1765,0,0.0,29.86,0.0,0.306,1.0,35.079,15.498
1766,3,24.71,29.86,38.57,3.11,0.797,38.619,143.269
1767,2,16.86,29.86,19.99,1.672,0.615,21.618,46.437
1768,4,26.57,29.86,32.66,4.318,0.85,32.956,170.072
1769,0,0.0,29.86,0.0,0.306,1.0,35.079,15.498
1770,7,28.0,29.86,12.89,7.817,0.907,13.566,130.736
1771,1,21.57,29.86,14.96,0.995,0.653,18.742,26.725
1772,2,20.71,29.86,14.77,1.899,0.699,16.835,42.756
1773,0,0.0,29.86,0.0,0.306,1.0,35.079,15.498
1774,2,8.14,29.86,13.73,0.893,0.329,15.883,19.166
1775,2,15.29,29.86,23.0,1.559,0.574,24.376,48.044
1776,0,0.0,29.86,0.0,0.306,1.0,35.079,15.498
1777,3,2.43,29.86,47.03,0.135,0.035,46.593,7.415
1778,0,0.0,29.86,0.0,0.306,1.0,35.079,15.498
1779,0,0.0,29.86,0.0,0.306,1.0,35.079,15.498
1780,0,0.0,29.86,0.0,0.306,1.0,35.079,15.498
1781,1,24.57,29.86,16.36,1.041,0.683,19.926,29.232
1782,0,0.0,29.86,0.0,0.306,1.0,35.079,15.498
1783,1,14.0,29.86,56.06,0.84,0.551,53.488,52.727
1784,0,0.0,29.86,0.0,0.306,1.0,35.079,15.498
1785,0,0.0,29.86,0.0,0.306,1.0,35.079,15.498
1786,3,12.71,29.86,8.51,1.609,0.412,10.286,22.928
1787,0,0.0,29.86,0.0,0.306,1.0,35.079,15.498
1788,0,0.0,29.86,0.0,0.306,1.0,35.079,15.498
1789,1,2.86,29.86,26.73,0.425,0.279,28.693,15.777
1790,6,26.43,29.86,27.93,6.455,0.868,28.27,217.455
1791,0,0.0,29.86,0.0,0.306,1.0,35.079,15.498
1792,1,17.57,29.86,29.98,0.922,0.605,31.44,36.847
1793,0,0.0,29.86,0.0,0.306,1.0,35.079,15.498
1794,2,24.86,29.86,41.72,2.081,0.766,41.528,103.447
1795,3,5.71,29.86,26.32,0.441,0.113,27.073,14.607
1796,0,0.0,29.86,0.0,0.306,1.0,35.079,15.498
1797,0,0.0,29.86,0.0,0.306,1.0,35.079,15.498
1798,3,9.71,29.71,64.21,1.081,0.276,62.786,79.042
1799,0,0.0,29.71,0.0,0.307,1.0,35.079,15.546
1800,1,20.14,29.71,105.26,0.976,0.638,95.082,103.248
1801,0,0.0,29.71,0.0,0.307,1.0,35.079,15.546
1802,0,0.0,29.71,0.0,0.307,1.0,35.079,15.546
1803,0,0.0,29.71,0.0,0.307,1.0,35.079,15.546
1804,0,0.0,29.71,0.0,0.307,1.0,35.079,15.546
1805,0,0.0,29.71,0.0,0.307,1.0,35.079,15.546
1806,0,0.0,29.71,0.0,0.307,1.0,35.079,15.546
1807,0,0.0,29.71,0.0,0.307,1.0,35.079,15.546
1808,5,29.57,29.71,42.51,5.734,0.913,42.401,286.201
1809,0,0.0,29.71,0.0,0.307,1.0,35.079,15.546
1810,0,0.0,29.71,0.0,0.307,1.0,35.079,15.546
1811,0,0.0,29.71,0.0,0.307,1.0,35.079,15.546
1812,1,21.14,29.71,87.4,0.994,0.649,79.984,89.578
1813,0,0.0,29.71,0.0,0.307,1.0,35.079,15.546
1814,0,0.0,29.71,0.0,0.307,1.0,35.079,15.546
1815,0,0.0,29.71,0.0,0.307,1.0,35.079,15.546
1816,0,0.0,29.71,0.0,0.307,1.0,35.079,15.546
1817,0,0.0,29.71,0.0,0.307,1.0,35.079,15.546
1818,0,0.0,29.71,0.0,0.307,1.0,35.079,15.546
1819,0,0.0,29.71,0.0,0.307,1.0,35.079,15.546
1820,9,23.43,29.71,62.4,8.149,0.74,61.943,587.302
1821,4,28.14,29.71,26.91,4.471,0.877,27.457,148.13
1822,2,27.57,29.71,47.95,2.185,0.801,47.236,122.256
1823,0,0.0,29.71,0.0,0.307,1.0,35.079,15.546
1824,0,0.0,29.71,0.0,0.307,1.0,35.079,15.546
1825,1,5.0,29.71,48.31,0.534,0.349,46.937,29.861
1826,4,8.0,29.71,45.73,0.541,0.106,45.454,28.942
1827,1,20.86,29.57,27.94,0.994,0.648,29.716,37.926
1828,0,0.0,29.57,0.0,0.308,1.0,35.079,15.591
1829,1,1.0,29.57,63.04,0.327,0.213,59.389,22.478
1830,0,0.0,29.57,0.0,0.308,1.0,35.079,15.591
1831,1,20.86,29.57,11.77,0.994,0.648,16.045,23.885
1832,0,0.0,29.57,0.0,0.308,1.0,35.079,15.591
1833,0,0.0,29.57,0.0,0.308,1.0,35.079,15.591
1834,1,19.71,29.57,28.77,0.974,0.634,30.417,37.852
1835,0,0.0,29.57,0.0,0.308,1.0,35.079,15.591
1836,1,0.71,29.57,6.77,0.309,0.202,11.818,6.083
1837,0,0.0,29.57,0.0,0.308,1.0,35.079,15.591
1838,0,0.0,29.57,0.0,0.308,1.0,35.079,15.591
1839,0,0.0,29.57,0.0,0.308,1.0,35.079,15.591
1840,1,1.71,29.57,32.99,0.368,0.24,33.985,15.656
1841,0,0.0,29.57,0.0,0.308,1.0,35.079,15.591
1842,1,14.29,29.57,36.7,0.857,0.558,37.121,39.252
1843,5,29.43,29.57,40.12,5.754,0.913,40.096,271.883
1844,0,0.0,29.57,0.0,0.308,1.0,35.079,15.591
1845,1,25.0,29.57,14.96,1.058,0.689,18.742,28.374
1846,0,0.0,29.57,0.0,0.308,1.0,35.079,15.591
1847,0,0.0,29.57,0.0,0.308,1.0,35.079,15.591
1848,0,0.0,29.57,0.0,0.308,1.0,35.079,15.591
1849,1,27.0,29.57,12.99,1.085,0.707,17.077,27.217
1850,0,0.0,29.57,0.0,0.308,1.0,35.079,15.591
1851,1,9.71,29.57,14.99,0.724,0.471,18.768,19.416
1852,0,0.0,29.57,0.0,0.308,1.0,35.079,15.591
1853,1,2.0,29.57,18.99,0.384,0.25,22.149,11.654
1854,0,0.0,29.57,0.0,0.308,1.0,35.079,15.591
1855,1,1.57,29.57,43.89,0.36,0.234,43.2,18.743
1856,1,26.29,29.43,12.25,1.081,0.702,16.451,26.408
1857,0,0.0,29.43,0.0,0.31,1.0,35.079,15.636
1858,0,0.0,29.43,0.0,0.31,1.0,35.079,15.636
1859,0,0.0,29.43,0.0,0.31,1.0,35.079,15.636
1860,7,28.57,29.43,36.26,8.044,0.924,36.341,343.748
1861,0,0.0,29.43,0.0,0.31,1.0,35.079,15.636
1862,0,0.0,29.43,0.0,0.31,1.0,35.079,15.636
1863,1,28.57,29.43,2.99,1.109,0.72,8.623,18.131
1864,0,0.0,29.43,0.0,0.31,1.0,35.079,15.636
1865,1,24.0,29.43,11.77,1.049,0.681,16.045,25.194
1866,0,0.0,29.43,0.0,0.31,1.0,35.079,15.636
1867,0,0.0,29.43,0.0,0.31,1.0,35.079,15.636
1868,0,0.0,29.43,0.0,0.31,1.0,35.079,15.636
1869,0,0.0,29.43,0.0,0.31,1.0,35.079,15.636
1870,0,0.0,29.43,0.0,0.31,1.0,35.079,15.636
1871,0,0.0,29.43,0.0,0.31,1.0,35.079,15.636
1872,1,2.43,29.43,44.69,0.411,0.267,43.876,21.672
1873,1,9.57,29.43,9.7,0.723,0.469,14.295,16.056
1874,0,0.0,29.43,0.0,0.31,1.0,35.079,15.636
1875,0,0.0,29.43,0.0,0.31,1.0,35.079,15.636
1876,1,24.14,29.43,14.37,1.052,0.682,18.243,27.63
1877,0,0.0,29.43,0.0,0.31,1.0,35.079,15.636
1878,2,10.71,29.43,11.77,1.19,0.433,14.087,23.139
1879,0,0.0,29.43,0.0,0.31,1.0,35.079,15.636
1880,0,0.0,29.43,0.0,0.31,1.0,35.079,15.636
1881,0,0.0,29.43,0.0,0.31,1.0,35.079,15.636
1882,1,11.43,29.43,9.99,0.783,0.508,14.541,17.581
1883,0,0.0,29.43,0.0,0.31,1.0,35.079,15.636
1884,0,0.0,29.29,0.0,0.311,1.0,35.079,15.682
1885,0,0.0,29.29,0.0,0.311,1.0,35.079,15.682
1886,1,16.29,29.29,13.97,0.915,0.592,17.905,23.699
1887,15,23.86,29.29,19.83,12.394,0.679,20.066,293.148
1888,0,0.0,29.29,0.0,0.311,1.0,35.079,15.682
1889,1,16.29,29.29,59.65,0.915,0.592,56.523,60.14
1890,0,0.0,29.29,0.0,0.311,1.0,35.079,15.682
1891,2,20.57,29.29,14.47,1.94,0.704,16.561,42.976
1892,0,0.0,29.29,0.0,0.311,1.0,35.079,15.682
1893,0,0.0,29.29,0.0,0.311,1.0,35.079,15.682
1894,3,22.57,29.29,24.76,3.023,0.764,25.603,94.805
1895,0,0.0,29.29,0.0,0.311,1.0,35.079,15.682
1896,0,0.0,29.29,0.0,0.311,1.0,35.079,15.682
1897,0,0.0,29.29,0.0,0.311,1.0,35.079,15.682
1898,0,0.0,29.29,0.0,0.311,1.0,35.079,15.682
1899,1,12.14,29.29,22.54,0.809,0.523,25.15,27.0
1900,0,0.0,29.29,0.0,0.311,1.0,35.079,15.682
1901,21,4.71,29.29,299.63,0.0,0.0,297.384,0.0
1902,2,20.43,29.29,75.05,1.933,0.702,72.066,160.662
1903,0,0.0,29.29,0.0,0.311,1.0,35.079,15.682
1904,0,0.0,29.29,0.0,0.311,1.0,35.079,15.682
1905,0,0.0,29.29,0.0,0.311,1.0,35.079,15.682
1906,3,19.86,29.29,17.89,2.757,0.697,19.127,66.465
1907,0,0.0,29.29,0.0,0.311,1.0,35.079,15.682
1908,0,0.0,29.29,0.0,0.311,1.0,35.079,15.682
1909,3,16.14,29.29,19.48,2.266,0.573,20.626,58.423
1910,2,20.57,29.29,37.82,1.94,0.704,37.955,88.569
1911,1,2.14,29.29,12.79,0.398,0.257,16.908,9.898
1912,0,0.0,29.29,0.0,0.311,1.0,35.079,15.682
1913,0,0.0,29.29,0.0,0.311,1.0,35.079,15.682
1914,1,0.43,29.29,42.49,0.297,0.192,42.016,15.084
1915,1,17.14,29.14,123.53,0.939,0.605,110.528,113.951
1916,1,3.29,29.14,32.0,0.464,0.299,33.148,19.288
1917,0,0.0,29.14,0.0,0.312,1.0,35.079,15.731
1918,0,0.0,29.14,0.0,0.312,1.0,35.079,15.731
1919,1,25.14,29.14,17.3,1.077,0.694,20.721,31.008
1920,2,18.29,29.14,213.01,1.825,0.66,198.468,404.739
1921,2,3.71,29.14,20.69,0.448,0.162,22.26,12.715
1922,1,5.14,29.14,34.93,0.555,0.358,35.625,24.509
1923,0,0.0,29.14,0.0,0.312,1.0,35.079,15.731
1924,0,0.0,29.14,0.0,0.312,1.0,35.079,15.731
1925,4,28.57,29.14,13.17,4.601,0.89,14.318,83.757
1926,0,0.0,29.14,0.0,0.312,1.0,35.079,15.731
1927,0,0.0,29.14,0.0,0.312,1.0,35.079,15.731
1928,0,0.0,29.14,0.0,0.312,1.0,35.079,15.731
1929,2,27.86,29.14,12.13,2.241,0.81,14.417,44.322
1930,0,0.0,29.14,0.0,0.312,1.0,35.079,15.731
1931,0,0.0,29.14,0.0,0.312,1.0,35.079,15.731
1932,1,22.71,29.14,14.96,1.041,0.671,18.742,27.852
1933,0,0.0,29.14,0.0,0.312,1.0,35.079,15.731
1934,1,19.14,29.14,15.76,0.979,0.631,19.419,26.881
1935,1,11.14,29.14,20.54,0.784,0.505,23.46,24.785
1936,0,0.0,29.14,0.0,0.312,1.0,35.079,15.731
1937,0,0.0,29.14,0.0,0.312,1.0,35.079,15.731
1938,0,0.0,29.14,0.0,0.312,1.0,35.079,15.731
1939,2,27.71,29.14,34.91,2.237,0.809,35.288,95.463
1940,0,0.0,29.14,0.0,0.312,1.0,35.079,15.731
1941,0,0.0,29.14,0.0,0.312,1.0,35.079,15.731
1942,0,0.0,29.14,0.0,0.312,1.0,35.079,15.731
1943,2,20.14,29.14,32.53,1.931,0.698,33.108,77.797
1944,0,0.0,29.14,0.0,0.312,1.0,35.079,15.731
1945,0,0.0,29.0,0.0,0.313,1.0,35.079,15.778
1946,2,4.0,29.0,36.11,0.484,0.174,36.388,21.216
1947,0,0.0,29.0,0.0,0.313,1.0,35.079,15.778
1948,0,0.0,29.0,0.0,0.313,1.0,35.079,15.778
1949,0,0.0,29.0,0.0,0.313,1.0,35.079,15.778
1950,1,15.14,29.0,26.14,0.899,0.577,28.194,32.771
1951,0,0.0,29.0,0.0,0.313,1.0,35.079,15.778
1952,0,0.0,29.0,0.0,0.313,1.0,35.079,15.778
1953,6,21.29,29.0,38.25,5.403,0.711,38.285,242.858
1954,0,0.0,29.0,0.0,0.313,1.0,35.079,15.778
1955,11,23.29,29.0,30.04,9.982,0.734,30.193,353.15
1956,0,0.0,29.0,0.0,0.313,1.0,35.079,15.778
1957,0,0.0,29.0,0.0,0.313,1.0,35.079,15.778
1958,1,3.86,29.0,14.96,0.496,0.319,18.742,13.273
1959,1,1.57,29.0,13.97,0.371,0.238,17.905,9.598
1960,0,0.0,29.0,0.0,0.313,1.0,35.079,15.778
1961,1,28.0,29.0,11.49,1.12,0.719,15.809,26.546
1962,1,18.29,29.0,38.97,0.968,0.622,39.04,46.118
1963,2,10.86,29.0,49.97,1.238,0.446,49.087,71.514
1964,2,25.43,29.0,25.66,2.174,0.783,26.813,72.53
1965,0,0.0,29.0,0.0,0.313,1.0,35.079,15.778
1966,3,1.43,29.0,37.45,0.091,0.023,37.564,4.048
1967,0,0.0,29.0,0.0,0.313,1.0,35.079,15.778
1968,0,0.0,29.0,0.0,0.313,1.0,35.079,15.778
1969,0,0.0,29.0,0.0,0.313,1.0,35.079,15.778
1970,0,0.0,29.0,0.0,0.313,1.0,35.079,15.778
1971,0,0.0,29.0,0.0,0.313,1.0,35.079,15.778
1972,0,0.0,29.0,0.0,0.313,1.0,35.079,15.778
1973,0,0.0,29.0,0.0,0.313,1.0,35.079,15.778
1974,0,0.0,29.0,0.0,0.313,1.0,35.079,15.778
1975,1,8.86,28.86,22.77,0.717,0.459,25.345,24.018
1976,0,0.0,28.86,0.0,0.314,1.0,35.079,15.824
1977,0,0.0,28.86,0.0,0.314,1.0,35.079,15.824
1978,0,0.0,28.86,0.0,0.314,1.0,35.079,15.824
1979,0,0.0,28.86,0.0,0.314,1.0,35.079,15.824
1980,1,1.71,28.86,60.25,0.382,0.244,57.031,25.263
1981,17,28.43,28.86,48.23,20.14,0.965,48.136,1124.269
1982,2,23.71,28.86,15.16,2.121,0.762,17.193,48.35
1983,2,11.86,28.86,35.86,1.347,0.484,36.159,58.697
1984,0,0.0,28.86,0.0,0.314,1.0,35.079,15.824
1985,2,3.0,28.86,26.54,0.385,0.138,27.619,13.173
1986,0,0.0,28.86,0.0,0.314,1.0,35.079,15.824
1987,2,21.29,28.86,20.65,2.014,0.723,22.223,57.005
1988,0,0.0,28.86,0.0,0.314,1.0,35.079,15.824
1989,0,0.0,28.86,0.0,0.314,1.0,35.079,15.824
1990,0,0.0,28.86,0.0,0.314,1.0,35.079,15.824
1991,0,0.0,28.86,0.0,0.314,1.0,35.079,15.824
1992,1,16.71,28.86,13.97,0.94,0.601,17.905,24.303
1993,0,0.0,28.86,0.0,0.314,1.0,35.079,15.824
1994,0,0.0,28.86,0.0,0.314,1.0,35.079,15.824
1995,0,0.0,28.86,0.0,0.314,1.0,35.079,15.824
1996,0,0.0,28.86,0.0,0.314,1.0,35.079,15.824
1997,0,0.0,28.86,0.0,0.314,1.0,35.079,15.824
1998,0,0.0,28.86,0.0,0.314,1.0,35.079,15.824
1999,0,0.0,28.86,0.0,0.314,1.0,35.079,15.824
2000,0,0.0,28.86,0.0,0.314,1.0,35.079,15.824
2001,0,0.0,28.71,0.0,0.315,1.0,35.079,15.875
2002,0,0.0,28.71,0.0,0.315,1.0,35.079,15.875
2003,0,0.0,28.71,0.0,0.315,1.0,35.079,15.875
2004,0,0.0,28.71,0.0,0.315,1.0,35.079,15.875
2005,3,15.86,28.71,62.95,2.31,0.576,61.598,165.07
2006,0,0.0,28.71,0.0,0.315,1.0,35.079,15.875
2007,1,22.71,28.71,21.7,1.058,0.674,24.44,34.445
2008,0,0.0,28.71,0.0,0.315,1.0,35.079,15.875
2009,0,0.0,28.71,0.0,0.315,1.0,35.079,15.875
2010,1,15.14,28.71,19.99,0.909,0.58,22.995,28.252
2011,0,0.0,28.71,0.0,0.315,1.0,35.079,15.875
2012,2,8.43,28.71,20.1,0.999,0.357,21.719,27.711
2013,0,0.0,28.71,0.0,0.315,1.0,35.079,15.875
2014,0,0.0,28.71,0.0,0.315,1.0,35.079,15.875
2015,0,0.0,28.71,0.0,0.315,1.0,35.079,15.875
2016,0,0.0,28.71,0.0,0.315,1.0,35.079,15.875
2017,1,15.57,28.71,11.77,0.92,0.586,16.045,21.999
2018,0,0.0,28.71,0.0,0.315,1.0,35.079,15.875
2019,0,0.0,28.71,0.0,0.315,1.0,35.079,15.875
2020,0,0.0,28.71,0.0,0.315,1.0,35.079,15.875
2021,0,0.0,28.71,0.0,0.315,1.0,35.079,15.875
2022,1,13.0,28.71,27.94,0.854,0.544,29.716,32.426
2023,0,0.0,28.71,0.0,0.315,1.0,35.079,15.875
2024,7,24.29,28.71,16.6,7.431,0.839,17.181,154.2
2025,0,0.0,28.71,0.0,0.315,1.0,35.079,15.875
2026,0,0.0,28.71,0.0,0.315,1.0,35.079,15.875
2027,1,8.71,28.71,10.77,0.716,0.456,15.2,16.507
2028,0,0.0,28.71,0.0,0.315,1.0,35.079,15.875
2029,0,0.0,28.57,0.0,0.316,1.0,35.079,15.922
2030,3,15.14,28.57,29.2,2.215,0.55,29.788,79.572
2031,0,0.0,28.57,0.0,0.316,1.0,35.079,15.922
2032,0,0.0,28.57,0.0,0.316,1.0,35.079,15.922
2033,2,25.29,28.57,34.9,2.207,0.787,35.279,93.892
2034,4,21.71,28.57,26.56,4.003,0.763,27.122,130.394
2035,0,0.0,28.57,0.0,0.316,1.0,35.079,15.922
2036,1,2.29,28.57,13.77,0.422,0.268,17.736,10.818
2037,0,0.0,28.57,0.0,0.316,1.0,35.079,15.922
2038,0,0.0,28.57,0.0,0.316,1.0,35.079,15.922
2039,0,0.0,28.57,0.0,0.316,1.0,35.079,15.922
2040,0,0.0,28.57,0.0,0.316,1.0,35.079,15.922
2041,2,9.57,28.57,13.07,1.135,0.405,15.278,23.457
2042,1,2.14,28.57,66.43,0.413,0.262,62.255,29.507
2043,0,0.0,28.57,0.0,0.316,1.0,35.079,15.922
2044,4,25.14,28.57,37.66,4.431,0.845,37.737,197.282
2045,2,5.71,28.57,30.94,0.695,0.248,31.651,26.806
2046,0,0.0,28.57,0.0,0.316,1.0,35.079,15.922
2047,0,0.0,28.57,0.0,0.316,1.0,35.079,15.922
2048,1,14.86,28.57,14.79,0.908,0.576,18.599,24.08
2049,3,15.0,28.57,43.7,2.192,0.544,43.454,112.165
2050,0,0.0,28.57,0.0,0.316,1.0,35.079,15.922
2051,0,0.0,28.57,0.0,0.316,1.0,35.079,15.922
2052,1,11.0,28.57,12.25,0.799,0.508,16.451,19.439
2053,0,0.0,28.57,0.0,0.316,1.0,35.079,15.922
2054,0,0.0,28.57,0.0,0.316,1.0,35.079,15.922
2055,1,13.14,28.57,50.48,0.863,0.548,48.771,49.641
2056,0,0.0,28.57,0.0,0.316,1.0,35.079,15.922
2057,1,8.43,28.57,14.96,0.71,0.451,18.742,18.947
2058,1,25.43,28.57,122.37,1.104,0.701,109.547,132.463
2059,0,0.0,28.57,0.0,0.316,1.0,35.079,15.922
2060,0,0.0,28.57,0.0,0.316,1.0,35.079,15.922
2061,0,0.0,28.43,0.0,0.318,1.0,35.079,15.969
2062,0,0.0,28.43,0.0,0.318,1.0,35.079,15.969
2063,0,0.0,28.43,0.0,0.318,1.0,35.079,15.969
2064,0,0.0,28.43,0.0,0.318,1.0,35.079,15.969
2065,0,0.0,28.43,0.0,0.318,1.0,35.079,15.969
2066,0,0.0,28.43,0.0,0.318,1.0,35.079,15.969
2067,0,0.0,28.43,0.0,0.318,1.0,35.079,15.969
2068,2,27.71,28.43,39.34,2.297,0.816,39.347,107.903
2069,3,27.71,28.43,19.47,3.48,0.861,20.617,89.33
2070,0,0.0,28.43,0.0,0.318,1.0,35.079,15.969
2071,1,13.86,28.43,8.97,0.887,0.562,13.678,19.038
2072,0,0.0,28.43,0.0,0.318,1.0,35.079,15.969
2073,1,4.14,28.43,35.91,0.525,0.333,36.454,23.569
2074,1,21.14,28.43,28.74,1.043,0.66,30.392,40.295
2075,3,7.29,28.43,11.6,0.768,0.19,13.199,13.353
2076,3,27.71,28.43,27.09,3.48,0.861,27.799,117.201
2077,0,0.0,28.43,0.0,0.318,1.0,35.079,15.969
2078,0,0.0,28.43,0.0,0.318,1.0,35.079,15.969
2079,0,0.0,28.43,0.0,0.318,1.0,35.079,15.969
2080,0,0.0,28.43,0.0,0.318,1.0,35.079,15.969
2081,1,1.43,28.43,4.79,0.374,0.237,10.145,6.668
2082,0,0.0,28.43,0.0,0.318,1.0,35.079,15.969
2083,2,8.43,28.43,44.99,1.019,0.362,44.524,53.613
2084,0,0.0,28.43,0.0,0.318,1.0,35.079,15.969
2085,1,0.86,28.43,14.96,0.339,0.214,18.742,9.033
2086,0,0.0,28.29,0.0,0.319,1.0,35.079,16.017
2087,0,0.0,28.29,0.0,0.319,1.0,35.079,16.017
2088,0,0.0,28.29,0.0,0.319,1.0,35.079,16.017
2089,1,28.29,28.29,12.99,1.152,0.726,17.077,28.716
2090,1,1.29,28.29,16.36,0.368,0.232,19.926,10.26
2091,0,0.0,28.29,0.0,0.319,1.0,35.079,16.017
2092,2,5.43,28.29,21.66,0.677,0.24,23.148,19.79
2093,0,0.0,28.29,0.0,0.319,1.0,35.079,16.017
2094,2,22.14,28.29,25.85,2.105,0.745,26.987,70.361
2095,0,0.0,28.29,0.0,0.319,1.0,35.079,16.017
2096,3,26.0,28.29,45.64,3.409,0.84,45.283,181.105
2097,0,0.0,28.29,0.0,0.319,1.0,35.079,16.017
2098,4,11.14,28.29,77.06,1.427,0.27,75.415,123.874
2099,0,0.0,28.29,0.0,0.319,1.0,35.079,16.017
2100,1,11.0,28.29,31.76,0.809,0.51,32.945,33.354
2101,1,7.57,28.29,54.51,0.686,0.432,52.178,41.805
2102,0,0.0,28.29,0.0,0.319,1.0,35.079,16.017
2103,0,0.0,28.29,0.0,0.319,1.0,35.079,16.017
2104,1,18.86,28.29,48.91,1.007,0.635,47.444,56.487
2105,0,0.0,28.29,0.0,0.319,1.0,35.079,16.017
2106,3,21.14,28.29,18.82,3.04,0.75,20.004,75.907
2107,0,0.0,28.29,0.0,0.319,1.0,35.079,16.017
2108,0,0.0,28.29,0.0,0.319,1.0,35.079,16.017
2109,0,0.0,28.29,0.0,0.319,1.0,35.079,16.017
2110,1,13.29,28.29,15.76,0.877,0.553,19.419,23.976
2111,1,1.57,28.29,42.29,0.385,0.243,41.847,19.411
2112,0,0.0,28.29,0.0,0.319,1.0,35.079,16.017
2113,0,0.0,28.29,0.0,0.319,1.0,35.079,16.017
2114,0,0.0,28.29,0.0,0.319,1.0,35.079,16.017
2115,0,0.0,28.29,0.0,0.319,1.0,35.079,16.017
2116,0,0.0,28.29,0.0,0.319,1.0,35.079,16.017
2117,1,19.0,28.29,14.37,1.01,0.637,18.243,26.378
2118,0,0.0,28.29,0.0,0.319,1.0,35.079,16.017
2119,1,4.29,28.29,176.86,0.537,0.339,155.614,89.736
2120,0,0.0,28.14,0.0,0.32,1.0,35.079,16.069
2121,3,27.71,28.14,33.47,3.52,0.865,33.812,141.92
2122,0,0.0,28.14,0.0,0.32,1.0,35.079,16.069
2123,6,12.43,28.14,37.81,1.331,0.172,37.858,58.936
2124,0,0.0,28.14,0.0,0.32,1.0,35.079,16.069
2125,0,0.0,28.14,0.0,0.32,1.0,35.079,16.069
2126,0,0.0,28.14,0.0,0.32,1.0,35.079,16.069
2127,0,0.0,28.14,0.0,0.32,1.0,35.079,16.069
2128,3,24.43,28.14,53.57,3.331,0.818,52.757,204.58
2129,0,0.0,28.14,0.0,0.32,1.0,35.079,16.069
2130,0,0.0,28.14,0.0,0.32,1.0,35.079,16.069
2131,0,0.0,28.14,0.0,0.32,1.0,35.079,16.069
2132,2,25.0,28.14,19.64,2.234,0.788,21.298,60.753
2133,5,9.57,28.14,40.54,0.736,0.113,40.501,34.867
2134,0,0.0,28.14,0.0,0.32,1.0,35.079,16.069
2135,1,3.57,28.14,47.28,0.503,0.316,46.066,27.505
2136,0,0.0,28.14,0.0,0.32,1.0,35.079,16.069
2137,0,0.0,28.14,0.0,0.32,1.0,35.079,16.069
2138,1,2.86,28.14,16.7,0.464,0.292,20.213,13.061
2139,0,0.0,28.14,0.0,0.32,1.0,35.079,16.069
2140,1,7.14,28.14,24.99,0.673,0.423,27.222,23.766
2141,0,0.0,28.14,0.0,0.32,1.0,35.079,16.069
2142,0,0.0,28.14,0.0,0.32,1.0,35.079,16.069
2143,2,17.0,28.14,41.83,1.831,0.646,41.629,90.428
2144,0,0.0,28.14,0.0,0.32,1.0,35.079,16.069
2145,1,5.43,28.14,11.77,0.597,0.375,16.045,14.239
2146,2,24.57,28.14,13.57,2.218,0.782,15.736,46.851
2147,0,0.0,28.14,0.0,0.32,1.0,35.079,16.069
2148,0,0.0,28.0,0.0,0.321,1.0,35.079,16.118
2149,7,26.86,28.0,37.83,8.286,0.919,37.871,365.98
2150,0,0.0,28.0,0.0,0.321,1.0,35.079,16.118
2151,0,0.0,28.0,0.0,0.321,1.0,35.079,16.118
2152,2,14.29,28.0,48.68,1.639,0.576,47.905,92.114
2153,0,0.0,28.0,0.0,0.321,1.0,35.079,16.118
2154,2,21.86,28.0,22.55,2.118,0.744,23.964,63.721
2155,2,2.86,28.0,15.37,0.399,0.14,17.385,9.135
2156,0,0.0,28.0,0.0,0.321,1.0,35.079,16.118
2157,0,0.0,28.0,0.0,0.321,1.0,35.079,16.118
2158,0,0.0,28.0,0.0,0.321,1.0,35.079,16.118
2159,0,0.0,28.0,0.0,0.321,1.0,35.079,16.118
2160,0,0.0,28.0,0.0,0.321,1.0,35.079,16.118
2161,2,8.43,28.0,38.13,1.049,0.369,38.239,47.912
2162,0,0.0,28.0,0.0,0.321,1.0,35.079,16.118
2163,8,27.57,28.0,51.97,9.606,0.937,51.69,574.586
2164,0,0.0,28.0,0.0,0.321,1.0,35.079,16.118
2165,0,0.0,28.0,0.0,0.321,1.0,35.079,16.118
2166,5,18.43,28.0,18.63,4.131,0.63,19.364,97.009
2167,0,0.0,28.0,0.0,0.321,1.0,35.079,16.118
2168,1,8.43,28.0,14.37,0.729,0.456,18.243,19.026
2169,0,0.0,28.0,0.0,0.321,1.0,35.079,16.118
2170,1,1.43,28.0,15.36,0.383,0.24,19.08,10.32
2171,0,0.0,28.0,0.0,0.321,1.0,35.079,16.118
2172,1,3.57,28.0,19.54,0.507,0.317,22.614,15.499
2173,0,0.0,28.0,0.0,0.321,1.0,35.079,16.118
2174,0,0.0,28.0,0.0,0.321,1.0,35.079,16.118
2175,1,11.29,28.0,29.6,0.829,0.519,31.119,32.565
2176,0,0.0,28.0,0.0,0.321,1.0,35.079,16.118
2177,3,8.0,28.0,12.57,0.934,0.229,14.113,17.158
2178,0,0.0,28.0,0.0,0.321,1.0,35.079,16.118
2179,2,20.57,27.86,54.59,2.068,0.724,53.32,128.38
2180,0,0.0,27.86,0.0,0.322,1.0,35.079,16.167
2181,0,0.0,27.86,0.0,0.322,1.0,35.079,16.167
2182,0,0.0,27.86,0.0,0.322,1.0,35.079,16.167
2183,2,12.57,27.86,62.23,1.499,0.525,60.32,104.466
2184,1,19.57,27.86,26.33,1.038,0.647,28.355,37.809
2185,0,0.0,27.86,0.0,0.322,1.0,35.079,16.167
2186,0,0.0,27.86,0.0,0.322,1.0,35.079,16.167
2187,0,0.0,27.86,0.0,0.322,1.0,35.079,16.167
2188,0,0.0,27.86,0.0,0.322,1.0,35.079,16.167
2189,1,0.14,27.86,14.79,0.302,0.189,18.599,7.992
2190,0,0.0,27.86,0.0,0.322,1.0,35.079,16.167
2191,2,25.71,27.86,59.66,2.284,0.8,57.965,153.36
2192,0,0.0,27.86,0.0,0.322,1.0,35.079,16.167
2193,0,0.0,27.86,0.0,0.322,1.0,35.079,16.167
2194,0,0.0,27.86,0.0,0.322,1.0,35.079,16.167
2195,0,0.0,27.86,0.0,0.322,1.0,35.079,16.167
2196,2,23.71,27.86,12.02,2.211,0.774,14.316,43.196
2197,0,0.0,27.86,0.0,0.322,1.0,35.079,16.167
2198,0,0.0,27.86,0.0,0.322,1.0,35.079,16.167
2199,1,7.43,27.86,9.98,0.694,0.433,14.532,15.458
2200,0,0.0,27.86,0.0,0.322,1.0,35.079,16.167
2201,1,23.57,27.86,37.95,1.106,0.69,38.178,51.417
2202,2,24.43,27.86,87.9,2.238,0.784,83.839,213.435
2203,0,0.0,27.86,0.0,0.322,1.0,35.079,16.167
2204,0,0.0,27.86,0.0,0.322,1.0,35.079,16.167
2205,1,1.71,27.86,100.37,0.403,0.251,90.948,40.544
2206,0,0.0,27.86,0.0,0.322,1.0,35.079,16.167
2207,2,7.57,27.71,20.96,0.969,0.338,22.507,27.555
2208,0,0.0,27.71,0.0,0.324,1.0,35.079,16.219
2209,0,0.0,27.71,0.0,0.324,1.0,35.079,16.219
2210,3,25.71,27.71,18.43,3.474,0.844,19.636,85.057
2211,0,0.0,27.71,0.0,0.324,1.0,35.079,16.219
2212,0,0.0,27.71,0.0,0.324,1.0,35.079,16.219
2213,0,0.0,27.71,0.0,0.324,1.0,35.079,16.219
2214,1,21.57,27.71,5.96,1.08,0.671,11.134,20.277
2215,0,0.0,27.71,0.0,0.324,1.0,35.079,16.219
2216,0,0.0,27.71,0.0,0.324,1.0,35.079,16.219
2217,0,0.0,27.71,0.0,0.324,1.0,35.079,16.219
2218,1,14.0,27.71,11.77,0.919,0.571,16.045,21.863
2219,0,0.0,27.71,0.0,0.324,1.0,35.079,16.219
2220,9,25.29,27.71,15.81,10.414,0.901,16.28,202.307
2221,3,20.14,27.71,125.6,3.029,0.736,120.649,414.124
2222,0,0.0,27.71,0.0,0.324,1.0,35.079,16.219
2223,0,0.0,27.71,0.0,0.324,1.0,35.079,16.219
2224,0,0.0,27.71,0.0,0.324,1.0,35.079,16.219
2225,0,0.0,27.71,0.0,0.324,1.0,35.079,16.219
2226,0,0.0,27.71,0.0,0.324,1.0,35.079,16.219
2227,0,0.0,27.71,0.0,0.324,1.0,35.079,16.219
2228,3,19.86,27.57,28.39,3.022,0.732,29.024,105.422
2229,0,0.0,27.57,0.0,0.325,1.0,35.079,16.269
2230,0,0.0,27.57,0.0,0.325,1.0,35.079,16.269
2231,2,26.43,27.57,41.44,2.334,0.811,41.271,114.063
2232,0,0.0,27.57,0.0,0.325,1.0,35.079,16.269
2233,1,27.29,27.57,38.97,1.17,0.724,39.04,55.344
2234,1,21.43,27.57,71.5,1.084,0.671,66.542,81.733
2235,1,7.71,27.57,39.98,0.715,0.443,39.894,34.465
2236,0,0.0,27.57,0.0,0.325,1.0,35.079,16.269
2237,0,0.0,27.57,0.0,0.325,1.0,35.079,16.269
2238,0,0.0,27.57,0.0,0.325,1.0,35.079,16.269
2239,2,6.43,27.57,45.61,0.839,0.292,45.092,44.487
2240,6,27.57,27.57,31.1,7.297,0.927,31.346,268.396
2241,0,0.0,27.57,0.0,0.325,1.0,35.079,16.269
2242,0,0.0,27.57,0.0,0.325,1.0,35.079,16.269
2243,0,0.0,27.57,0.0,0.325,1.0,35.079,16.269
2244,0,0.0,27.57,0.0,0.325,1.0,35.079,16.269
2245,0,0.0,27.57,0.0,0.325,1.0,35.079,16.269
2246,0,0.0,27.57,0.0,0.325,1.0,35.079,16.269
2247,0,0.0,27.43,0.0,0.326,1.0,35.079,16.319
2248,0,0.0,27.43,0.0,0.326,1.0,35.079,16.319
2249,0,0.0,27.43,0.0,0.326,1.0,35.079,16.319
2250,1,9.71,27.43,18.76,0.797,0.491,21.955,23.75
2251,0,0.0,27.43,0.0,0.326,1.0,35.079,16.319
2252,1,8.43,27.43,13.77,0.749,0.462,17.736,19.097
2253,0,0.0,27.43,0.0,0.326,1.0,35.079,16.319
2254,1,3.71,27.43,61.24,0.53,0.327,57.868,35.253
2255,0,0.0,27.43,0.0,0.326,1.0,35.079,16.319
2256,0,0.0,27.43,0.0,0.326,1.0,35.079,16.319
2257,0,0.0,27.43,0.0,0.326,1.0,35.079,16.319
2258,0,0.0,27.43,0.0,0.326,1.0,35.079,16.319
2259,0,0.0,27.43,0.0,0.326,1.0,35.079,16.319
2260,1,9.0,27.43,95.95,0.771,0.475,87.212,74.385
2261,4,23.0,27.43,79.86,4.434,0.821,78.092,396.56
2262,0,0.0,27.43,0.0,0.326,1.0,35.079,16.319
2263,0,0.0,27.43,0.0,0.326,1.0,35.079,16.319
2264,2,27.0,27.43,77.29,2.365,0.819,74.118,200.0
2265,0,0.0,27.43,0.0,0.326,1.0,35.079,16.319
2266,0,0.0,27.43,0.0,0.326,1.0,35.079,16.319
2267,0,0.0,27.43,0.0,0.326,1.0,35.079,16.319
2268,0,0.0,27.43,0.0,0.326,1.0,35.079,16.319
2269,0,0.0,27.43,0.0,0.326,1.0,35.079,16.319
2270,1,16.29,27.43,14.96,0.987,0.609,18.742,26.171
2271,0,0.0,27.29,0.0,0.327,1.0,35.079,16.37
2272,0,0.0,27.29,0.0,0.327,1.0,35.079,16.37
2273,0,0.0,27.29,0.0,0.327,1.0,35.079,16.37
2274,1,4.86,27.29,26.99,0.595,0.365,28.913,21.936
2275,0,0.0,27.29,0.0,0.327,1.0,35.079,16.37
2276,0,0.0,27.29,0.0,0.327,1.0,35.079,16.37
2277,0,0.0,27.29,0.0,0.327,1.0,35.079,16.37
2278,1,22.14,27.29,45.29,1.107,0.68,44.383,58.354
2279,0,0.0,27.29,0.0,0.327,1.0,35.079,16.37
2280,2,20.71,27.29,29.65,2.129,0.734,30.469,78.871
2281,0,0.0,27.29,0.0,0.327,1.0,35.079,16.37
2282,1,0.71,27.29,14.37,0.351,0.216,18.243,9.129
2283,0,0.0,27.29,0.0,0.327,1.0,35.079,16.37
2284,0,0.0,27.29,0.0,0.327,1.0,35.079,16.37
2285,6,13.29,27.29,41.79,1.983,0.25,41.72,96.037
2286,0,0.0,27.29,0.0,0.327,1.0,35.079,16.37
2287,0,0.0,27.29,0.0,0.327,1.0,35.079,16.37
2288,0,0.0,27.29,0.0,0.327,1.0,35.079,16.37
2289,0,0.0,27.29,0.0,0.327,1.0,35.079,16.37
2290,1,15.86,27.29,29.33,0.982,0.604,30.891,38.225
2291,0,0.0,27.29,0.0,0.327,1.0,35.079,16.37
2292,0,0.0,27.29,0.0,0.327,1.0,35.079,16.37
2293,2,15.43,27.29,22.15,1.796,0.62,23.597,53.122
2294,6,21.14,27.29,34.67,6.084,0.767,34.811,247.278
2295,0,0.0,27.14,0.0,0.329,1.0,35.079,16.424
2296,1,12.14,27.14,25.34,0.888,0.543,27.518,31.47
2297,0,0.0,27.14,0.0,0.329,1.0,35.079,16.424
2298,0,0.0,27.14,0.0,0.329,1.0,35.079,16.424
2299,0,0.0,27.14,0.0,0.329,1.0,35.079,16.424
2300,0,0.0,27.14,0.0,0.329,1.0,35.079,16.424
2301,2,19.0,27.14,38.37,2.051,0.705,38.458,93.715
2302,0,0.0,27.14,0.0,0.329,1.0,35.079,16.424
2303,7,23.43,27.14,38.57,7.889,0.856,38.592,353.31
2304,0,0.0,27.14,0.0,0.329,1.0,35.079,16.424
2305,1,24.43,27.14,27.98,1.15,0.704,29.749,43.363
2306,2,8.29,27.14,40.41,1.097,0.377,40.328,52.368
2307,1,6.14,27.14,14.96,0.661,0.405,18.742,17.518
2308,1,1.57,27.14,28.93,0.411,0.251,30.553,15.827
2309,1,0.43,27.14,15.96,0.335,0.205,19.588,9.166
2310,0,0.0,27.14,0.0,0.329,1.0,35.079,16.424
2311,0,0.0,27.14,0.0,0.329,1.0,35.079,16.424
2312,1,25.86,27.14,12.49,1.17,0.716,16.654,28.491
2313,5,18.0,27.14,20.68,4.287,0.64,21.341,109.759
2314,0,0.0,27.14,0.0,0.329,1.0,35.079,16.424
2315,1,7.86,27.14,50.87,0.736,0.451,49.101,42.322
2316,0,0.0,27.14,0.0,0.329,1.0,35.079,16.424
2317,0,0.0,27.14,0.0,0.329,1.0,35.079,16.424
2318,2,13.29,27.14,23.66,1.631,0.56,24.981,50.642
2319,0,0.0,27.14,0.0,0.329,1.0,35.079,16.424
2320,0,0.0,27.14,0.0,0.329,1.0,35.079,16.424
2321,0,0.0,27.14,0.0,0.329,1.0,35.079,16.424
2322,0,0.0,27.14,0.0,0.329,1.0,35.079,16.424
2323,0,0.0,27.14,0.0,0.329,1.0,35.079,16.424
2324,0,0.0,27.14,0.0,0.329,1.0,35.079,16.424
2325,1,2.57,27.14,22.99,0.473,0.289,25.531,15.79
2326,0,0.0,27.14,0.0,0.329,1.0,35.079,16.424
2327,0,0.0,27.14,0.0,0.329,1.0,35.079,16.424
2328,1,21.43,27.0,34.97,1.108,0.676,35.659,48.437
2329,0,0.0,27.0,0.0,0.33,1.0,35.079,16.475
2330,1,13.71,27.0,15.36,0.939,0.573,19.08,25.176
2331,0,0.0,27.0,0.0,0.33,1.0,35.079,16.475
2332,5,13.0,27.0,146.96,2.193,0.326,143.166,356.07
2333,1,20.43,27.0,68.63,1.09,0.665,64.115,79.297
2334,0,0.0,27.0,0.0,0.33,1.0,35.079,16.475
2335,1,2.57,27.0,32.91,0.476,0.29,33.917,19.972
2336,2,6.86,27.0,21.85,0.931,0.319,23.322,27.203
2337,0,0.0,27.0,0.0,0.33,1.0,35.079,16.475
2338,0,0.0,27.0,0.0,0.33,1.0,35.079,16.475
2339,1,11.71,27.0,21.0,0.88,0.537,23.849,27.878
2340,2,17.57,27.0,43.8,1.976,0.677,43.434,100.923
2341,0,0.0,27.0,0.0,0.33,1.0,35.079,16.475
2342,1,6.29,27.0,52.69,0.673,0.41,50.639,39.704
2343,0,0.0,27.0,0.0,0.33,1.0,35.079,16.475
2344,2,12.0,27.0,15.24,1.521,0.521,17.266,34.458
2345,0,0.0,27.0,0.0,0.33,1.0,35.079,16.475
2346,1,7.57,27.0,11.77,0.729,0.445,16.045,17.298
2347,2,9.86,27.0,32.64,1.293,0.443,33.208,51.663
2348,7,24.14,27.0,16.36,8.144,0.88,16.947,165.374
2349,1,9.29,27.0,13.97,0.797,0.486,17.905,20.423
2350,2,21.86,27.0,18.56,2.212,0.757,20.308,57.427
2351,0,0.0,27.0,0.0,0.33,1.0,35.079,16.475
2352,0,0.0,27.0,0.0,0.33,1.0,35.079,16.475
2353,0,0.0,27.0,0.0,0.33,1.0,35.079,16.475
2354,5,24.29,27.0,44.93,5.846,0.869,44.736,303.14
2355,0,0.0,27.0,0.0,0.33,1.0,35.079,16.475
2356,4,26.57,27.0,33.32,4.865,0.891,33.587,192.306
2357,0,0.0,27.0,0.0,0.33,1.0,35.079,16.475
