Customer Email;Order Date;Total (DKK)
user378@shop.com;26/01/2024;36.68
user250@shop.com;03/02/2025;38.16
User273@Shop.com;09/04/2025;112.93
User358@Shop.com;16/04/2025;61.44
user231@shop.com;14/05/2025;89.28
user310@shop.com;19/05/2025;50.82
User333@Shop.com;01/06/2025;32.69
User90@Shop.com;15/07/2025;41.66
user23@shop.com;30/09/2025;31.58
user120@shop.com;05/11/2025;50.04
user114@shop.com;30/11/2025;46.02
User349@Shop.com;02/01/2024;-42.83
User365@Shop.com;07/01/2024;37.69
User3@Shop.com;02/02/2024;53.93
user200@shop.com;06/03/2024;75.83
User328@Shop.com;04/06/2024;27.08
user53@shop.com;10/06/2024;53.93
User319@Shop.com;11/06/2024;-27.21
user48@shop.com;30/06/2024;20.43
user187@shop.com;04/07/2024;27.11
User326@Shop.com;09/07/2024;-12.04
User121@Shop.com;16/09/2024;63.81
User137@Shop.com;10/10/2024;36.94
user112@shop.com;19/01/2025;42.37
User288@Shop.com;28/04/2025;77.98
user102@shop.com;02/06/2025;17.55
user396@shop.com;01/11/2025;78.98
user178@shop.com;18/12/2025;17.6
user191@shop.com;09/04/2024;73.89
user202@shop.com;15/06/2024;50.38
User233@Shop.com;25/07/2024;24.51
user221@shop.com;03/08/2024;-66.54
user204@shop.com;08/10/2024;78.59
User398@Shop.com;24/12/2024;76.79
user323@shop.com;16/02/2025;80.74
user317@shop.com;20/03/2025;77.22
user280@shop.com;07/04/2025;14.98
user249@shop.com;15/04/2025;21.83
user137@shop.com;26/07/2025;55.66
User395@Shop.com;28/08/2025;54.3
user187@shop.com;29/03/2024;51.43
User86@Shop.com;14/06/2024;40.87
User338@Shop.com;19/06/2024;74.62
user64@shop.com;29/06/2024;27.8
user343@shop.com;03/07/2024;75.0
user245@shop.com;14/07/2024;46.31
user46@shop.com;17/08/2024;118.55
user18@shop.com;01/10/2024;10.66
User178@Shop.com;15/10/2024;37.98
user15@shop.com;21/11/2024;53.82
User57@Shop.com;06/01/2025;117.16
User206@Shop.com;05/02/2025;42.65
user388@shop.com;20/04/2025;72.67
user187@shop.com;01/10/2025;65.38
User323@Shop.com;20/11/2025;46.54
User366@Shop.com;30/11/2025;10.73
user329@shop.com;18/12/2025;32.65
User252@Shop.com;13/01/2024;86.82
user177@shop.com;22/01/2024;13.72
user206@shop.com;31/03/2024;214.44
user107@shop.com;23/05/2024;-55.88
User199@Shop.com;12/07/2024;35.02
user152@shop.com;14/07/2024;41.63
user99@shop.com;28/08/2024;21.57
;20/09/2024;23.61
user5@shop.com;07/10/2024;52.99
User39@Shop.com;09/10/2024;46.79
User77@Shop.com;12/10/2024;20.75
User387@Shop.com;15/10/2024;6.88
user277@shop.com;29/10/2024;68.68
User352@Shop.com;08/11/2024;86.76
user81@shop.com;01/12/2024;13.11
user288@shop.com;27/01/2025;58.76
user148@shop.com;31/01/2025;63.13
user196@shop.com;01/03/2025;23.31
user2@shop.com;21/05/2025;56.22
User247@Shop.com;20/06/2025;7.87
User332@Shop.com;13/09/2025;-109.62
user265@shop.com;31/10/2025;58.42
user62@shop.com;15/11/2025;30.49
user213@shop.com;26/11/2025;65.71
user107@shop.com;17/02/2024;22.02
user385@shop.com;28/06/2024;30.1
User352@Shop.com;14/12/2024;14.29
user75@shop.com;06/06/2025;53.86
User204@Shop.com;30/07/2025;87.67
User375@Shop.com;10/09/2025;34.8
user339@shop.com;22/01/2024;17.7
User283@Shop.com;15/02/2024;72.83
User256@Shop.com;21/02/2024;30.7
User17@Shop.com;01/04/2024;67.71
user296@shop.com;30/04/2024;42.26
User189@Shop.com;11/05/2024;45.6
User37@Shop.com;03/06/2024;59.23
user98@shop.com;22/06/2024;94.73
user216@shop.com;23/06/2024;141.83
user290@shop.com;09/10/2024;65.02
User203@Shop.com;11/11/2024;81.44
User245@Shop.com;19/11/2024;77.32
user348@shop.com;01/01/2025;47.83
User274@Shop.com;06/05/2025;34.57
User145@Shop.com;11/05/2025;17.26
user257@shop.com;21/05/2025;52.56
user239@shop.com;01/08/2025;17.88
User44@Shop.com;04/11/2025;24.92
user24@shop.com;30/05/2024;73.08
user264@shop.com;10/06/2024;94.72
User155@Shop.com;17/06/2024;70.33
User239@Shop.com;10/07/2024;22.4
;14/09/2024;28.35
user91@shop.com;25/12/2024;64.19
user60@shop.com;19/02/2025;76.25
User153@Shop.com;18/04/2025;92.19
User326@Shop.com;08/06/2025;37.3
User160@Shop.com;14/06/2025;16.45
user152@shop.com;17/07/2025;105.14
user230@shop.com;12/10/2025;66.14
user391@shop.com;12/10/2025;26.57
User157@Shop.com;19/12/2025;39.47
user236@shop.com;07/03/2024;63.26
user176@shop.com;13/03/2024;11.94
;27/04/2024;135.01
User178@Shop.com;05/06/2024;10.25
user255@shop.com;09/06/2024;79.93
user219@shop.com;16/07/2024;81.51
user270@shop.com;20/07/2024;-14.07
user382@shop.com;22/07/2024;42.35
User61@Shop.com;07/08/2024;59.2
User225@Shop.com;16/09/2024;35.53
User176@Shop.com;18/09/2024;150.13
;23/10/2024;63.91
user96@shop.com;27/11/2024;78.69
user21@shop.com;05/02/2025;50.89
User161@Shop.com;16/07/2025;15.48
user330@shop.com;01/08/2025;58.8
User39@Shop.com;07/11/2025;6.85
user163@shop.com;05/01/2024;158.57
user387@shop.com;01/02/2024;29.85
User380@Shop.com;15/02/2024;184.08
user86@shop.com;06/03/2024;23.36
user4@shop.com;15/03/2024;30.9
user269@shop.com;19/03/2024;21.37
User6@Shop.com;04/05/2024;43.6
user120@shop.com;01/08/2024;43.19
user199@shop.com;16/11/2024;70.65
user349@shop.com;23/11/2024;26.27
User38@Shop.com;22/01/2025;53.45
user265@shop.com;23/02/2025;38.3
user213@shop.com;01/03/2025;86.33
User53@Shop.com;24/04/2025;41.64
;22/05/2025;37.12
User338@Shop.com;25/06/2025;76.43
user193@shop.com;30/06/2025;39.55
User378@Shop.com;03/08/2025;49.58
user243@shop.com;20/09/2025;46.49
User361@Shop.com;13/10/2025;19.42
User384@Shop.com;01/11/2025;35.81
User228@Shop.com;24/11/2025;28.61
User113@Shop.com;24/11/2025;114.43
user59@shop.com;06/02/2024;72.81
User225@Shop.com;18/02/2024;31.94
user77@shop.com;05/11/2024;37.59
User300@Shop.com;01/04/2025;45.97
User371@Shop.com;21/07/2025;20.26
user98@shop.com;30/07/2025;55.95
user221@shop.com;06/09/2025;30.31
user20@shop.com;18/09/2025;72.68
User73@Shop.com;27/09/2025;1.21
user151@shop.com;12/01/2024;61.02
User353@Shop.com;01/02/2024;58.39
user387@shop.com;25/04/2024;45.36
User256@Shop.com;31/05/2024;33.35
User233@Shop.com;04/07/2024;110.29
user228@shop.com;02/10/2024;81.3
user25@shop.com;09/10/2024;51.74
user151@shop.com;29/10/2024;15.29
user393@shop.com;31/10/2024;34.8
User164@Shop.com;17/12/2024;23.5
User86@Shop.com;29/04/2025;57.29
User96@Shop.com;10/05/2025;90.5
user285@shop.com;03/08/2025;24.13
User16@Shop.com;26/08/2025;44.8
user387@shop.com;01/10/2025;114.69
User350@Shop.com;29/11/2025;11.44
User227@Shop.com;10/12/2025;19.53
user187@shop.com;12/01/2024;45.8
User304@Shop.com;19/01/2024;41.55
User219@Shop.com;08/03/2024;18.58
User191@Shop.com;20/05/2024;12.43
User129@Shop.com;26/07/2024;24.31
user179@shop.com;19/08/2024;47.07
user300@shop.com;17/09/2024;67.74
user22@shop.com;24/12/2024;12.41
User11@Shop.com;20/01/2025;47.87
User288@Shop.com;13/02/2025;29.79
user149@shop.com;22/02/2025;22.17
User321@Shop.com;10/03/2025;79.03
user13@shop.com;11/03/2025;28.08
user362@shop.com;24/04/2025;-40.52
user50@shop.com;03/07/2025;8.69
user166@shop.com;19/10/2025;6.13
user386@shop.com;24/11/2025;67.14
user44@shop.com;26/11/2025;47.33
user263@shop.com;04/01/2024;23.47
user291@shop.com;28/01/2024;76.9
User171@Shop.com;03/03/2024;29.55
user32@shop.com;05/03/2024;36.06
user209@shop.com;15/03/2024;19.34
User173@Shop.com;24/04/2024;30.54
user349@shop.com;09/07/2024;121.5
user273@shop.com;25/07/2024;21.46
User138@Shop.com;26/07/2024;22.78
User24@Shop.com;30/09/2024;25.35
User236@Shop.com;27/11/2024;20.67
user112@shop.com;19/12/2024;56.27
User273@Shop.com;28/01/2025;41.73
;12/05/2025;16.7
user142@shop.com;01/06/2025;23.58
user361@shop.com;26/06/2025;68.17
User208@Shop.com;29/06/2025;24.49
User212@Shop.com;04/07/2025;133.43
user306@shop.com;17/07/2025;37.08
user315@shop.com;20/07/2025;106.77
User363@Shop.com;09/09/2025;129.36
User399@Shop.com;20/09/2025;86.95
user61@shop.com;24/11/2025;43.94
user165@shop.com;15/12/2025;42.6
user373@shop.com;17/12/2025;19.23
User123@Shop.com;05/01/2024;61.59
user3@shop.com;01/03/2024;145.81
user230@shop.com;25/03/2024;185.89
user301@shop.com;29/03/2024;81.1
user297@shop.com;30/03/2024;61.14
user324@shop.com;31/03/2024;31.98
user257@shop.com;20/04/2024;62.54
User55@Shop.com;03/07/2024;88.93
user339@shop.com;18/10/2024;18.13
User168@Shop.com;25/10/2024;7.15
User339@Shop.com;12/01/2025;16.04
user326@shop.com;03/02/2025;78.53
user388@shop.com;07/02/2025;82.07
user6@shop.com;21/02/2025;13.63
User346@Shop.com;08/04/2025;23.84
;09/05/2025;24.79
User194@Shop.com;17/05/2025;14.78
user317@shop.com;15/08/2025;32.31
User380@Shop.com;28/08/2025;67.5
User205@Shop.com;07/01/2024;49.05
user35@shop.com;23/01/2024;30.31
User290@Shop.com;31/07/2024;13.41
user93@shop.com;02/08/2024;94.38
User91@Shop.com;04/08/2024;33.72
User77@Shop.com;09/09/2024;31.1
User80@Shop.com;14/10/2024;57.13
user364@shop.com;29/11/2024;52.65
User145@Shop.com;25/12/2024;14.65
user43@shop.com;20/05/2025;12.74
user72@shop.com;01/07/2025;152.78
user158@shop.com;23/10/2025;115.04
user139@shop.com;23/11/2025;105.16
User124@Shop.com;01/02/2024;118.08
user379@shop.com;07/02/2024;87.2
user346@shop.com;12/03/2024;86.71
user229@shop.com;18/03/2024;42.15
User394@Shop.com;25/03/2024;58.98
user136@shop.com;09/05/2024;88.72
user55@shop.com;13/07/2024;56.59
User109@Shop.com;26/07/2024;32.77
User36@Shop.com;08/08/2024;70.86
User380@Shop.com;05/09/2024;51.83
User88@Shop.com;24/10/2024;39.37
user178@shop.com;12/11/2024;5.79
User81@Shop.com;12/11/2024;62.51
User392@Shop.com;25/12/2024;-138.52
User64@Shop.com;04/02/2025;82.83
User206@Shop.com;14/02/2025;52.77
user380@shop.com;23/02/2025;79.06
user208@shop.com;27/03/2025;16.11
User359@Shop.com;18/05/2025;48.21
User358@Shop.com;30/05/2025;77.01
user307@shop.com;17/06/2025;53.38
user297@shop.com;04/07/2025;125.34
user231@shop.com;03/08/2025;69.8
user232@shop.com;15/08/2025;21.78
User332@Shop.com;03/01/2024;97.53
user171@shop.com;25/01/2024;35.39
User378@Shop.com;01/05/2024;82.17
user351@shop.com;30/06/2024;117.97
user150@shop.com;02/08/2024;21.27
user165@shop.com;12/08/2024;18.26
User286@Shop.com;20/09/2024;95.13
user369@shop.com;11/11/2024;65.71
user39@shop.com;09/03/2025;18.81
User28@Shop.com;14/03/2025;54.94
User100@Shop.com;20/05/2025;25.76
user172@shop.com;03/06/2025;115.06
User65@Shop.com;17/06/2025;43.58
user208@shop.com;25/06/2025;98.1
User216@Shop.com;16/08/2025;50.03
user380@shop.com;22/08/2025;7.58
User298@Shop.com;30/08/2025;3.1
user101@shop.com;05/09/2025;53.44
User314@Shop.com;19/03/2024;57.77
user322@shop.com;12/08/2024;39.35
user272@shop.com;30/08/2024;107.94
User270@Shop.com;01/11/2024;25.82
;19/11/2024;43.33
user287@shop.com;07/03/2025;29.96
user54@shop.com;10/06/2025;31.51
User252@Shop.com;30/07/2025;90.16
;01/11/2025;11.08
user388@shop.com;23/02/2024;7.26
user119@shop.com;02/03/2024;59.26
;28/03/2024;14.97
User247@Shop.com;26/05/2024;36.17
user159@shop.com;12/07/2024;110.61
User292@Shop.com;20/08/2024;116.51
User81@Shop.com;15/09/2024;21.98
User68@Shop.com;02/11/2024;57.49
user21@shop.com;08/01/2025;24.93
user188@shop.com;16/03/2025;13.12
user85@shop.com;05/06/2025;22.84
user120@shop.com;13/06/2025;39.71
user366@shop.com;05/08/2025;9.4
User325@Shop.com;01/09/2025;41.82
User336@Shop.com;15/11/2025;42.57
user237@shop.com;20/11/2025;9.89
user45@shop.com;24/11/2025;16.65
User298@Shop.com;03/12/2025;88.96
user241@shop.com;07/12/2025;83.93
user363@shop.com;10/12/2025;38.14
User192@Shop.com;16/01/2024;115.89
User70@Shop.com;15/02/2024;20.31
User238@Shop.com;14/03/2024;13.42
User182@Shop.com;02/04/2024;9.2
user264@shop.com;25/04/2024;7.64
user150@shop.com;29/04/2024;41.84
User123@Shop.com;22/05/2024;54.34
user50@shop.com;11/08/2024;38.76
User384@Shop.com;03/09/2024;42.79
user302@shop.com;14/10/2024;56.82
user186@shop.com;15/10/2024;-4.69
User94@Shop.com;17/11/2024;70.36
user251@shop.com;20/12/2024;138.26
User165@Shop.com;01/01/2025;81.45
User254@Shop.com;25/01/2025;83.59
User37@Shop.com;01/02/2025;20.65
User74@Shop.com;11/03/2025;61.79
User294@Shop.com;15/03/2025;71.02
User25@Shop.com;22/03/2025;11.61
User271@Shop.com;05/04/2025;50.63
User165@Shop.com;20/04/2025;58.41
user2@shop.com;24/07/2025;42.06
user305@shop.com;13/08/2025;17.05
user280@shop.com;03/11/2025;21.58
user326@shop.com;01/04/2024;32.09
user358@shop.com;26/05/2024;0.34
User292@Shop.com;28/05/2024;28.84
user336@shop.com;30/05/2024;101.62
user46@shop.com;07/10/2024;43.17
User367@Shop.com;15/10/2024;75.06
user365@shop.com;08/12/2024;52.0
user277@shop.com;20/12/2024;28.09
User321@Shop.com;02/03/2025;42.58
User296@Shop.com;13/03/2025;14.16
user351@shop.com;24/04/2025;-23.65
user355@shop.com;28/04/2025;25.4
user209@shop.com;18/05/2025;70.78
User326@Shop.com;10/06/2025;66.72
User366@Shop.com;16/09/2025;58.51
user119@shop.com;20/10/2025;24.48
User19@Shop.com;21/10/2025;0.87
user68@shop.com;04/12/2025;29.71
User13@Shop.com;10/12/2025;60.18
user174@shop.com;27/01/2024;51.19
user9@shop.com;01/03/2024;59.21
user104@shop.com;24/03/2024;32.94
user101@shop.com;07/04/2024;74.63
User282@Shop.com;29/05/2024;42.39
User100@Shop.com;01/06/2024;15.07
User379@Shop.com;06/06/2024;80.82
;26/07/2024;14.91
user388@shop.com;30/09/2024;24.39
user227@shop.com;20/10/2024;4.87
User98@Shop.com;15/12/2024;89.89
User16@Shop.com;24/02/2025;37.79
user123@shop.com;28/02/2025;76.65
User236@Shop.com;19/06/2025;65.26
User44@Shop.com;08/07/2025;7.65
User67@Shop.com;22/07/2025;-47.59
user46@shop.com;13/08/2025;21.59
User271@Shop.com;26/10/2025;38.82
user36@shop.com;07/11/2025;10.66
user9@shop.com;26/11/2025;54.79
;30/11/2025;64.65
user124@shop.com;22/01/2024;52.74
user228@shop.com;01/02/2024;62.21
User375@Shop.com;12/02/2024;38.16
User343@Shop.com;02/03/2024;61.87
User215@Shop.com;18/03/2024;17.85
user257@shop.com;26/03/2024;8.24
user324@shop.com;15/04/2024;71.68
user175@shop.com;16/04/2024;30.5
User263@Shop.com;17/05/2024;61.43
user87@shop.com;24/05/2024;21.23
user244@shop.com;01/06/2024;46.91
user95@shop.com;13/07/2024;88.56
User77@Shop.com;15/01/2025;28.36
User304@Shop.com;23/01/2025;140.44
User230@Shop.com;23/05/2025;33.49
;05/07/2025;53.85
user16@shop.com;13/07/2025;57.5
User95@Shop.com;20/07/2025;21.18
User320@Shop.com;01/10/2025;9.63
User187@Shop.com;10/02/2024;14.84
user384@shop.com;06/04/2024;29.31
;18/05/2024;74.44
user341@shop.com;29/06/2024;49.99
User7@Shop.com;11/10/2024;-26.46
User21@Shop.com;10/12/2024;104.22
user231@shop.com;05/02/2025;32.73
User136@Shop.com;10/06/2025;30.82
user336@shop.com;19/09/2025;128.55
user127@shop.com;07/12/2025;13.99
user62@shop.com;08/12/2025;30.72
user45@shop.com;19/12/2025;71.19
user121@shop.com;20/03/2024;35.57
user251@shop.com;24/04/2024;51.43
user51@shop.com;30/04/2024;78.34
user319@shop.com;04/06/2024;62.92
user121@shop.com;02/08/2024;5.12
User126@Shop.com;08/08/2024;111.68
user265@shop.com;11/08/2024;84.92
user345@shop.com;14/10/2024;27.45
User174@Shop.com;16/01/2025;-85.4
user319@shop.com;20/02/2025;107.74
user122@shop.com;26/03/2025;74.31
user52@shop.com;07/04/2025;37.48
user331@shop.com;07/06/2025;65.17
;26/06/2025;96.07
User300@Shop.com;22/07/2025;74.97
user353@shop.com;09/08/2025;41.62
User199@Shop.com;11/09/2025;62.72
user79@shop.com;03/10/2025;72.4
User234@Shop.com;19/12/2025;33.84
user229@shop.com;10/03/2024;58.27
user155@shop.com;15/06/2024;-137.12
User255@Shop.com;26/06/2024;80.68
User106@Shop.com;06/07/2024;145.19
User244@Shop.com;18/09/2024;85.88
user317@shop.com;20/12/2024;14.75
User39@Shop.com;27/01/2025;76.24
;18/05/2025;176.71
User264@Shop.com;03/06/2025;114.8
User21@Shop.com;20/06/2025;17.65
user253@shop.com;12/07/2025;16.78
User365@Shop.com;20/07/2025;3.7
User329@Shop.com;24/07/2025;25.99
User274@Shop.com;26/07/2025;48.74
user321@shop.com;08/08/2025;28.74
user145@shop.com;22/08/2025;51.81
user131@shop.com;24/08/2025;100.61
User34@Shop.com;27/08/2025;74.75
User289@Shop.com;22/10/2025;64.32
user126@shop.com;05/11/2025;26.37
User347@Shop.com;02/01/2024;12.53
User186@Shop.com;12/02/2024;62.1
user357@shop.com;12/02/2024;32.74
;09/03/2024;69.68
user65@shop.com;05/04/2024;25.25
user139@shop.com;13/05/2024;68.68
user11@shop.com;26/05/2024;45.7
User197@Shop.com;11/06/2024;34.78
user260@shop.com;24/06/2024;7.41
user264@shop.com;13/07/2024;20.7
user86@shop.com;06/10/2024;22.15
User66@Shop.com;13/11/2024;19.7
user225@shop.com;18/05/2025;64.17
User253@Shop.com;06/07/2025;46.64
User377@Shop.com;13/09/2025;82.74
User358@Shop.com;14/09/2025;30.79
user152@shop.com;17/10/2025;16.36
user65@shop.com;02/03/2024;18.98
User101@Shop.com;07/03/2024;50.77
User352@Shop.com;05/04/2024;13.24
User183@Shop.com;07/07/2024;10.47
User397@Shop.com;31/08/2024;118.61
User263@Shop.com;31/08/2024;33.8
User238@Shop.com;04/09/2024;51.33
user41@shop.com;28/09/2024;13.96
user236@shop.com;29/09/2024;144.94
user152@shop.com;01/02/2025;92.99
user337@shop.com;23/03/2025;98.76
user54@shop.com;29/03/2025;35.21
user77@shop.com;11/04/2025;18.28
user265@shop.com;04/05/2025;19.73
user272@shop.com;15/07/2025;31.03
user332@shop.com;07/08/2025;32.03
User210@Shop.com;25/08/2025;7.06
User151@Shop.com;04/11/2025;17.95
User123@Shop.com;05/12/2025;83.14
User149@Shop.com;12/02/2024;58.9
User265@Shop.com;18/03/2024;175.21
user216@shop.com;29/07/2024;14.55
user119@shop.com;04/08/2024;48.56
User86@Shop.com;24/10/2024;20.07
User284@Shop.com;14/12/2024;33.37
user99@shop.com;23/04/2025;28.02
user84@shop.com;13/05/2025;101.01
User132@Shop.com;20/02/2024;133.68
User341@Shop.com;25/02/2024;43.54
User183@Shop.com;12/03/2024;42.3
User238@Shop.com;14/04/2024;36.57
user33@shop.com;06/06/2024;33.5
User138@Shop.com;08/06/2024;5.21
user301@shop.com;09/11/2024;41.49
user309@shop.com;24/12/2024;96.8
User232@Shop.com;09/01/2025;58.02
user350@shop.com;15/02/2025;98.56
;25/02/2025;25.11
user66@shop.com;31/03/2025;49.18
User31@Shop.com;15/04/2025;34.67
User80@Shop.com;21/04/2025;35.55
user305@shop.com;28/05/2025;34.51
User361@Shop.com;18/08/2025;125.67
User53@Shop.com;03/09/2025;111.4
User201@Shop.com;03/10/2025;45.79
user54@shop.com;14/12/2025;73.84
user338@shop.com;26/04/2024;54.04
User53@Shop.com;21/06/2024;39.37
User256@Shop.com;25/08/2024;123.55
User33@Shop.com;01/11/2024;40.76
User295@Shop.com;27/11/2024;39.41
user362@shop.com;02/12/2024;-35.98
User292@Shop.com;10/03/2025;43.19
User108@Shop.com;24/05/2025;37.98
User336@Shop.com;10/07/2025;83.23
user123@shop.com;29/08/2025;80.01
User301@Shop.com;03/09/2025;12.31
user333@shop.com;09/09/2025;7.92
User194@Shop.com;18/09/2025;56.39
User248@Shop.com;26/09/2025;17.32
user342@shop.com;05/10/2025;37.55
user75@shop.com;08/12/2025;20.07
user8@shop.com;01/03/2024;114.82
;18/05/2024;40.92
User73@Shop.com;08/09/2024;43.9
user353@shop.com;22/10/2024;50.91
user346@shop.com;06/12/2024;3.33
user150@shop.com;08/12/2024;33.16
user124@shop.com;13/12/2024;88.05
user284@shop.com;08/09/2025;58.01
User181@Shop.com;24/09/2025;115.16
User39@Shop.com;14/01/2024;96.43
User265@Shop.com;19/04/2024;29.56
User291@Shop.com;31/05/2024;55.84
user28@shop.com;03/06/2024;-140.05
user310@shop.com;25/07/2024;43.79
User213@Shop.com;23/09/2024;53.14
user330@shop.com;04/10/2024;59.52
User340@Shop.com;07/11/2024;15.66
user270@shop.com;29/11/2024;32.58
User134@Shop.com;23/01/2025;45.68
user148@shop.com;16/06/2025;25.52
user289@shop.com;04/08/2025;36.58
user26@shop.com;13/08/2025;77.04
User93@Shop.com;24/08/2025;41.06
User207@Shop.com;10/09/2025;23.71
User377@Shop.com;03/01/2024;60.61
user303@shop.com;08/01/2024;43.59
;27/04/2024;122.23
User77@Shop.com;25/08/2024;56.71
User112@Shop.com;07/10/2024;26.64
User107@Shop.com;30/11/2024;18.36
User300@Shop.com;17/12/2024;60.62
user214@shop.com;04/03/2025;180.55
user85@shop.com;08/03/2025;13.39
User299@Shop.com;29/05/2025;39.97
user255@shop.com;11/06/2025;19.12
user358@shop.com;13/07/2025;81.49
user223@shop.com;23/03/2024;44.68
user51@shop.com;29/03/2024;45.07
User355@Shop.com;07/04/2024;30.65
User74@Shop.com;01/07/2024;56.33
user22@shop.com;08/10/2024;46.85
User320@Shop.com;16/10/2024;62.16
User180@Shop.com;08/11/2024;29.37
User258@Shop.com;28/12/2024;16.52
user52@shop.com;02/01/2025;23.24
User288@Shop.com;15/02/2025;65.92
user162@shop.com;05/03/2025;26.75
user398@shop.com;13/03/2025;25.62
user254@shop.com;18/04/2025;66.73
User375@Shop.com;05/05/2025;2.44
user317@shop.com;27/07/2025;16.73
user337@shop.com;28/08/2025;28.44
user36@shop.com;10/09/2025;6.1
user311@shop.com;30/09/2025;79.8
user241@shop.com;15/11/2025;20.53
user158@shop.com;14/02/2024;51.63
User125@Shop.com;02/05/2024;68.04
user256@shop.com;25/05/2024;37.75
user79@shop.com;02/06/2024;14.44
User74@Shop.com;20/06/2024;35.98
User349@Shop.com;02/07/2024;25.53
User304@Shop.com;29/08/2024;26.48
User236@Shop.com;07/09/2024;24.19
User303@Shop.com;20/10/2024;80.77
user129@shop.com;31/10/2024;100.95
user288@shop.com;22/11/2024;70.99
User83@Shop.com;05/12/2024;27.9
user178@shop.com;10/12/2024;106.89
;01/02/2025;22.87
user151@shop.com;20/02/2025;48.26
user136@shop.com;25/04/2025;42.45
User168@Shop.com;21/05/2025;100.92
user191@shop.com;27/05/2025;52.09
user14@shop.com;06/07/2025;29.6
User137@Shop.com;15/07/2025;65.27
user337@shop.com;22/08/2025;59.66
User173@Shop.com;25/10/2025;88.46
user217@shop.com;19/11/2025;59.58
user42@shop.com;30/11/2025;42.27
user155@shop.com;06/12/2025;25.03
user387@shop.com;04/01/2024;81.82
user219@shop.com;16/02/2024;30.73
User9@Shop.com;20/05/2024;22.14
user288@shop.com;23/08/2024;68.88
user308@shop.com;30/09/2024;24.3
user153@shop.com;12/10/2024;74.41
User13@Shop.com;12/11/2024;14.11
User332@Shop.com;06/12/2024;39.44
user101@shop.com;21/01/2025;69.46
User367@Shop.com;27/03/2025;63.9
User145@Shop.com;27/04/2025;79.64
user155@shop.com;02/05/2025;29.57
user317@shop.com;13/05/2025;74.05
User55@Shop.com;22/05/2025;83.64
user12@shop.com;29/05/2025;30.71
User304@Shop.com;09/10/2025;96.23
user370@shop.com;13/11/2025;49.65
user397@shop.com;11/03/2024;-57.9
user52@shop.com;23/03/2024;18.39
user60@shop.com;01/04/2024;18.97
user136@shop.com;12/05/2024;35.88
user285@shop.com;13/05/2024;21.58
user364@shop.com;16/05/2024;68.75
user330@shop.com;19/05/2024;32.07
user150@shop.com;24/05/2024;69.29
user368@shop.com;09/08/2024;49.98
user103@shop.com;31/10/2024;36.96
User50@Shop.com;29/11/2024;-57.29
user174@shop.com;30/11/2024;5.59
User37@Shop.com;14/12/2024;76.46
user271@shop.com;03/01/2025;27.26
;22/02/2025;73.88
user43@shop.com;23/04/2025;8.75
user47@shop.com;11/05/2025;50.24
user72@shop.com;17/06/2025;85.01
User71@Shop.com;28/07/2025;62.72
user214@shop.com;12/08/2025;4.21
user230@shop.com;15/08/2025;37.53
user380@shop.com;20/09/2025;97.62
User179@Shop.com;13/10/2025;102.92
user370@shop.com;11/12/2025;40.73
user300@shop.com;18/12/2025;32.93
user342@shop.com;13/01/2024;85.86
User77@Shop.com;26/06/2024;73.29
user182@shop.com;26/06/2024;12.07
user365@shop.com;17/07/2024;42.77
user300@shop.com;03/10/2024;143.09
user87@shop.com;08/10/2024;40.94
user338@shop.com;09/10/2024;40.32
User307@Shop.com;16/10/2024;50.38
user59@shop.com;25/10/2024;112.17
user27@shop.com;30/01/2025;67.86
User104@Shop.com;17/02/2025;15.86
User189@Shop.com;09/05/2025;42.7
User62@Shop.com;23/05/2025;73.53
user13@shop.com;07/07/2025;187.43
user44@shop.com;23/09/2025;19.03
user126@shop.com;23/09/2025;96.38
user156@shop.com;30/09/2025;44.69
User125@Shop.com;15/01/2024;10.71
User179@Shop.com;27/03/2024;189.39
User288@Shop.com;19/04/2024;26.69
;08/05/2024;6.21
user182@shop.com;03/06/2024;68.85
user291@shop.com;07/08/2024;28.99
user23@shop.com;28/08/2024;43.28
user375@shop.com;17/12/2024;82.55
user398@shop.com;23/01/2025;88.88
user116@shop.com;29/03/2025;145.81
user355@shop.com;05/05/2025;12.26
user101@shop.com;06/06/2025;24.29
User366@Shop.com;16/06/2025;52.7
user264@shop.com;30/08/2025;96.7
user99@shop.com;28/09/2025;16.62
User25@Shop.com;13/10/2025;-96.6
User158@Shop.com;15/10/2025;69.69
User298@Shop.com;04/01/2024;173.4
User91@Shop.com;26/05/2024;13.49
User206@Shop.com;17/08/2024;65.12
user50@shop.com;06/11/2024;46.34
User170@Shop.com;07/03/2025;125.62
user14@shop.com;11/03/2025;26.22
user394@shop.com;30/03/2025;39.45
User201@Shop.com;20/05/2025;12.52
user336@shop.com;11/08/2025;12.84
user50@shop.com;19/09/2025;34.23
user68@shop.com;23/09/2025;110.02
user71@shop.com;24/09/2025;87.01
User227@Shop.com;21/10/2025;33.18
User344@Shop.com;29/10/2025;40.06
user243@shop.com;22/11/2025;51.15
user194@shop.com;11/12/2025;24.98
User376@Shop.com;16/05/2024;26.79
User74@Shop.com;03/07/2024;37.77
user66@shop.com;21/12/2024;14.41
User268@Shop.com;30/12/2024;14.02
User341@Shop.com;02/01/2025;38.46
User107@Shop.com;05/01/2025;20.25
User105@Shop.com;22/02/2025;51.63
User211@Shop.com;17/03/2025;29.85
user311@shop.com;21/06/2025;15.39
User113@Shop.com;02/07/2025;25.41
User329@Shop.com;14/09/2025;35.91
user206@shop.com;08/10/2025;45.32
user282@shop.com;30/01/2024;34.5
User251@Shop.com;12/03/2024;59.67
user192@shop.com;19/09/2024;55.83
User214@Shop.com;27/09/2024;7.99
User397@Shop.com;05/10/2024;29.81
User158@Shop.com;13/10/2024;44.32
user378@shop.com;20/11/2024;45.0
user316@shop.com;21/01/2025;48.47
User73@Shop.com;27/02/2025;63.17
;31/05/2025;30.58
User153@Shop.com;09/06/2025;13.15
user72@shop.com;06/08/2025;51.82
user101@shop.com;26/08/2025;41.79
user55@shop.com;30/08/2025;144.71
user136@shop.com;29/11/2025;16.55
user46@shop.com;10/12/2025;62.01
user218@shop.com;01/01/2024;18.88
User391@Shop.com;14/01/2024;198.13
User385@Shop.com;20/01/2024;16.46
user376@shop.com;15/02/2024;24.55
user98@shop.com;01/03/2024;-51.89
user93@shop.com;16/03/2024;47.09
User271@Shop.com;27/03/2024;56.42
user387@shop.com;07/06/2024;16.66
User330@Shop.com;15/06/2024;55.57
user83@shop.com;29/07/2024;184.57
user294@shop.com;09/08/2024;21.61
user203@shop.com;12/09/2024;26.81
User177@Shop.com;09/10/2024;38.73
user199@shop.com;02/01/2025;104.46
User218@Shop.com;22/03/2025;87.58
user366@shop.com;16/04/2025;10.5
user317@shop.com;15/05/2025;27.08
user17@shop.com;27/05/2025;43.48
User305@Shop.com;28/06/2025;13.05
User126@Shop.com;19/07/2025;-13.42
user135@shop.com;24/07/2025;191.41
user240@shop.com;23/08/2025;31.02
user393@shop.com;07/01/2024;106.29
User27@Shop.com;14/02/2024;109.25
user206@shop.com;08/03/2024;37.77
User95@Shop.com;09/05/2024;63.48
User365@Shop.com;06/07/2024;27.44
user186@shop.com;01/09/2024;27.41
user342@shop.com;22/10/2024;132.68
User352@Shop.com;12/11/2024;105.37
user40@shop.com;06/01/2025;18.2
User304@Shop.com;07/05/2025;84.46
user316@shop.com;27/07/2025;22.3
user331@shop.com;31/08/2025;22.48
User395@Shop.com;12/09/2025;-22.64
user304@shop.com;30/10/2025;54.17
User333@Shop.com;17/11/2025;91.11
User283@Shop.com;10/12/2025;21.39
user118@shop.com;02/02/2024;111.61
user340@shop.com;22/02/2024;74.62
User280@Shop.com;10/05/2024;27.27
User272@Shop.com;15/06/2024;52.28
user389@shop.com;30/06/2024;6.0
User294@Shop.com;13/07/2024;47.28
user136@shop.com;17/09/2024;29.3
user121@shop.com;23/09/2024;11.9
user131@shop.com;30/10/2024;72.37
user67@shop.com;05/03/2025;30.67
User33@Shop.com;19/05/2025;25.72
User302@Shop.com;28/06/2025;40.07
user313@shop.com;21/07/2025;14.99
user67@shop.com;23/07/2025;18.79
User158@Shop.com;14/08/2025;48.89
user367@shop.com;08/09/2025;110.38
user335@shop.com;04/11/2025;84.25
User239@Shop.com;21/11/2025;41.69
User388@Shop.com;17/01/2024;57.48
User132@Shop.com;31/01/2024;37.97
User337@Shop.com;06/02/2024;44.51
user374@shop.com;24/03/2024;16.38
user237@shop.com;03/04/2024;38.18
user62@shop.com;10/06/2024;94.43
User118@Shop.com;05/07/2024;90.45
user206@shop.com;28/07/2024;38.32
user112@shop.com;02/08/2024;74.04
user37@shop.com;26/09/2024;34.01
user69@shop.com;28/09/2024;62.22
user386@shop.com;10/10/2024;11.55
user153@shop.com;14/01/2025;89.32
user230@shop.com;02/02/2025;48.47
user176@shop.com;09/02/2025;2.77
user321@shop.com;08/03/2025;22.67
user41@shop.com;11/05/2025;122.9
User113@Shop.com;01/06/2025;58.62
User234@Shop.com;15/06/2025;43.18
User320@Shop.com;19/06/2025;103.19
user185@shop.com;30/06/2025;54.58
User281@Shop.com;22/07/2025;38.86
user320@shop.com;05/08/2025;33.77
;19/08/2025;58.16
User327@Shop.com;17/10/2025;15.49
user380@shop.com;02/02/2024;61.49
user88@shop.com;10/08/2024;107.61
User173@Shop.com;16/09/2024;185.41
user91@shop.com;09/10/2024;14.7
user166@shop.com;14/11/2024;76.59
user1@shop.com;14/01/2025;35.16
user277@shop.com;25/01/2025;47.51
User95@Shop.com;02/02/2025;91.32
User334@Shop.com;10/03/2025;38.04
User287@Shop.com;06/04/2025;103.68
user134@shop.com;15/04/2025;16.47
user182@shop.com;26/06/2025;60.13
user268@shop.com;12/09/2025;7.79
user167@shop.com;23/10/2025;12.91
user84@shop.com;23/11/2025;40.53
;10/12/2025;48.03
User221@Shop.com;29/01/2024;38.14
user213@shop.com;06/02/2024;87.28
User307@Shop.com;18/03/2024;58.43
user52@shop.com;10/04/2024;20.8
User27@Shop.com;20/05/2024;44.43
User294@Shop.com;26/07/2024;29.41
User291@Shop.com;01/08/2024;84.12
User319@Shop.com;15/08/2024;63.94
User7@Shop.com;20/09/2024;13.34
user262@shop.com;13/11/2024;65.03
user383@shop.com;07/12/2024;87.72
User305@Shop.com;16/12/2024;32.89
user187@shop.com;14/02/2025;65.56
User190@Shop.com;10/04/2025;18.07
user164@shop.com;18/05/2025;93.18
user22@shop.com;02/06/2025;23.9
user288@shop.com;20/06/2025;40.01
user215@shop.com;04/07/2025;97.98
user209@shop.com;10/07/2025;21.54
user373@shop.com;14/08/2025;52.83
User292@Shop.com;17/08/2025;76.97
user383@shop.com;14/12/2025;45.64
user34@shop.com;08/02/2024;16.75
User380@Shop.com;15/02/2024;61.22
user225@shop.com;18/04/2024;127.34
user161@shop.com;14/09/2024;103.22
user223@shop.com;08/11/2024;36.59
User15@Shop.com;12/12/2024;89.8
user372@shop.com;01/02/2025;38.42
user252@shop.com;11/03/2025;37.45
User16@Shop.com;23/03/2025;49.41
user365@shop.com;08/04/2025;63.74
user181@shop.com;04/06/2025;8.76
user48@shop.com;12/07/2025;19.12
User252@Shop.com;23/08/2025;34.46
user28@shop.com;16/11/2025;15.2
user220@shop.com;29/11/2025;37.15
user304@shop.com;10/01/2024;43.9
User30@Shop.com;03/04/2024;51.77
;07/05/2024;77.04
user237@shop.com;01/09/2024;37.28
user130@shop.com;21/09/2024;15.8
User89@Shop.com;24/09/2024;12.86
User5@Shop.com;21/10/2024;25.24
user79@shop.com;07/01/2025;15.21
User114@Shop.com;30/03/2025;46.15
;03/07/2025;21.11
user205@shop.com;08/08/2025;30.66
User79@Shop.com;24/08/2025;38.15
user297@shop.com;28/08/2025;99.01
User182@Shop.com;30/01/2024;52.78
user334@shop.com;25/02/2024;61.64
user300@shop.com;05/03/2024;45.09
user373@shop.com;24/03/2024;40.01
User283@Shop.com;14/04/2024;64.95
User44@Shop.com;19/04/2024;107.89
user221@shop.com;23/12/2024;76.08
user170@shop.com;04/01/2025;44.99
user323@shop.com;20/05/2025;66.23
user62@shop.com;17/06/2025;127.93
User186@Shop.com;18/06/2025;106.68
User330@Shop.com;26/06/2025;12.33
user248@shop.com;16/10/2025;156.53
user16@shop.com;12/11/2025;36.78
User327@Shop.com;08/12/2025;40.65
user147@shop.com;04/02/2024;9.03
User271@Shop.com;26/02/2024;76.35
User261@Shop.com;18/04/2024;6.35
user257@shop.com;18/05/2024;54.7
User167@Shop.com;08/06/2024;82.48
user163@shop.com;18/08/2024;91.55
user41@shop.com;17/10/2024;23.48
user223@shop.com;07/12/2024;32.25
user117@shop.com;30/01/2025;38.37
user159@shop.com;25/03/2025;35.94
user67@shop.com;11/04/2025;19.07
User297@Shop.com;21/04/2025;56.93
user369@shop.com;14/06/2025;41.74
user152@shop.com;24/06/2025;116.53
User170@Shop.com;03/07/2025;49.91
User187@Shop.com;10/09/2025;32.03
User29@Shop.com;19/10/2025;15.28
User302@Shop.com;06/12/2025;5.79
user352@shop.com;18/12/2025;27.61
;20/02/2024;28.36
User25@Shop.com;31/05/2024;17.04
user135@shop.com;06/06/2024;27.39
user63@shop.com;25/07/2024;57.02
user330@shop.com;17/08/2024;25.31
user320@shop.com;21/08/2024;32.26
user153@shop.com;02/11/2024;11.86
User151@Shop.com;30/11/2024;129.63
user338@shop.com;09/02/2025;47.84
user36@shop.com;11/02/2025;21.46
User314@Shop.com;18/03/2025;67.96
user384@shop.com;25/05/2025;46.23
User179@Shop.com;21/07/2025;32.17
User301@Shop.com;05/08/2025;55.8
user285@shop.com;28/01/2024;83.13
user358@shop.com;05/03/2024;-51.39
User14@Shop.com;28/03/2024;95.96
user282@shop.com;28/03/2024;-40.68
user156@shop.com;03/06/2024;32.31
user343@shop.com;17/06/2024;119.52
user344@shop.com;23/11/2024;36.96
user115@shop.com;29/01/2025;70.82
user232@shop.com;03/02/2025;38.14
user197@shop.com;12/03/2025;18.97
User223@Shop.com;28/03/2025;24.83
User332@Shop.com;03/04/2025;23.8
user266@shop.com;15/08/2025;110.55
User302@Shop.com;30/09/2025;14.2
user271@shop.com;02/10/2025;33.81
User100@Shop.com;06/11/2025;37.48
User233@Shop.com;01/12/2025;16.49
User152@Shop.com;11/12/2025;47.53
user168@shop.com;07/01/2024;40.76
User45@Shop.com;10/01/2024;18.75
user74@shop.com;27/01/2024;14.66
user138@shop.com;04/03/2024;53.72
user117@shop.com;11/04/2024;6.9
user254@shop.com;08/06/2024;188.2
User117@Shop.com;23/06/2024;87.95
user99@shop.com;22/10/2024;10.5
user172@shop.com;24/10/2024;19.09
User227@Shop.com;25/01/2025;9.62
user399@shop.com;22/03/2025;2.23
User204@Shop.com;31/05/2025;98.8
user141@shop.com;03/08/2025;31.45
User129@Shop.com;27/09/2025;29.43
User179@Shop.com;13/11/2025;40.05
user370@shop.com;30/11/2025;22.2
user149@shop.com;29/02/2024;64.69
user99@shop.com;02/03/2024;20.71
user232@shop.com;06/03/2024;31.31
user309@shop.com;06/03/2024;27.9
User379@Shop.com;23/03/2024;21.85
user113@shop.com;31/05/2024;44.68
User355@Shop.com;08/09/2024;51.79
User342@Shop.com;17/10/2024;8.8
user151@shop.com;12/11/2024;-120.98
user134@shop.com;23/11/2024;92.4
User107@Shop.com;26/11/2024;9.75
user127@shop.com;09/12/2024;102.29
user353@shop.com;14/12/2024;20.94
user125@shop.com;15/02/2025;34.09
user198@shop.com;04/04/2025;55.2
user373@shop.com;19/04/2025;32.63
;09/05/2025;73.67
user53@shop.com;24/05/2025;40.3
User30@Shop.com;15/06/2025;15.95
User90@Shop.com;16/06/2025;9.38
user346@shop.com;20/07/2025;14.58
user91@shop.com;26/08/2025;64.84
user125@shop.com;29/08/2025;84.66
user216@shop.com;13/10/2025;69.36
User198@Shop.com;13/11/2025;79.74
user31@shop.com;28/11/2025;171.38
User80@Shop.com;19/03/2024;63.89
user397@shop.com;21/03/2024;86.74
User168@Shop.com;21/04/2024;8.76
User111@Shop.com;25/06/2024;28.29
User331@Shop.com;08/10/2024;104.07
User186@Shop.com;18/11/2024;15.86
user331@shop.com;09/12/2024;33.74
User64@Shop.com;18/12/2024;2.07
user189@shop.com;23/12/2024;94.51
User324@Shop.com;27/02/2025;93.06
User307@Shop.com;23/03/2025;90.22
user271@shop.com;06/05/2025;29.47
user183@shop.com;25/06/2025;36.38
user329@shop.com;28/06/2025;41.37
user149@shop.com;30/08/2025;34.69
user264@shop.com;04/09/2025;-16.15
user218@shop.com;10/10/2025;29.41
user121@shop.com;18/01/2024;58.04
User81@Shop.com;29/01/2024;157.56
User213@Shop.com;09/02/2024;21.68
User127@Shop.com;31/03/2024;14.9
user207@shop.com;17/04/2024;92.52
;27/04/2024;58.55
User321@Shop.com;03/05/2024;10.73
user308@shop.com;04/07/2024;57.52
User204@Shop.com;12/08/2024;17.12
user23@shop.com;26/10/2024;15.92
user73@shop.com;12/12/2024;27.78
user293@shop.com;09/01/2025;118.04
user238@shop.com;03/02/2025;61.36
user327@shop.com;02/03/2025;37.33
user196@shop.com;13/03/2025;21.64
User178@Shop.com;15/03/2025;4.43
user98@shop.com;24/03/2025;5.43
user25@shop.com;31/03/2025;12.18
user58@shop.com;14/08/2025;22.09
user273@shop.com;24/10/2025;84.22
user232@shop.com;20/12/2025;18.18
user99@shop.com;06/01/2024;18.28
User145@Shop.com;06/02/2024;31.2
user257@shop.com;06/02/2024;91.99
user153@shop.com;18/02/2024;37.78
;16/04/2024;21.96
user108@shop.com;08/05/2024;10.66
User255@Shop.com;12/05/2024;-7.0
User356@Shop.com;13/07/2024;7.88
user103@shop.com;22/07/2024;79.79
user117@shop.com;23/07/2024;63.96
User191@Shop.com;14/09/2024;87.1
user76@shop.com;08/10/2024;30.78
User210@Shop.com;25/10/2024;91.83
User354@Shop.com;20/11/2024;67.36
User252@Shop.com;18/12/2024;25.49
user66@shop.com;29/12/2024;74.94
User82@Shop.com;08/01/2025;117.39
user31@shop.com;13/02/2025;4.77
user384@shop.com;28/02/2025;32.86
user139@shop.com;28/02/2025;89.3
user116@shop.com;21/06/2025;51.29
User343@Shop.com;22/08/2025;79.8
User123@Shop.com;23/10/2025;39.74
user93@shop.com;14/11/2025;50.77
;04/01/2024;47.83
user159@shop.com;11/01/2024;60.92
user27@shop.com;23/01/2024;23.1
user256@shop.com;26/01/2024;45.5
user169@shop.com;10/07/2024;9.18
user388@shop.com;15/07/2024;61.57
User308@Shop.com;30/08/2024;27.36
User154@Shop.com;20/09/2024;113.81
User284@Shop.com;15/10/2024;110.07
user322@shop.com;11/12/2024;17.65
;16/12/2024;39.53
;06/02/2025;18.59
user55@shop.com;23/02/2025;16.76
user19@shop.com;09/03/2025;63.67
User129@Shop.com;13/05/2025;61.34
user317@shop.com;16/05/2025;80.68
user307@shop.com;04/07/2025;20.58
User151@Shop.com;09/07/2025;36.74
user195@shop.com;06/09/2025;68.13
user307@shop.com;25/09/2025;59.91
user369@shop.com;12/11/2025;10.56
User113@Shop.com;20/01/2024;15.31
user262@shop.com;24/02/2024;58.1
user237@shop.com;23/03/2024;102.94
User248@Shop.com;11/05/2024;20.55
user321@shop.com;22/06/2024;24.47
User307@Shop.com;17/08/2024;14.32
user158@shop.com;20/09/2024;-52.42
User300@Shop.com;02/11/2024;10.01
User22@Shop.com;13/11/2024;24.44
User138@Shop.com;19/12/2024;20.47
user87@shop.com;04/01/2025;60.68
user103@shop.com;07/01/2025;11.27
User360@Shop.com;03/03/2025;51.62
User175@Shop.com;27/03/2025;26.49
user30@shop.com;01/05/2025;18.04
user196@shop.com;18/05/2025;25.36
user28@shop.com;09/06/2025;32.36
User57@Shop.com;12/06/2025;115.08
;02/08/2025;22.59
user177@shop.com;07/08/2025;81.22
user93@shop.com;24/09/2025;29.76
User256@Shop.com;28/09/2025;16.93
user199@shop.com;23/10/2025;37.84
User55@Shop.com;18/01/2024;17.45
User329@Shop.com;20/04/2024;192.92
user56@shop.com;28/05/2024;2.66
User144@Shop.com;01/06/2024;25.59
user70@shop.com;13/06/2024;58.43
user377@shop.com;18/06/2024;15.88
user114@shop.com;06/12/2024;34.84
user346@shop.com;28/03/2025;5.68
user384@shop.com;25/05/2025;11.24
user88@shop.com;02/07/2025;49.56
user11@shop.com;24/08/2025;49.71
User6@Shop.com;19/09/2025;36.52
user74@shop.com;13/01/2024;23.52
user160@shop.com;11/03/2024;17.04
User66@Shop.com;17/03/2024;97.83
user382@shop.com;05/10/2024;12.18
user190@shop.com;24/10/2024;3.06
user339@shop.com;12/11/2024;27.06
User7@Shop.com;17/12/2024;64.89
user53@shop.com;12/01/2025;34.62
User183@Shop.com;09/02/2025;7.72
User65@Shop.com;13/03/2025;96.43
user66@shop.com;17/03/2025;23.09
User10@Shop.com;27/05/2025;16.37
user108@shop.com;22/06/2025;31.35
user305@shop.com;28/06/2025;41.08
User317@Shop.com;08/07/2025;69.45
user204@shop.com;17/07/2025;22.67
user74@shop.com;18/07/2025;35.46
user180@shop.com;04/08/2025;42.81
User247@Shop.com;31/08/2025;134.25
User59@Shop.com;19/10/2025;30.44
user163@shop.com;15/12/2025;60.48
;12/11/2024;17.77
user167@shop.com;28/11/2024;62.29
user188@shop.com;04/01/2025;97.77
user326@shop.com;23/01/2025;71.97
User268@Shop.com;31/01/2025;31.56
user65@shop.com;25/02/2025;48.16
user244@shop.com;02/03/2025;31.1
User369@Shop.com;02/03/2025;20.93
user85@shop.com;20/03/2025;67.05
User357@Shop.com;22/10/2025;106.74
User234@Shop.com;27/10/2025;36.09
User267@Shop.com;24/11/2025;28.54
user133@shop.com;06/02/2024;68.06
User20@Shop.com;20/08/2024;15.5
user11@shop.com;17/10/2024;59.1
user265@shop.com;29/10/2024;33.74
User393@Shop.com;11/11/2024;46.08
user240@shop.com;16/12/2024;167.03
user143@shop.com;22/12/2024;139.65
User309@Shop.com;03/02/2025;21.89
user378@shop.com;12/02/2025;21.2
user86@shop.com;17/06/2025;63.12
User42@Shop.com;14/08/2025;21.22
user381@shop.com;22/11/2025;53.19
user19@shop.com;24/11/2025;41.89
User354@Shop.com;10/01/2024;73.65
user58@shop.com;03/02/2024;23.38
user46@shop.com;07/04/2024;25.69
User111@Shop.com;08/07/2024;69.63
user126@shop.com;14/08/2024;79.24
User132@Shop.com;10/09/2024;18.66
User13@Shop.com;06/11/2024;6.15
User341@Shop.com;04/01/2025;42.5
user332@shop.com;22/01/2025;40.58
user272@shop.com;02/03/2025;14.82
User366@Shop.com;01/05/2025;26.92
User375@Shop.com;27/05/2025;100.29
user395@shop.com;08/06/2025;94.69
user150@shop.com;14/07/2025;134.02
user245@shop.com;23/09/2025;18.81
user305@shop.com;11/10/2025;36.75
user266@shop.com;08/01/2024;11.82
user316@shop.com;13/01/2024;68.58
;22/03/2024;29.52
user155@shop.com;24/04/2024;24.16
user228@shop.com;25/04/2024;63.9
user80@shop.com;28/05/2024;69.07
user381@shop.com;11/06/2024;84.77
user358@shop.com;29/06/2024;6.33
User243@Shop.com;17/07/2024;70.97
user307@shop.com;17/10/2024;107.62
user134@shop.com;28/11/2024;67.63
User153@Shop.com;15/12/2024;41.06
User205@Shop.com;04/01/2025;16.66
User106@Shop.com;12/02/2025;48.65
User8@Shop.com;07/05/2025;23.95
user158@shop.com;10/05/2025;18.95
;28/05/2025;13.39
user104@shop.com;09/08/2025;7.5
User277@Shop.com;22/08/2025;66.35
User239@Shop.com;24/08/2025;28.88
user168@shop.com;22/09/2025;10.35
User290@Shop.com;02/12/2025;37.18
User340@Shop.com;12/02/2024;29.16
User380@Shop.com;10/04/2024;42.25
user302@shop.com;17/05/2024;3.57
user37@shop.com;26/06/2024;26.41
user135@shop.com;26/07/2024;58.1
User211@Shop.com;23/09/2024;31.97
User31@Shop.com;29/10/2024;70.54
User167@Shop.com;10/03/2025;10.15
User53@Shop.com;18/03/2025;38.25
;23/03/2025;42.66
user74@shop.com;22/04/2025;83.8
User109@Shop.com;29/04/2025;158.32
user122@shop.com;25/07/2025;16.24
User389@Shop.com;15/09/2025;86.45
user179@shop.com;21/09/2025;108.29
User222@Shop.com;25/10/2025;43.58
User371@Shop.com;18/12/2025;41.39
user6@shop.com;19/12/2025;-41.81
User112@Shop.com;21/02/2024;27.67
User170@Shop.com;07/04/2024;23.34
user359@shop.com;18/04/2024;40.97
user289@shop.com;22/04/2024;5.48
user272@shop.com;27/05/2024;125.58
User151@Shop.com;17/07/2024;37.39
User341@Shop.com;05/10/2024;14.23
User75@Shop.com;18/10/2024;42.81
user161@shop.com;11/12/2024;24.35
user143@shop.com;28/12/2024;111.36
user2@shop.com;16/01/2025;39.71
user37@shop.com;06/04/2025;77.6
user314@shop.com;23/04/2025;111.18
user377@shop.com;06/05/2025;25.35
user98@shop.com;14/07/2025;116.54
user31@shop.com;19/08/2025;18.36
User57@Shop.com;25/08/2025;32.24
User24@Shop.com;02/10/2025;43.55
user319@shop.com;11/10/2025;77.4
User20@Shop.com;04/01/2024;26.78
User274@Shop.com;21/01/2024;56.29
User317@Shop.com;22/01/2024;58.43
User85@Shop.com;15/05/2024;53.46
user92@shop.com;25/08/2024;90.22
User107@Shop.com;04/09/2024;19.23
user303@shop.com;17/09/2024;29.13
user375@shop.com;06/11/2024;50.37
user302@shop.com;04/03/2025;62.24
user108@shop.com;09/03/2025;39.27
User286@Shop.com;16/03/2025;32.43
user281@shop.com;30/04/2025;-6.53
User169@Shop.com;04/05/2025;26.2
User52@Shop.com;05/01/2024;21.28
User126@Shop.com;02/05/2024;78.61
user326@shop.com;07/05/2024;-60.45
user206@shop.com;16/06/2024;65.58
user47@shop.com;21/07/2024;178.48
User365@Shop.com;17/09/2024;123.61
user206@shop.com;18/05/2025;59.6
user140@shop.com;26/07/2025;28.09
user15@shop.com;03/09/2025;9.93
user229@shop.com;09/12/2025;84.36
user220@shop.com;15/12/2025;58.12
user61@shop.com;07/01/2024;35.98
User338@Shop.com;15/03/2024;96.68
user202@shop.com;27/03/2024;54.75
User34@Shop.com;29/03/2024;45.95
User78@Shop.com;02/04/2024;58.41
user110@shop.com;29/04/2024;6.69
User300@Shop.com;01/05/2024;168.8
user306@shop.com;17/08/2024;96.73
user328@shop.com;29/10/2024;29.47
User243@Shop.com;17/11/2024;37.06
User363@Shop.com;27/11/2024;52.45
user125@shop.com;29/01/2025;56.11
User233@Shop.com;04/02/2025;40.01
user251@shop.com;14/05/2025;138.27
user147@shop.com;20/06/2025;28.82
user182@shop.com;11/09/2025;20.33
user282@shop.com;04/10/2025;66.08
;08/10/2025;85.14
user368@shop.com;05/12/2025;141.24
user117@shop.com;13/01/2024;125.31
User287@Shop.com;28/01/2024;19.48
User303@Shop.com;30/01/2024;72.12
user374@shop.com;31/01/2024;109.76
user254@shop.com;22/02/2024;77.89
User81@Shop.com;02/04/2024;28.59
user296@shop.com;01/05/2024;76.71
user69@shop.com;26/05/2024;59.18
User151@Shop.com;13/07/2024;80.42
user196@shop.com;28/07/2024;36.76
User290@Shop.com;15/08/2024;98.96
User67@Shop.com;24/08/2024;102.93
user279@shop.com;01/12/2024;56.85
user58@shop.com;18/12/2024;54.11
user155@shop.com;03/05/2025;47.54
user49@shop.com;04/06/2025;20.33
User11@Shop.com;16/06/2025;40.52
user130@shop.com;24/10/2025;54.74
user385@shop.com;25/10/2025;81.46
User224@Shop.com;15/12/2025;77.98
User285@Shop.com;16/12/2025;63.11
user92@shop.com;01/03/2024;26.9
user82@shop.com;26/05/2024;70.97
user362@shop.com;28/05/2024;59.46
User292@Shop.com;09/06/2024;10.52
user196@shop.com;21/06/2024;14.39
user112@shop.com;20/07/2024;3.36
User344@Shop.com;06/10/2024;146.71
user188@shop.com;17/11/2024;22.56
User22@Shop.com;04/12/2024;83.41
user344@shop.com;08/12/2024;25.88
user167@shop.com;15/12/2024;75.28
;09/01/2025;34.78
User153@Shop.com;17/01/2025;25.55
user115@shop.com;15/02/2025;26.71
user240@shop.com;16/04/2025;47.08
user122@shop.com;05/05/2025;57.9
user204@shop.com;14/05/2025;12.34
user31@shop.com;08/07/2025;49.06
user333@shop.com;14/08/2025;19.99
User88@Shop.com;16/09/2025;27.83
user242@shop.com;22/09/2025;22.17
user109@shop.com;26/11/2025;50.72
user74@shop.com;13/12/2025;169.32
;13/02/2024;57.87
User282@Shop.com;09/04/2024;40.24
user26@shop.com;15/05/2024;109.92
User318@Shop.com;12/06/2024;22.05
user186@shop.com;30/06/2024;4.53
User182@Shop.com;15/07/2024;39.13
User86@Shop.com;20/08/2024;10.96
user143@shop.com;14/10/2024;-18.56
User295@Shop.com;05/11/2024;67.71
User356@Shop.com;15/11/2024;23.2
user369@shop.com;19/11/2024;27.59
User248@Shop.com;30/11/2024;45.09
user109@shop.com;01/02/2025;17.99
user31@shop.com;17/02/2025;60.57
User229@Shop.com;20/02/2025;-53.48
User221@Shop.com;26/04/2025;41.01
user203@shop.com;25/06/2025;21.68
user210@shop.com;09/09/2025;21.52
user30@shop.com;08/12/2025;36.56
User157@Shop.com;11/02/2024;89.26
user50@shop.com;29/02/2024;115.42
User342@Shop.com;09/04/2024;14.47
User354@Shop.com;11/07/2024;11.68
User329@Shop.com;10/09/2024;54.4
user190@shop.com;21/11/2024;3.8
User320@Shop.com;20/12/2024;12.11
User322@Shop.com;08/01/2025;13.6
user139@shop.com;15/01/2025;59.99
user27@shop.com;01/02/2025;51.01
user337@shop.com;27/02/2025;69.56
User238@Shop.com;20/04/2025;62.83
user179@shop.com;29/08/2025;-47.75
User346@Shop.com;03/10/2025;35.64
user380@shop.com;15/10/2025;94.74
User346@Shop.com;05/11/2025;21.7
User5@Shop.com;04/12/2025;93.24
User3@Shop.com;16/12/2025;68.18
User196@Shop.com;27/04/2024;10.51
user209@shop.com;04/05/2024;14.83
User94@Shop.com;07/07/2024;73.63
user148@shop.com;16/07/2024;16.87
user226@shop.com;05/09/2024;80.2
User304@Shop.com;03/11/2024;158.71
User303@Shop.com;24/11/2024;16.42
User30@Shop.com;18/01/2025;11.74
user153@shop.com;09/02/2025;47.48
User106@Shop.com;03/05/2025;20.32
User116@Shop.com;16/05/2025;18.27
user325@shop.com;25/05/2025;66.1
user172@shop.com;19/06/2025;89.42
User188@Shop.com;02/07/2025;54.22
user391@shop.com;03/08/2025;13.11
User181@Shop.com;07/08/2025;6.74
User300@Shop.com;04/09/2025;28.1
User387@Shop.com;10/09/2025;28.79
User390@Shop.com;08/11/2025;38.35
User128@Shop.com;16/11/2025;59.84
User162@Shop.com;16/03/2024;9.66
user17@shop.com;08/05/2024;89.58
user299@shop.com;15/05/2024;28.26
User157@Shop.com;16/05/2024;76.01
User6@Shop.com;21/05/2024;93.76
User62@Shop.com;25/05/2024;31.54
user71@shop.com;09/06/2024;51.45
user33@shop.com;20/09/2024;80.24
user29@shop.com;22/09/2024;30.73
User227@Shop.com;29/09/2024;6.21
User94@Shop.com;06/10/2024;55.04
user381@shop.com;27/10/2024;11.02
user229@shop.com;02/12/2024;56.88
;09/12/2024;26.94
user210@shop.com;21/12/2024;140.53
user259@shop.com;25/01/2025;29.69
user313@shop.com;11/05/2025;9.8
;07/08/2025;117.68
User245@Shop.com;25/08/2025;35.63
user228@shop.com;12/01/2024;62.25
User274@Shop.com;13/02/2024;31.76
user301@shop.com;02/03/2024;41.91
user305@shop.com;04/06/2024;44.1
User236@Shop.com;29/06/2024;26.91
user29@shop.com;13/07/2024;29.51
User321@Shop.com;31/07/2024;37.97
User387@Shop.com;03/08/2024;20.89
User220@Shop.com;16/08/2024;94.34
user176@shop.com;23/10/2024;31.3
User80@Shop.com;01/12/2024;30.97
User184@Shop.com;11/12/2024;42.24
User233@Shop.com;28/05/2025;63.19
user310@shop.com;15/06/2025;112.41
user196@shop.com;29/06/2025;52.37
User73@Shop.com;30/08/2025;8.5
user67@shop.com;08/10/2025;27.68
user214@shop.com;12/10/2025;44.59
user248@shop.com;11/12/2025;40.85
User353@Shop.com;12/12/2025;47.53
user326@shop.com;17/12/2025;8.39
User232@Shop.com;14/01/2024;38.79
User54@Shop.com;18/01/2024;17.87
user330@shop.com;13/03/2024;76.45
User218@Shop.com;28/03/2024;22.55
User337@Shop.com;18/04/2024;33.49
User293@Shop.com;16/10/2024;51.12
User127@Shop.com;19/10/2024;53.81
user161@shop.com;23/10/2024;84.66
user165@shop.com;06/01/2025;51.14
User108@Shop.com;11/01/2025;66.46
user308@shop.com;05/04/2025;36.27
user149@shop.com;05/05/2025;36.52
;05/05/2025;45.85
User217@Shop.com;18/05/2025;27.84
User164@Shop.com;02/06/2025;83.42
User274@Shop.com;16/10/2025;36.29
user70@shop.com;30/03/2024;53.38
User224@Shop.com;29/10/2024;18.97
user59@shop.com;06/01/2025;130.96
user43@shop.com;19/02/2025;-11.62
User332@Shop.com;21/02/2025;11.6
User327@Shop.com;14/06/2025;27.76
User270@Shop.com;26/08/2025;73.02
user369@shop.com;20/10/2025;-52.24
user242@shop.com;07/12/2025;6.73
User41@Shop.com;12/12/2025;105.76
User154@Shop.com;30/01/2024;53.1
user100@shop.com;15/02/2024;95.59
User288@Shop.com;28/02/2024;133.13
user70@shop.com;06/04/2024;86.07
user241@shop.com;14/05/2024;22.41
User339@Shop.com;08/06/2024;98.83
user74@shop.com;18/06/2024;126.67
User364@Shop.com;08/10/2024;6.6
User281@Shop.com;19/11/2024;46.96
user18@shop.com;07/12/2024;30.77
User213@Shop.com;14/12/2024;93.3
;31/12/2024;27.46
user279@shop.com;17/02/2025;71.24
user77@shop.com;16/04/2025;33.72
user197@shop.com;18/06/2025;101.87
User188@Shop.com;22/06/2025;96.73
User199@Shop.com;06/09/2025;19.91
user368@shop.com;29/09/2025;66.29
user376@shop.com;11/10/2025;111.39
User28@Shop.com;23/02/2024;53.47
user314@shop.com;03/07/2024;23.58
User69@Shop.com;20/07/2024;64.5
user63@shop.com;04/08/2024;16.08
User195@Shop.com;13/08/2024;21.78
;07/09/2024;98.05
user210@shop.com;19/09/2024;24.9
user234@shop.com;28/09/2024;44.92
User298@Shop.com;21/10/2024;-11.19
user191@shop.com;19/11/2024;64.14
user175@shop.com;01/12/2024;21.7
user278@shop.com;20/01/2025;33.92
User57@Shop.com;07/02/2025;134.58
user352@shop.com;11/02/2025;109.23
user142@shop.com;18/04/2025;10.76
user235@shop.com;26/04/2025;97.8
User392@Shop.com;19/05/2025;20.38
User305@Shop.com;13/07/2025;23.34
user300@shop.com;31/08/2025;28.22
user326@shop.com;14/10/2025;56.88
user47@shop.com;18/10/2025;3.9
user176@shop.com;24/11/2025;39.39
user323@shop.com;12/01/2024;29.64
user105@shop.com;04/02/2024;24.52
user125@shop.com;18/03/2024;9.01
User351@Shop.com;16/06/2024;71.94
user312@shop.com;04/09/2024;88.69
user100@shop.com;24/09/2024;39.28
User6@Shop.com;28/12/2024;27.8
user193@shop.com;26/04/2025;49.92
user348@shop.com;04/05/2025;83.26
User219@Shop.com;02/06/2025;22.09
user65@shop.com;19/08/2025;10.47
user193@shop.com;01/09/2025;40.13
User182@Shop.com;18/09/2025;19.08
User242@Shop.com;15/01/2024;48.93
User265@Shop.com;27/01/2024;85.94
user98@shop.com;02/03/2024;29.94
User203@Shop.com;03/03/2024;42.17
User196@Shop.com;27/05/2024;36.87
user66@shop.com;03/06/2024;68.15
User200@Shop.com;17/07/2024;78.94
user56@shop.com;19/09/2024;32.98
User79@Shop.com;19/10/2024;30.38
user114@shop.com;12/11/2024;5.78
user388@shop.com;08/12/2024;57.87
user21@shop.com;07/01/2025;27.84
User343@Shop.com;12/02/2025;52.79
user87@shop.com;21/02/2025;82.98
User379@Shop.com;15/03/2025;41.03
user52@shop.com;26/04/2025;4.01
user244@shop.com;04/05/2025;23.92
user186@shop.com;03/07/2025;65.09
User91@Shop.com;30/10/2025;66.86
user143@shop.com;28/11/2025;120.69
User163@Shop.com;12/12/2025;12.14
user235@shop.com;16/01/2024;93.28
User293@Shop.com;18/02/2024;56.32
User113@Shop.com;16/07/2024;113.25
user153@shop.com;15/09/2024;122.7
user14@shop.com;19/09/2024;151.16
user104@shop.com;27/01/2025;81.48
user133@shop.com;29/01/2025;47.6
user323@shop.com;02/02/2025;87.96
User302@Shop.com;21/02/2025;18.94
user309@shop.com;06/03/2025;36.66
user103@shop.com;18/03/2025;20.57
user86@shop.com;26/04/2025;58.4
User162@Shop.com;07/05/2025;141.93
user171@shop.com;10/09/2025;72.14
user302@shop.com;10/10/2025;37.6
user346@shop.com;01/11/2025;54.12
user163@shop.com;09/11/2025;117.94
user86@shop.com;10/11/2025;27.05
user354@shop.com;14/12/2025;39.93
user215@shop.com;03/03/2024;36.03
user367@shop.com;24/03/2024;23.61
User156@Shop.com;02/06/2024;40.16
user124@shop.com;23/06/2024;119.98
user25@shop.com;07/07/2024;64.68
user294@shop.com;09/07/2024;70.26
user198@shop.com;21/07/2024;15.38
User101@Shop.com;07/10/2024;78.85
user179@shop.com;16/10/2024;60.78
user56@shop.com;19/11/2024;36.74
user388@shop.com;23/11/2024;24.26
user175@shop.com;25/11/2024;50.75
User120@Shop.com;03/12/2024;15.57
user241@shop.com;11/01/2025;68.96
user318@shop.com;12/03/2025;9.82
user374@shop.com;16/07/2025;51.75
User273@Shop.com;06/08/2025;93.66
user59@shop.com;19/08/2025;82.19
User167@Shop.com;17/10/2025;3.46
User285@Shop.com;02/11/2025;31.08
;17/01/2024;50.62
user190@shop.com;30/01/2024;20.64
User340@Shop.com;15/02/2024;38.07
user53@shop.com;21/03/2024;32.38
user138@shop.com;27/04/2024;35.9
user389@shop.com;22/06/2024;23.53
User79@Shop.com;18/07/2024;90.11
User278@Shop.com;20/07/2024;19.4
User85@Shop.com;25/07/2024;91.21
user52@shop.com;24/09/2024;63.61
user64@shop.com;25/09/2024;15.96
User362@Shop.com;24/10/2024;107.48
User392@Shop.com;28/11/2024;36.22
User42@Shop.com;20/01/2025;37.66
User283@Shop.com;17/03/2025;55.87
User37@Shop.com;23/04/2025;54.12
;23/07/2025;31.86
user133@shop.com;26/07/2025;16.81
user19@shop.com;31/07/2025;27.73
user375@shop.com;25/08/2025;95.2
User368@Shop.com;10/09/2025;14.15
;18/09/2025;88.65
User156@Shop.com;06/10/2025;73.63
user367@shop.com;30/11/2025;78.23
user140@shop.com;16/12/2025;67.74
user245@shop.com;06/02/2024;5.98
user348@shop.com;25/02/2024;51.94
user27@shop.com;13/04/2024;16.99
user197@shop.com;04/06/2024;20.65
;20/07/2024;80.54
User369@Shop.com;26/07/2024;72.45
user184@shop.com;02/08/2024;-105.72
user335@shop.com;05/08/2024;50.54
user226@shop.com;12/10/2024;7.74
user173@shop.com;12/10/2024;26.17
User295@Shop.com;20/10/2024;66.88
user338@shop.com;27/10/2024;86.17
User271@Shop.com;13/11/2024;60.84
user247@shop.com;26/11/2024;-31.24
user398@shop.com;20/12/2024;18.76
User241@Shop.com;21/12/2024;39.39
User63@Shop.com;23/12/2024;1.52
User367@Shop.com;18/02/2025;28.91
user325@shop.com;13/03/2025;96.14
user148@shop.com;15/03/2025;13.42
user165@shop.com;30/03/2025;81.01
User266@Shop.com;07/05/2025;-17.49
User313@Shop.com;12/05/2025;29.78
User281@Shop.com;23/05/2025;67.13
user356@shop.com;29/06/2025;68.2
User29@Shop.com;09/07/2025;35.58
user396@shop.com;02/08/2025;27.9
user195@shop.com;15/08/2025;53.37
User107@Shop.com;20/08/2025;105.96
User87@Shop.com;05/10/2025;39.19
User181@Shop.com;09/12/2025;10.49
user121@shop.com;20/12/2025;30.61
user377@shop.com;01/02/2024;30.76
User199@Shop.com;19/02/2024;24.67
user378@shop.com;06/03/2024;38.32
user269@shop.com;18/03/2024;19.93
user149@shop.com;14/04/2024;49.75
User160@Shop.com;25/04/2024;4.93
User376@Shop.com;07/05/2024;58.35
user263@shop.com;10/05/2024;76.02
user162@shop.com;30/06/2024;44.8
User299@Shop.com;08/12/2024;61.14
User150@Shop.com;10/12/2024;53.06
user87@shop.com;27/01/2025;66.78
User302@Shop.com;07/02/2025;31.41
User34@Shop.com;07/03/2025;-35.12
User189@Shop.com;10/05/2025;45.96
user165@shop.com;24/05/2025;20.75
user179@shop.com;19/06/2025;84.88
User85@Shop.com;13/10/2025;19.15
User155@Shop.com;26/06/2024;21.81
User50@Shop.com;27/06/2024;70.55
user173@shop.com;11/08/2024;103.4
user294@shop.com;09/01/2025;16.6
User56@Shop.com;12/02/2025;58.87
User61@Shop.com;13/05/2025;30.8
;11/09/2025;98.57
User333@Shop.com;21/09/2025;65.19
user301@shop.com;10/10/2025;17.61
User18@Shop.com;13/01/2024;26.04
user226@shop.com;26/01/2024;63.43
user188@shop.com;23/03/2024;59.63
User269@Shop.com;30/06/2024;51.91
user150@shop.com;30/08/2024;40.56
user321@shop.com;17/10/2024;37.55
user203@shop.com;02/11/2024;101.19
user92@shop.com;06/11/2024;34.59
user201@shop.com;10/11/2024;58.81
user94@shop.com;07/02/2025;58.66
user201@shop.com;14/03/2025;83.04
user111@shop.com;04/05/2025;67.5
User173@Shop.com;26/05/2025;81.56
User122@Shop.com;02/07/2025;10.53
user209@shop.com;07/10/2025;34.06
user304@shop.com;04/11/2025;29.2
User275@Shop.com;12/04/2024;90.41
user150@shop.com;12/04/2024;50.28
user200@shop.com;03/08/2024;25.1
user129@shop.com;14/09/2024;80.28
User125@Shop.com;15/09/2024;31.28
user254@shop.com;14/10/2024;51.77
user313@shop.com;24/10/2024;22.57
User75@Shop.com;12/01/2025;69.96
user102@shop.com;22/01/2025;36.08
user43@shop.com;08/03/2025;35.59
;07/04/2025;12.7
user279@shop.com;10/04/2025;91.07
user64@shop.com;16/04/2025;40.26
User302@Shop.com;03/05/2025;70.45
user123@shop.com;05/07/2025;74.3
user119@shop.com;16/07/2025;59.55
User195@Shop.com;21/07/2025;93.11
User254@Shop.com;05/08/2025;19.37
User263@Shop.com;15/09/2025;21.13
user14@shop.com;02/10/2025;65.93
User296@Shop.com;25/01/2024;37.69
user162@shop.com;24/02/2024;32.71
User366@Shop.com;28/08/2024;22.28
user231@shop.com;13/11/2024;21.6
user374@shop.com;01/12/2024;62.16
User102@Shop.com;27/01/2025;67.74
User265@Shop.com;16/02/2025;16.3
User139@Shop.com;06/03/2025;23.46
User343@Shop.com;31/03/2025;-47.1
user244@shop.com;16/04/2025;35.0
user301@shop.com;15/05/2025;58.07
;05/07/2025;3.67
user305@shop.com;19/07/2025;23.13
user62@shop.com;25/08/2025;40.04
;13/09/2025;19.66
user282@shop.com;01/10/2025;66.72
user74@shop.com;03/10/2025;65.65
user32@shop.com;02/12/2025;33.6
user223@shop.com;09/12/2025;27.91
user387@shop.com;01/02/2024;103.1
user124@shop.com;04/02/2024;16.73
User81@Shop.com;16/03/2024;40.57
user290@shop.com;16/04/2024;15.32
user102@shop.com;02/07/2024;104.07
user310@shop.com;07/07/2024;28.39
user80@shop.com;28/08/2024;14.09
User76@Shop.com;14/09/2024;68.14
user396@shop.com;19/09/2024;73.21
User239@Shop.com;23/09/2024;16.47
user115@shop.com;24/09/2024;97.07
User180@Shop.com;20/10/2024;38.09
;29/11/2024;18.02
user19@shop.com;24/02/2025;22.11
user396@shop.com;25/03/2025;75.9
user192@shop.com;27/03/2025;113.05
user380@shop.com;26/08/2025;54.68
user316@shop.com;31/08/2025;126.88
user17@shop.com;08/11/2025;94.16
user320@shop.com;19/01/2024;65.28
user208@shop.com;26/03/2024;34.12
user352@shop.com;16/05/2024;22.92
user240@shop.com;07/06/2024;23.67
user112@shop.com;22/06/2024;60.63
User281@Shop.com;25/07/2024;16.67
user115@shop.com;01/09/2024;8.52
User135@Shop.com;15/09/2024;33.03
user235@shop.com;06/12/2024;-54.15
User131@Shop.com;11/01/2025;69.63
;31/03/2025;60.97
user2@shop.com;11/06/2025;18.24
user154@shop.com;20/06/2025;59.94
User15@Shop.com;21/06/2025;34.06
user288@shop.com;28/06/2025;49.89
User220@Shop.com;07/11/2025;19.14
User60@Shop.com;17/11/2025;130.57
user31@shop.com;02/02/2024;23.82
user298@shop.com;10/03/2024;38.88
user81@shop.com;25/03/2024;71.21
user336@shop.com;28/03/2024;91.35
User133@Shop.com;19/04/2024;40.04
;02/06/2024;7.61
User29@Shop.com;04/07/2024;4.52
user203@shop.com;11/07/2024;30.77
user13@shop.com;13/08/2024;54.71
User90@Shop.com;28/08/2024;42.94
user370@shop.com;26/12/2024;43.01
User391@Shop.com;30/12/2024;36.35
user174@shop.com;05/03/2025;70.61
user363@shop.com;13/03/2025;28.7
user82@shop.com;17/04/2025;50.96
user235@shop.com;27/04/2025;30.34
User283@Shop.com;20/05/2025;132.38
user356@shop.com;20/06/2025;116.64
user4@shop.com;29/06/2025;65.21
User238@Shop.com;04/07/2025;-49.59
User98@Shop.com;13/02/2024;50.71
user155@shop.com;04/03/2024;72.69
User384@Shop.com;10/03/2024;17.68
user261@shop.com;28/04/2024;113.65
User359@Shop.com;23/06/2024;17.16
;12/07/2024;50.69
user254@shop.com;03/10/2024;3.55
user370@shop.com;14/11/2024;9.0
User38@Shop.com;24/11/2024;65.53
user349@shop.com;03/02/2025;64.67
;13/02/2025;27.29
User169@Shop.com;26/02/2025;53.62
user12@shop.com;29/04/2025;68.33
user335@shop.com;15/05/2025;85.19
User88@Shop.com;28/05/2025;97.15
user396@shop.com;06/07/2025;97.83
user11@shop.com;01/12/2025;56.26
user44@shop.com;02/12/2025;137.05
User51@Shop.com;25/03/2024;11.01
User271@Shop.com;05/04/2024;90.06
User253@Shop.com;11/04/2024;77.58
User82@Shop.com;24/05/2024;25.21
user41@shop.com;29/07/2024;106.64
;05/08/2024;53.16
User63@Shop.com;05/09/2024;27.82
user286@shop.com;28/09/2024;151.43
User361@Shop.com;21/11/2024;33.46
user171@shop.com;03/02/2025;49.87
User134@Shop.com;10/04/2025;27.3
User209@Shop.com;18/04/2025;51.66
User133@Shop.com;19/05/2025;222.73
User73@Shop.com;11/06/2025;57.47
User35@Shop.com;14/07/2025;29.87
user260@shop.com;29/10/2025;40.6
user318@shop.com;14/11/2025;19.34
user208@shop.com;15/11/2025;16.4
user270@shop.com;05/01/2024;28.82
user47@shop.com;26/03/2024;39.6
user219@shop.com;08/04/2024;27.63
user269@shop.com;29/04/2024;72.4
user247@shop.com;09/05/2024;-59.48
user10@shop.com;10/05/2024;10.03
User41@Shop.com;30/05/2024;32.94
user394@shop.com;06/11/2024;27.69
User104@Shop.com;22/11/2024;73.45
User93@Shop.com;20/12/2024;42.64
;23/12/2024;22.26
user293@shop.com;24/12/2024;-35.61
user380@shop.com;07/03/2025;51.26
user297@shop.com;04/04/2025;38.44
user327@shop.com;04/05/2025;26.42
user366@shop.com;27/09/2025;52.38
user256@shop.com;29/10/2025;93.2
user242@shop.com;16/12/2025;37.37
user208@shop.com;10/05/2024;29.91
User82@Shop.com;26/10/2024;28.58
user7@shop.com;29/10/2024;41.95
user49@shop.com;15/01/2025;6.25
;13/05/2025;38.53
user123@shop.com;22/10/2025;17.57
user27@shop.com;22/10/2025;16.36
user56@shop.com;26/10/2025;113.87
user52@shop.com;14/11/2025;2.94
user150@shop.com;07/12/2025;22.11
User277@Shop.com;12/02/2024;19.19
user322@shop.com;26/02/2024;104.68
User325@Shop.com;26/02/2024;-11.85
;30/03/2024;29.08
user314@shop.com;15/05/2024;20.61
user106@shop.com;06/06/2024;42.24
user181@shop.com;24/06/2024;39.31
user259@shop.com;27/08/2024;163.82
user71@shop.com;03/10/2024;28.44
User275@Shop.com;23/10/2024;109.32
user15@shop.com;27/10/2024;7.85
user90@shop.com;03/12/2024;64.95
user340@shop.com;08/04/2025;-39.5
User128@Shop.com;06/05/2025;1.2
User391@Shop.com;22/05/2025;36.58
user335@shop.com;30/06/2025;40.33
user98@shop.com;20/07/2025;152.31
User368@Shop.com;30/07/2025;25.02
User346@Shop.com;09/08/2025;72.74
user393@shop.com;20/08/2025;83.71
User161@Shop.com;21/09/2025;23.46
;19/10/2025;10.86
user125@shop.com;12/03/2024;25.98
user142@shop.com;19/03/2024;33.74
User202@Shop.com;26/03/2024;118.92
user145@shop.com;01/04/2024;98.93
user4@shop.com;05/06/2024;19.39
user287@shop.com;21/06/2024;89.72
User177@Shop.com;04/07/2024;31.36
;21/07/2024;53.06
user80@shop.com;09/08/2024;47.14
user91@shop.com;06/09/2024;25.92
User285@Shop.com;13/09/2024;22.3
user279@shop.com;26/10/2024;13.03
User201@Shop.com;30/10/2024;22.46
user241@shop.com;26/01/2025;104.24
user347@shop.com;24/04/2025;40.53
user351@shop.com;11/05/2025;26.95
User358@Shop.com;16/06/2025;62.11
user397@shop.com;18/06/2025;36.24
User127@Shop.com;29/06/2025;55.86
user318@shop.com;30/08/2025;90.13
user112@shop.com;13/09/2025;105.79
user347@shop.com;03/11/2025;98.67
user375@shop.com;16/01/2024;77.4
user176@shop.com;31/01/2024;46.72
user202@shop.com;02/04/2024;85.47
user47@shop.com;09/04/2024;57.66
user39@shop.com;10/04/2024;125.23
User79@Shop.com;19/07/2024;34.79
user19@shop.com;07/08/2024;13.65
user160@shop.com;25/08/2024;9.3
User396@Shop.com;20/09/2024;39.07
User283@Shop.com;17/10/2024;12.93
user232@shop.com;28/10/2024;24.18
user292@shop.com;05/11/2024;9.68
user22@shop.com;08/11/2024;98.31
user262@shop.com;21/11/2024;8.77
User204@Shop.com;04/12/2024;110.71
user46@shop.com;13/12/2024;4.25
;31/12/2024;19.5
user266@shop.com;23/01/2025;8.63
User174@Shop.com;25/01/2025;23.04
user368@shop.com;02/07/2025;73.33
;03/07/2025;56.35
User145@Shop.com;10/09/2025;19.9
user379@shop.com;14/10/2025;49.14
;11/03/2024;2.92
user50@shop.com;10/04/2024;24.46
user259@shop.com;21/05/2024;29.66
user61@shop.com;08/07/2024;13.47
user128@shop.com;29/09/2024;58.58
User163@Shop.com;14/10/2024;-44.02
user275@shop.com;15/11/2024;99.49
user333@shop.com;28/11/2024;8.45
user357@shop.com;31/12/2024;47.67
User249@Shop.com;06/01/2025;30.35
user385@shop.com;23/01/2025;33.31
;24/01/2025;26.28
user349@shop.com;15/02/2025;22.3
User230@Shop.com;31/03/2025;17.31
User48@Shop.com;27/04/2025;53.64
user84@shop.com;16/07/2025;32.63
user166@shop.com;24/07/2025;122.35
user327@shop.com;22/08/2025;92.65
User166@Shop.com;28/08/2025;31.51
user6@shop.com;16/09/2025;45.75
user173@shop.com;22/09/2025;74.65
User279@Shop.com;27/11/2025;35.75
user396@shop.com;01/12/2025;37.84
user78@shop.com;08/04/2024;62.62
User124@Shop.com;01/05/2024;25.82
User188@Shop.com;15/05/2024;21.26
user195@shop.com;08/06/2024;33.6
user390@shop.com;13/07/2024;43.17
user160@shop.com;18/07/2024;125.01
user216@shop.com;19/11/2024;46.2
user101@shop.com;02/01/2025;1.82
user23@shop.com;05/01/2025;16.48
User157@Shop.com;10/01/2025;13.67
user172@shop.com;18/02/2025;26.5
User69@Shop.com;24/02/2025;112.61
user264@shop.com;11/03/2025;11.08
user132@shop.com;22/07/2025;48.0
user23@shop.com;25/07/2025;73.24
user214@shop.com;16/10/2025;5.65
user101@shop.com;27/04/2024;35.77
user291@shop.com;09/05/2024;70.26
user8@shop.com;31/07/2024;49.48
user307@shop.com;06/12/2024;69.67
;24/02/2025;28.12
user292@shop.com;28/03/2025;79.05
user153@shop.com;06/05/2025;99.81
User352@Shop.com;30/05/2025;87.47
User201@Shop.com;12/06/2025;31.4
user399@shop.com;23/06/2025;21.69
User119@Shop.com;08/07/2025;86.62
User342@Shop.com;07/08/2025;46.06
user263@shop.com;27/08/2025;52.35
user370@shop.com;11/09/2025;107.24
User70@Shop.com;23/09/2025;73.81
user205@shop.com;24/09/2025;55.39
user362@shop.com;22/10/2025;102.29
User98@Shop.com;31/10/2025;62.02
User384@Shop.com;05/02/2024;33.51
User386@Shop.com;25/02/2024;152.62
user197@shop.com;09/03/2024;73.38
user291@shop.com;01/05/2024;57.31
user186@shop.com;05/06/2024;63.95
user263@shop.com;06/06/2024;16.03
User343@Shop.com;13/06/2024;-63.94
User296@Shop.com;06/07/2024;42.39
user116@shop.com;07/09/2024;7.17
user232@shop.com;20/11/2024;68.33
user321@shop.com;29/11/2024;14.07
user233@shop.com;15/12/2024;47.1
user115@shop.com;16/12/2024;41.92
User300@Shop.com;25/12/2024;84.33
user288@shop.com;23/03/2025;28.44
User254@Shop.com;22/05/2025;93.17
User134@Shop.com;09/08/2025;55.98
user225@shop.com;17/09/2025;57.24
User241@Shop.com;20/10/2025;124.91
User86@Shop.com;22/10/2025;39.16
User370@Shop.com;25/02/2024;122.81
user238@shop.com;21/03/2024;-8.24
user22@shop.com;27/03/2024;22.11
user108@shop.com;13/06/2024;28.73
User323@Shop.com;08/08/2024;5.18
User277@Shop.com;12/08/2024;37.57
user217@shop.com;02/11/2024;65.01
user198@shop.com;05/02/2025;-6.82
user152@shop.com;22/02/2025;51.25
;02/03/2025;57.8
user140@shop.com;28/04/2025;23.52
User332@Shop.com;13/05/2025;56.9
User28@Shop.com;08/06/2025;23.19
user213@shop.com;15/06/2025;3.84
user104@shop.com;21/06/2025;29.65
user169@shop.com;01/10/2025;50.63
User249@Shop.com;22/10/2025;53.54
user27@shop.com;26/11/2025;7.71
user39@shop.com;08/03/2024;20.7
user232@shop.com;05/04/2024;41.38
user268@shop.com;27/04/2024;98.52
user25@shop.com;29/04/2024;7.0
user384@shop.com;05/06/2024;79.01
user175@shop.com;15/08/2024;64.15
user392@shop.com;27/09/2024;26.26
User55@Shop.com;25/03/2025;55.22
User355@Shop.com;02/05/2025;90.4
user258@shop.com;03/06/2025;41.18
user322@shop.com;29/06/2025;15.63
User323@Shop.com;02/08/2025;-30.99
;01/09/2025;88.21
user68@shop.com;27/09/2025;95.0
user388@shop.com;12/10/2025;194.96
user173@shop.com;27/10/2025;88.12
user81@shop.com;21/11/2025;68.7
User252@Shop.com;29/02/2024;45.82
user347@shop.com;31/05/2024;44.47
user110@shop.com;07/06/2024;28.78
user351@shop.com;17/06/2024;11.86
user26@shop.com;06/07/2024;27.53
User249@Shop.com;22/08/2024;67.0
user150@shop.com;31/08/2024;57.38
user209@shop.com;29/09/2024;35.04
User242@Shop.com;31/10/2024;182.02
user80@shop.com;09/12/2024;68.49
User20@Shop.com;11/12/2024;20.69
user208@shop.com;15/02/2025;5.47
user381@shop.com;25/07/2025;55.55
User116@Shop.com;12/08/2025;19.62
user224@shop.com;07/10/2025;34.47
User51@Shop.com;25/10/2025;34.08
user138@shop.com;26/02/2024;36.04
user52@shop.com;08/03/2024;27.66
User45@Shop.com;29/03/2024;45.67
user320@shop.com;25/05/2024;14.75
user361@shop.com;02/07/2024;3.92
user369@shop.com;04/09/2024;82.4
User292@Shop.com;22/10/2024;41.12
user57@shop.com;15/11/2024;15.79
user370@shop.com;20/02/2025;112.57
User6@Shop.com;25/03/2025;60.35
User108@Shop.com;31/03/2025;54.26
User106@Shop.com;16/04/2025;11.04
User297@Shop.com;25/04/2025;24.29
user54@shop.com;25/05/2025;31.64
User387@Shop.com;21/02/2024;26.41
user76@shop.com;23/02/2024;23.5
user344@shop.com;07/04/2024;99.54
user233@shop.com;27/05/2024;4.72
user100@shop.com;07/07/2024;6.61
user169@shop.com;23/07/2024;40.98
User46@Shop.com;31/07/2024;17.82
user172@shop.com;27/10/2024;67.65
user277@shop.com;28/10/2024;24.57
User83@Shop.com;17/11/2024;-84.32
user384@shop.com;15/01/2025;30.34
user266@shop.com;18/04/2025;79.59
user147@shop.com;31/05/2025;89.44
user116@shop.com;22/08/2025;22.68
User310@Shop.com;26/08/2025;57.82
user160@shop.com;05/10/2025;57.65
user376@shop.com;18/01/2024;50.32
User185@Shop.com;28/01/2024;153.76
user280@shop.com;14/03/2024;50.5
User361@Shop.com;04/05/2024;13.15
user380@shop.com;02/07/2024;36.79
user99@shop.com;03/07/2024;8.61
user173@shop.com;10/10/2024;45.28
User287@Shop.com;04/12/2024;11.66
user164@shop.com;25/12/2024;72.18
user124@shop.com;27/02/2025;62.86
user248@shop.com;25/03/2025;53.29
user357@shop.com;02/04/2025;25.1
User186@Shop.com;03/04/2025;10.18
;08/04/2025;40.88
user304@shop.com;12/05/2025;81.69
user202@shop.com;17/06/2025;60.93
user124@shop.com;20/06/2025;33.86
user351@shop.com;30/06/2025;-4.94
user244@shop.com;14/07/2025;28.01
User269@Shop.com;24/08/2025;73.53
;25/08/2025;16.22
User38@Shop.com;27/09/2025;95.79
user340@shop.com;14/11/2025;196.14
user55@shop.com;09/04/2024;15.57
User5@Shop.com;04/07/2024;17.31
User396@Shop.com;25/08/2024;60.52
;28/08/2024;44.75
User12@Shop.com;13/12/2024;71.64
user281@shop.com;06/01/2025;23.4
user121@shop.com;27/02/2025;31.41
user167@shop.com;03/05/2025;51.19
user383@shop.com;07/05/2025;45.32
User228@Shop.com;03/06/2025;65.16
user7@shop.com;06/07/2025;20.03
user271@shop.com;17/08/2025;116.7
User65@Shop.com;01/11/2025;8.85
user129@shop.com;04/11/2025;40.16
User86@Shop.com;21/02/2024;6.0
user365@shop.com;11/03/2024;15.78
user35@shop.com;14/03/2024;49.27
;27/04/2024;12.44
user189@shop.com;22/07/2024;66.3
User221@Shop.com;23/07/2024;85.14
user237@shop.com;30/07/2024;67.58
user41@shop.com;31/08/2024;25.56
user128@shop.com;29/10/2024;53.89
User227@Shop.com;22/12/2024;15.63
user44@shop.com;08/02/2025;35.67
user324@shop.com;24/02/2025;64.36
user324@shop.com;14/04/2025;94.21
user211@shop.com;18/04/2025;14.56
user321@shop.com;04/05/2025;23.67
user172@shop.com;13/05/2025;43.18
User225@Shop.com;21/05/2025;84.08
;11/07/2025;56.26
User55@Shop.com;14/08/2025;34.76
User71@Shop.com;13/09/2025;26.73
user217@shop.com;06/11/2025;100.84
user32@shop.com;16/12/2025;57.14
user252@shop.com;16/04/2024;123.61
user129@shop.com;12/05/2024;-23.67
user171@shop.com;29/05/2024;66.7
User359@Shop.com;31/05/2024;108.36
user345@shop.com;05/06/2024;28.9
user188@shop.com;30/06/2024;165.07
User156@Shop.com;30/07/2024;38.2
user325@shop.com;09/09/2024;20.08
user204@shop.com;03/10/2024;38.01
user295@shop.com;03/11/2024;78.73
user46@shop.com;15/11/2024;33.65
User284@Shop.com;02/12/2024;33.28
user225@shop.com;01/02/2025;42.13
user85@shop.com;05/05/2025;44.53
User306@Shop.com;12/05/2025;35.27
user215@shop.com;08/06/2025;59.6
User292@Shop.com;06/08/2025;12.94
user331@shop.com;08/08/2025;33.24
user103@shop.com;02/09/2025;180.02
user324@shop.com;11/09/2025;55.36
user396@shop.com;17/09/2025;110.67
User207@Shop.com;13/03/2024;27.44
user288@shop.com;29/05/2024;51.54
user308@shop.com;31/05/2024;-56.59
User170@Shop.com;29/07/2024;70.9
user322@shop.com;05/09/2024;2.96
user166@shop.com;02/10/2024;47.84
user354@shop.com;20/10/2024;79.74
user311@shop.com;03/11/2024;59.23
user215@shop.com;19/11/2024;10.18
User71@Shop.com;13/12/2024;16.5
User331@Shop.com;29/01/2025;51.09
User256@Shop.com;04/02/2025;75.83
User228@Shop.com;07/02/2025;42.31
User287@Shop.com;23/04/2025;24.33
User397@Shop.com;10/08/2025;14.0
user207@shop.com;10/08/2025;45.25
user154@shop.com;25/10/2025;80.83
user349@shop.com;01/01/2024;85.03
user260@shop.com;02/01/2024;135.2
user187@shop.com;24/01/2024;29.75
User73@Shop.com;08/02/2024;12.81
;09/03/2024;15.78
User374@Shop.com;14/03/2024;23.93
user114@shop.com;26/03/2024;1.62
user383@shop.com;03/05/2024;42.65
user367@shop.com;22/06/2024;24.05
User338@Shop.com;13/09/2024;29.36
user127@shop.com;17/09/2024;33.27
user318@shop.com;24/09/2024;43.96
user278@shop.com;13/10/2024;14.79
user359@shop.com;09/11/2024;10.55
User164@Shop.com;27/11/2024;19.43
user247@shop.com;30/11/2024;65.46
user374@shop.com;24/02/2025;55.32
user365@shop.com;17/03/2025;55.48
user379@shop.com;19/03/2025;14.77
user41@shop.com;23/04/2025;31.01
user12@shop.com;30/04/2025;50.58
user38@shop.com;05/06/2025;15.68
user397@shop.com;22/06/2025;131.91
user167@shop.com;30/07/2025;89.47
User242@Shop.com;07/10/2025;23.77
User167@Shop.com;22/10/2025;32.71
User30@Shop.com;05/12/2025;31.3
User364@Shop.com;17/06/2024;14.51
User199@Shop.com;04/08/2024;14.52
user122@shop.com;31/10/2024;78.02
user20@shop.com;29/11/2024;106.98
user47@shop.com;20/12/2024;23.73
user220@shop.com;03/03/2025;38.05
user307@shop.com;13/06/2025;19.5
user74@shop.com;03/09/2025;4.58
user212@shop.com;17/10/2025;8.72
user147@shop.com;10/11/2025;13.94
User261@Shop.com;05/12/2025;28.49
user122@shop.com;21/04/2024;95.45
user353@shop.com;02/07/2024;9.56
user241@shop.com;20/07/2024;22.6
user71@shop.com;12/09/2024;73.27
User329@Shop.com;24/09/2024;39.24
user258@shop.com;06/04/2025;8.61
user374@shop.com;29/06/2025;22.46
user369@shop.com;31/07/2025;82.92
user132@shop.com;19/09/2025;3.78
;22/09/2025;101.84
user228@shop.com;17/11/2025;105.17
user174@shop.com;11/01/2024;37.54
user3@shop.com;23/01/2024;7.94
user325@shop.com;26/01/2024;80.89
user149@shop.com;08/02/2024;26.21
User28@Shop.com;29/04/2024;92.16
user384@shop.com;16/07/2024;51.16
User160@Shop.com;10/10/2024;22.76
user48@shop.com;04/11/2024;38.28
User175@Shop.com;06/12/2024;78.29
user348@shop.com;25/01/2025;32.47
user299@shop.com;04/02/2025;46.81
user261@shop.com;23/02/2025;104.44
User119@Shop.com;22/06/2025;53.52
user118@shop.com;27/07/2025;52.43
user105@shop.com;11/08/2025;117.19
user311@shop.com;26/08/2025;55.35
user322@shop.com;29/08/2025;37.55
;11/10/2025;9.86
user121@shop.com;15/11/2025;88.74
User358@Shop.com;18/01/2024;-118.54
User389@Shop.com;04/03/2024;23.71
user34@shop.com;16/03/2024;81.87
user103@shop.com;27/09/2024;26.77
user48@shop.com;28/09/2024;21.68
user143@shop.com;29/09/2024;20.66
user300@shop.com;01/10/2024;71.63
User235@Shop.com;19/11/2024;29.06
user180@shop.com;28/12/2024;74.52
User83@Shop.com;10/05/2025;14.92
user59@shop.com;28/05/2025;44.02
user304@shop.com;20/07/2025;59.03
user205@shop.com;05/08/2025;49.09
user9@shop.com;19/09/2025;6.69
User119@Shop.com;24/10/2025;42.14
User271@Shop.com;10/11/2025;86.23
User220@Shop.com;03/02/2024;41.91
user291@shop.com;08/02/2024;29.85
user297@shop.com;12/04/2024;112.71
User45@Shop.com;20/06/2024;-25.72
User342@Shop.com;25/06/2024;8.41
user239@shop.com;14/09/2024;47.52
User24@Shop.com;22/10/2024;20.1
user382@shop.com;03/11/2024;96.0
User237@Shop.com;13/11/2024;76.27
user96@shop.com;05/12/2024;22.2
User393@Shop.com;19/12/2024;81.47
User14@Shop.com;28/12/2024;6.89
user184@shop.com;26/05/2025;96.09
user16@shop.com;25/06/2025;48.96
user308@shop.com;09/11/2025;39.6
user310@shop.com;19/11/2025;10.58
user39@shop.com;24/01/2024;36.36
user117@shop.com;21/02/2024;8.65
user349@shop.com;17/07/2024;13.73
user105@shop.com;10/12/2024;50.11
user233@shop.com;23/12/2024;101.86
User218@Shop.com;23/12/2024;32.96
user355@shop.com;30/12/2024;24.76
User298@Shop.com;20/02/2025;49.28
user315@shop.com;12/07/2025;74.45
user36@shop.com;05/12/2025;88.93
User347@Shop.com;12/02/2024;108.4
user181@shop.com;13/02/2024;14.2
;26/05/2024;66.69
user39@shop.com;10/06/2024;21.68
User286@Shop.com;21/06/2024;69.7
user355@shop.com;14/07/2024;29.05
user79@shop.com;28/09/2024;108.24
user118@shop.com;13/10/2024;21.91
user107@shop.com;31/10/2024;50.93
User356@Shop.com;02/11/2024;-56.4
;12/12/2024;18.1
User260@Shop.com;13/12/2024;36.62
User236@Shop.com;20/02/2025;14.4
user164@shop.com;21/02/2025;23.98
;17/04/2025;94.64
user83@shop.com;05/05/2025;45.63
user372@shop.com;17/05/2025;9.54
user366@shop.com;15/09/2025;35.13
user6@shop.com;09/10/2025;48.19
user193@shop.com;02/11/2025;30.64
User78@Shop.com;17/12/2025;66.25
user180@shop.com;09/02/2024;33.16
User145@Shop.com;29/03/2024;4.92
user349@shop.com;01/04/2024;57.36
user327@shop.com;27/04/2024;36.08
user115@shop.com;03/06/2024;61.8
user220@shop.com;08/09/2024;16.77
user157@shop.com;24/09/2024;128.79
User205@Shop.com;27/09/2024;35.54
User361@Shop.com;30/09/2024;37.29
user304@shop.com;14/11/2024;42.09
User21@Shop.com;03/12/2024;55.03
user262@shop.com;05/12/2024;104.94
user308@shop.com;25/12/2024;61.27
user116@shop.com;30/03/2025;19.81
User296@Shop.com;09/04/2025;50.98
user35@shop.com;19/04/2025;47.56
User38@Shop.com;19/05/2025;3.45
user185@shop.com;20/05/2025;21.48
User165@Shop.com;25/06/2025;34.12
user352@shop.com;17/09/2025;48.68
user330@shop.com;14/10/2025;117.5
User239@Shop.com;12/01/2024;29.12
user217@shop.com;13/01/2024;20.7
user22@shop.com;19/01/2024;73.7
User76@Shop.com;19/01/2024;37.5
user176@shop.com;27/03/2024;44.99
user170@shop.com;12/05/2024;15.7
user154@shop.com;16/05/2024;3.87
user200@shop.com;04/06/2024;54.62
;23/07/2024;33.71
user156@shop.com;19/08/2024;44.73
User235@Shop.com;14/09/2024;36.67
User43@Shop.com;29/09/2024;39.7
User380@Shop.com;08/10/2024;18.88
user207@shop.com;31/10/2024;114.45
user135@shop.com;14/12/2024;165.75
User178@Shop.com;21/12/2024;34.52
User163@Shop.com;02/03/2025;48.89
User115@Shop.com;08/04/2025;38.43
user245@shop.com;19/04/2025;70.27
user355@shop.com;23/04/2025;100.34
User354@Shop.com;13/07/2025;62.08
user67@shop.com;26/10/2025;15.6
user282@shop.com;29/10/2025;64.43
User301@Shop.com;25/11/2025;74.27
user188@shop.com;24/03/2024;71.0
User275@Shop.com;23/09/2024;11.56
user326@shop.com;16/10/2024;28.26
user42@shop.com;15/11/2024;-59.35
user194@shop.com;14/12/2024;131.9
User13@Shop.com;24/12/2024;41.31
user385@shop.com;31/12/2024;17.79
User211@Shop.com;18/03/2025;62.85
user113@shop.com;19/05/2025;-28.85
User26@Shop.com;21/05/2025;31.57
;23/10/2025;24.43
user113@shop.com;11/11/2025;78.55
user332@shop.com;11/02/2024;64.5
User392@Shop.com;27/02/2024;41.99
user119@shop.com;19/03/2024;12.62
User136@Shop.com;09/05/2024;19.63
user339@shop.com;21/05/2024;27.53
User41@Shop.com;24/06/2024;7.89
User244@Shop.com;27/07/2024;69.28
user240@shop.com;23/10/2024;73.14
user204@shop.com;12/11/2024;26.43
User334@Shop.com;09/03/2025;43.95
User35@Shop.com;05/04/2025;32.01
User114@Shop.com;16/05/2025;48.88
user314@shop.com;06/06/2025;57.59
user121@shop.com;15/08/2025;47.39
user27@shop.com;22/09/2025;62.25
user183@shop.com;23/09/2025;24.87
;07/12/2025;21.83
user316@shop.com;27/01/2024;62.4
user350@shop.com;28/04/2024;77.48
user114@shop.com;09/05/2024;83.19
user121@shop.com;22/05/2024;11.75
user62@shop.com;06/06/2024;105.49
User52@Shop.com;15/07/2024;19.86
user112@shop.com;16/07/2024;27.87
User354@Shop.com;17/07/2024;69.07
User270@Shop.com;27/08/2024;101.93
User192@Shop.com;25/09/2024;26.92
User188@Shop.com;16/10/2024;35.91
user50@shop.com;07/11/2024;27.91
user196@shop.com;25/11/2024;48.55
user199@shop.com;29/11/2024;44.21
user306@shop.com;20/12/2024;56.76
user99@shop.com;28/03/2025;23.92
User345@Shop.com;06/04/2025;14.21
User163@Shop.com;22/05/2025;50.49
User24@Shop.com;10/06/2025;117.46
user256@shop.com;12/08/2025;29.06
;24/10/2025;107.58
User366@Shop.com;01/11/2025;49.58
user221@shop.com;11/11/2025;82.15
user320@shop.com;13/11/2025;45.68
user96@shop.com;29/11/2025;207.03
user65@shop.com;13/01/2024;33.53
;16/03/2024;10.8
user191@shop.com;17/03/2024;42.51
user317@shop.com;20/03/2024;60.15
user197@shop.com;27/05/2024;59.33
User318@Shop.com;11/06/2024;67.89
user395@shop.com;11/06/2024;110.14
User387@Shop.com;25/08/2024;72.62
user35@shop.com;30/08/2024;41.5
;19/09/2024;56.4
User204@Shop.com;08/10/2024;25.99
User150@Shop.com;05/12/2024;28.49
User365@Shop.com;19/12/2024;37.16
user68@shop.com;22/01/2025;137.69
user160@shop.com;07/02/2025;27.87
user333@shop.com;27/03/2025;64.71
user105@shop.com;05/04/2025;81.09
user374@shop.com;16/06/2025;77.52
User222@Shop.com;28/06/2025;18.05
user205@shop.com;17/07/2025;55.61
;22/07/2025;67.86
User51@Shop.com;22/07/2025;23.88
User370@Shop.com;30/07/2025;6.39
User2@Shop.com;29/11/2025;9.91
user34@shop.com;12/03/2024;34.47
user30@shop.com;17/03/2024;20.26
User83@Shop.com;04/05/2024;26.68
user294@shop.com;01/08/2024;-44.8
User34@Shop.com;14/10/2024;93.86
user60@shop.com;19/10/2024;35.36
user285@shop.com;28/10/2024;25.59
user14@shop.com;17/01/2025;54.37
User117@Shop.com;21/01/2025;93.21
user331@shop.com;02/05/2025;-30.03
user360@shop.com;28/08/2025;46.11
user198@shop.com;10/09/2025;76.08
;28/01/2024;13.19
user355@shop.com;23/11/2024;23.31
user374@shop.com;16/01/2025;33.21
user99@shop.com;18/01/2025;45.8
user103@shop.com;13/04/2025;125.41
user264@shop.com;18/05/2025;78.35
user1@shop.com;20/05/2025;119.42
user106@shop.com;13/06/2025;92.01
user155@shop.com;06/08/2025;31.12
User355@Shop.com;21/08/2025;11.85
User385@Shop.com;31/08/2025;70.22
user137@shop.com;14/09/2025;6.8
user305@shop.com;20/02/2024;32.42
user218@shop.com;06/05/2024;52.21
;08/05/2024;114.72
user159@shop.com;29/05/2024;9.68
user281@shop.com;06/06/2024;55.99
user282@shop.com;23/06/2024;116.26
user366@shop.com;03/07/2024;31.83
User251@Shop.com;16/09/2024;8.93
user387@shop.com;07/10/2024;44.38
User181@Shop.com;15/10/2024;68.52
User286@Shop.com;21/11/2024;48.79
user248@shop.com;01/12/2024;39.98
User345@Shop.com;27/02/2025;82.87
User371@Shop.com;27/07/2025;69.18
user336@shop.com;06/09/2025;27.78
user382@shop.com;15/11/2025;36.07
user143@shop.com;15/12/2025;10.13
user397@shop.com;02/03/2024;107.91
user40@shop.com;17/03/2024;20.76
user147@shop.com;08/05/2024;115.66
User291@Shop.com;21/05/2024;60.6
user248@shop.com;07/06/2024;45.91
user55@shop.com;29/06/2024;25.77
User272@Shop.com;30/07/2024;78.12
user154@shop.com;12/08/2024;47.19
user318@shop.com;14/08/2024;17.57
User398@Shop.com;11/09/2024;38.67
user81@shop.com;08/11/2024;30.03
user224@shop.com;18/02/2025;19.26
user12@shop.com;07/03/2025;32.8
User209@Shop.com;02/06/2025;20.31
;06/07/2025;19.44
user379@shop.com;25/08/2025;12.74
user317@shop.com;20/09/2025;33.03
user114@shop.com;21/10/2025;31.62
User150@Shop.com;02/12/2025;17.43
User399@Shop.com;15/01/2024;64.97
User316@Shop.com;03/02/2024;86.97
user364@shop.com;01/06/2024;61.46
;28/07/2024;7.53
user146@shop.com;07/08/2024;36.3
user330@shop.com;10/08/2024;48.65
user131@shop.com;15/08/2024;56.71
user302@shop.com;26/09/2024;99.42
user51@shop.com;06/01/2025;56.53
user25@shop.com;14/01/2025;44.87
User366@Shop.com;01/06/2025;70.98
user121@shop.com;26/08/2025;54.81
User75@Shop.com;26/10/2025;66.86
user102@shop.com;23/11/2025;96.73
user4@shop.com;11/01/2024;27.65
User304@Shop.com;13/06/2024;17.14
user356@shop.com;23/07/2024;33.95
user7@shop.com;25/11/2024;144.96
user239@shop.com;24/01/2025;52.48
user146@shop.com;09/05/2025;48.81
user269@shop.com;16/05/2025;45.5
User280@Shop.com;31/05/2025;38.61
User293@Shop.com;10/07/2025;36.17
user19@shop.com;16/07/2025;25.52
user18@shop.com;17/08/2025;75.38
user378@shop.com;20/08/2025;43.13
User37@Shop.com;10/11/2025;110.24
;26/01/2024;26.75
user200@shop.com;31/01/2024;22.55
user152@shop.com;14/02/2024;56.38
user21@shop.com;20/02/2024;33.21
User67@Shop.com;01/04/2024;37.32
User202@Shop.com;26/04/2024;52.36
user44@shop.com;20/05/2024;63.13
User294@Shop.com;31/07/2024;9.87
user344@shop.com;02/11/2024;20.83
User263@Shop.com;04/12/2024;31.74
user332@shop.com;09/12/2024;56.85
user247@shop.com;11/12/2024;56.92
user277@shop.com;26/04/2025;20.39
user19@shop.com;04/06/2025;46.71
user218@shop.com;11/06/2025;51.72
;02/07/2025;19.97
User74@Shop.com;22/08/2025;82.94
user359@shop.com;28/09/2025;8.61
User330@Shop.com;30/09/2025;30.52
user50@shop.com;13/10/2025;37.79
User394@Shop.com;04/12/2025;63.0
User213@Shop.com;02/01/2024;-59.85
user248@shop.com;15/02/2024;128.18
user20@shop.com;24/02/2024;18.57
user353@shop.com;27/05/2024;40.39
user375@shop.com;15/06/2024;16.42
user307@shop.com;11/07/2024;60.51
user69@shop.com;08/08/2024;51.87
User210@Shop.com;10/08/2024;51.61
user164@shop.com;12/08/2024;46.28
user157@shop.com;15/09/2024;108.0
user219@shop.com;02/10/2024;150.74
user286@shop.com;16/10/2024;18.18
User287@Shop.com;28/10/2024;22.74
user97@shop.com;02/11/2024;43.31
User375@Shop.com;24/12/2024;54.54
user175@shop.com;01/03/2025;47.38
user294@shop.com;13/04/2025;51.09
User346@Shop.com;28/04/2025;50.59
user139@shop.com;09/06/2025;105.35
User343@Shop.com;17/06/2025;36.38
user31@shop.com;29/08/2025;142.49
user120@shop.com;01/09/2025;103.29
User283@Shop.com;20/01/2024;47.07
User302@Shop.com;09/03/2024;73.99
User389@Shop.com;05/04/2024;54.91
user169@shop.com;11/08/2024;19.87
user7@shop.com;29/08/2024;17.29
user178@shop.com;08/11/2024;35.44
User310@Shop.com;23/04/2025;61.34
user47@shop.com;08/05/2025;34.54
User71@Shop.com;20/05/2025;122.11
User165@Shop.com;06/06/2025;93.15
user184@shop.com;09/07/2025;17.03
user175@shop.com;12/08/2025;16.5
user209@shop.com;09/10/2025;56.24
User245@Shop.com;27/11/2025;61.22
user246@shop.com;27/11/2025;34.56
User165@Shop.com;01/12/2025;20.68
User395@Shop.com;08/01/2024;42.72
user196@shop.com;10/02/2024;35.76
;02/03/2024;18.44
user266@shop.com;16/05/2024;-12.8
user157@shop.com;09/06/2024;21.38
user256@shop.com;09/09/2024;244.59
User286@Shop.com;31/12/2024;8.81
user193@shop.com;28/01/2025;13.44
User187@Shop.com;30/03/2025;31.57
user239@shop.com;04/05/2025;43.73
User165@Shop.com;07/05/2025;37.83
user303@shop.com;15/08/2025;73.97
user146@shop.com;30/08/2025;34.98
User38@Shop.com;03/10/2025;65.86
;21/10/2025;135.06
user360@shop.com;25/10/2025;109.86
User113@Shop.com;27/10/2025;7.76
User125@Shop.com;10/11/2025;52.99
user97@shop.com;15/02/2024;19.41
user371@shop.com;06/06/2024;26.9
User60@Shop.com;09/01/2025;32.45
user177@shop.com;12/02/2025;47.17
User176@Shop.com;17/05/2025;9.65
User226@Shop.com;13/06/2025;50.54
user118@shop.com;21/06/2025;19.46
User305@Shop.com;03/07/2025;18.56
user334@shop.com;10/08/2025;65.91
User174@Shop.com;18/08/2025;95.36
User339@Shop.com;30/08/2025;18.62
;28/10/2025;11.34
User138@Shop.com;18/12/2025;88.5
user354@shop.com;10/01/2024;17.31
;03/03/2024;114.16
User69@Shop.com;11/04/2024;48.2
user361@shop.com;06/05/2024;34.93
User351@Shop.com;31/05/2024;31.17
user144@shop.com;19/07/2024;8.91
User75@Shop.com;13/08/2024;46.67
User222@Shop.com;05/09/2024;56.44
user234@shop.com;10/09/2024;1.48
User177@Shop.com;10/10/2024;43.71
User285@Shop.com;16/10/2024;28.71
User260@Shop.com;11/11/2024;35.73
user314@shop.com;20/12/2024;39.12
user383@shop.com;28/02/2025;56.78
User301@Shop.com;02/04/2025;35.31
user56@shop.com;18/04/2025;60.44
User4@Shop.com;13/05/2025;17.34
user386@shop.com;23/05/2025;44.7
User322@Shop.com;28/06/2025;13.11
user266@shop.com;09/07/2025;18.89
User101@Shop.com;14/09/2025;25.75
User318@Shop.com;20/09/2025;77.6
User44@Shop.com;17/10/2025;15.11
user254@shop.com;19/10/2025;15.5
user151@shop.com;09/11/2025;35.99
user348@shop.com;12/12/2025;37.94
user273@shop.com;03/02/2024;19.67
user131@shop.com;03/03/2024;37.16
User316@Shop.com;18/04/2024;62.43
User283@Shop.com;17/06/2024;92.04
user101@shop.com;11/08/2024;28.97
User106@Shop.com;11/08/2024;116.79
User155@Shop.com;15/08/2024;3.13
user203@shop.com;23/10/2024;56.57
User111@Shop.com;22/11/2024;64.63
User272@Shop.com;01/12/2024;78.42
User210@Shop.com;08/01/2025;28.41
user81@shop.com;07/02/2025;83.25
User281@Shop.com;16/02/2025;24.08
User25@Shop.com;06/03/2025;104.82
user371@shop.com;11/03/2025;72.86
User316@Shop.com;28/03/2025;39.84
user37@shop.com;30/03/2025;32.66
User323@Shop.com;25/04/2025;40.12
User133@Shop.com;30/07/2025;60.49
User266@Shop.com;14/08/2025;123.14
User95@Shop.com;25/09/2025;118.85
user129@shop.com;16/10/2025;19.56
user6@shop.com;15/05/2024;72.98
User263@Shop.com;27/07/2024;13.81
user236@shop.com;28/11/2024;33.43
user34@shop.com;19/01/2025;43.15
user111@shop.com;30/03/2025;27.27
;13/04/2025;45.28
user319@shop.com;11/05/2025;10.85
User230@Shop.com;03/06/2025;61.04
User66@Shop.com;17/06/2025;51.91
User247@Shop.com;14/07/2025;12.62
User90@Shop.com;21/08/2025;32.53
User179@Shop.com;16/10/2025;36.28
user192@shop.com;11/11/2025;7.47
user90@shop.com;14/12/2025;11.88
User325@Shop.com;12/02/2024;103.65
user290@shop.com;02/04/2024;46.83
User44@Shop.com;03/04/2024;24.69
User186@Shop.com;27/04/2024;6.69
user46@shop.com;23/09/2024;72.99
user298@shop.com;20/11/2024;24.0
User154@Shop.com;08/12/2024;-75.3
User146@Shop.com;19/12/2024;89.74
user99@shop.com;24/02/2025;41.33
user36@shop.com;04/06/2025;61.62
user54@shop.com;19/07/2025;124.47
user217@shop.com;21/08/2025;113.45
user290@shop.com;03/11/2025;60.05
user249@shop.com;25/11/2025;43.9
user91@shop.com;05/04/2024;23.29
user368@shop.com;19/07/2024;33.37
user260@shop.com;26/08/2024;22.59
;10/11/2024;4.96
user2@shop.com;15/05/2025;81.88
user23@shop.com;12/08/2025;29.59
User24@Shop.com;01/09/2025;29.24
User308@Shop.com;03/01/2024;48.94
user147@shop.com;09/03/2024;51.63
user105@shop.com;22/07/2024;50.01
user238@shop.com;01/08/2024;83.68
User279@Shop.com;16/08/2024;76.83
user179@shop.com;25/11/2024;71.64
user152@shop.com;26/01/2025;136.31
User155@Shop.com;31/01/2025;59.6
;14/02/2025;227.8
User152@Shop.com;17/03/2025;29.95
user195@shop.com;22/04/2025;50.14
user131@shop.com;08/05/2025;48.99
user212@shop.com;10/06/2025;18.35
user259@shop.com;09/07/2025;49.8
;21/09/2025;-60.13
user4@shop.com;04/10/2025;125.53
user255@shop.com;29/11/2025;12.05
user127@shop.com;28/01/2024;51.09
user271@shop.com;17/02/2024;22.09
user384@shop.com;29/03/2024;49.74
user154@shop.com;15/04/2024;40.48
User45@Shop.com;14/05/2024;26.78
user271@shop.com;19/05/2024;17.97
User133@Shop.com;18/06/2024;30.06
;06/07/2024;28.21
user246@shop.com;25/09/2024;47.16
user243@shop.com;04/12/2024;30.05
user11@shop.com;13/12/2024;90.22
User184@Shop.com;29/12/2024;-42.24
user151@shop.com;31/12/2024;15.2
user225@shop.com;18/01/2025;19.41
;14/03/2025;80.39
User7@Shop.com;01/08/2025;81.51
user25@shop.com;04/09/2025;24.29
user200@shop.com;09/09/2025;99.46
user336@shop.com;26/09/2025;13.08
user88@shop.com;19/11/2025;12.91
user47@shop.com;03/12/2025;39.91
user154@shop.com;22/02/2024;15.76
User107@Shop.com;03/03/2024;6.14
user30@shop.com;12/04/2024;50.41
User371@Shop.com;06/06/2024;64.54
user263@shop.com;08/07/2024;60.75
user317@shop.com;14/07/2024;61.62
user357@shop.com;22/08/2024;73.25
User254@Shop.com;22/09/2024;52.12
User142@Shop.com;04/02/2025;6.98
user1@shop.com;08/02/2025;8.4
user42@shop.com;26/03/2025;53.49
user126@shop.com;25/07/2025;31.57
User248@Shop.com;11/08/2025;39.04
user264@shop.com;03/02/2024;39.29
User51@Shop.com;08/02/2024;26.96
user104@shop.com;21/05/2024;118.0
User356@Shop.com;16/06/2024;19.11
user117@shop.com;20/07/2024;241.34
User49@Shop.com;13/09/2024;40.13
user98@shop.com;22/10/2024;37.49
user145@shop.com;01/01/2025;17.53
user199@shop.com;11/03/2025;7.41
User198@Shop.com;23/03/2025;72.92
user43@shop.com;28/04/2025;92.65
user48@shop.com;02/05/2025;21.79
User83@Shop.com;26/06/2025;12.91
user128@shop.com;29/06/2025;35.78
user386@shop.com;29/09/2025;38.27
;09/10/2025;58.8
User142@Shop.com;21/03/2024;83.71
User285@Shop.com;16/05/2024;30.05
user136@shop.com;23/06/2024;11.89
user394@shop.com;05/08/2024;40.21
;01/09/2024;48.3
user145@shop.com;21/10/2024;98.24
user308@shop.com;25/11/2024;23.69
user316@shop.com;02/12/2024;44.92
user265@shop.com;24/01/2025;74.79
User56@Shop.com;04/03/2025;59.13
user118@shop.com;04/04/2025;15.04
user232@shop.com;19/04/2025;24.45
user148@shop.com;22/06/2025;45.05
user173@shop.com;25/08/2025;22.86
User114@Shop.com;27/11/2025;14.2
user115@shop.com;01/01/2024;1.66
user193@shop.com;06/01/2024;81.76
User328@Shop.com;11/02/2024;84.71
user146@shop.com;29/03/2024;14.43
user298@shop.com;18/04/2024;61.52
User392@Shop.com;04/08/2024;10.48
user54@shop.com;05/09/2024;90.51
User370@Shop.com;02/10/2024;211.21
user117@shop.com;29/10/2024;63.37
user39@shop.com;06/11/2024;34.24
user327@shop.com;09/11/2024;19.29
user4@shop.com;09/03/2025;13.81
User396@Shop.com;29/05/2025;43.19
User83@Shop.com;07/06/2025;11.92
user245@shop.com;12/10/2025;35.98
User100@Shop.com;25/11/2025;124.38
user348@shop.com;11/01/2024;57.16
user282@shop.com;19/01/2024;73.85
user393@shop.com;28/01/2024;15.82
User316@Shop.com;05/03/2024;52.05
User296@Shop.com;11/03/2024;43.79
User377@Shop.com;16/06/2024;23.68
User258@Shop.com;17/07/2024;44.36
user85@shop.com;30/07/2024;6.01
user89@shop.com;22/08/2024;78.02
user262@shop.com;17/09/2024;25.56
user148@shop.com;26/09/2024;65.73
User303@Shop.com;03/10/2024;40.97
user249@shop.com;16/10/2024;47.43
User16@Shop.com;24/01/2025;67.69
User370@Shop.com;16/03/2025;173.88
User389@Shop.com;19/08/2025;24.16
;14/10/2025;35.4
user114@shop.com;18/11/2025;19.95
user158@shop.com;02/12/2025;80.67
User324@Shop.com;06/12/2025;61.75
user9@shop.com;05/04/2024;-71.04
User72@Shop.com;09/06/2024;153.92
user278@shop.com;12/08/2024;143.78
User167@Shop.com;16/10/2024;101.26
user177@shop.com;23/10/2024;120.99
User375@Shop.com;17/11/2024;15.64
User319@Shop.com;31/12/2024;24.06
;03/01/2025;54.51
User94@Shop.com;09/01/2025;85.58
User105@Shop.com;19/02/2025;16.74
User264@Shop.com;27/02/2025;168.98
user172@shop.com;15/03/2025;25.71
user269@shop.com;24/03/2025;49.2
user90@shop.com;04/05/2025;39.16
user186@shop.com;08/06/2025;78.34
User146@Shop.com;16/10/2025;7.2
User76@Shop.com;13/11/2025;47.49
User82@Shop.com;07/02/2024;19.84
user161@shop.com;13/03/2024;32.98
user271@shop.com;08/04/2024;48.76
User298@Shop.com;25/05/2024;52.15
User309@Shop.com;21/06/2024;44.17
user76@shop.com;07/07/2024;13.21
user231@shop.com;12/07/2024;27.19
user36@shop.com;17/07/2024;113.67
User53@Shop.com;05/09/2024;28.45
user185@shop.com;09/09/2024;43.81
User279@Shop.com;22/09/2024;27.65
User94@Shop.com;11/11/2024;64.82
user69@shop.com;17/12/2024;9.13
User320@Shop.com;08/01/2025;28.64
user240@shop.com;06/02/2025;57.04
User327@Shop.com;02/03/2025;70.38
user35@shop.com;05/03/2025;46.05
User378@Shop.com;10/03/2025;35.42
user323@shop.com;14/05/2025;78.67
User336@Shop.com;01/07/2025;105.54
user41@shop.com;10/08/2025;82.13
user259@shop.com;17/08/2025;26.85
User216@Shop.com;07/09/2025;56.63
user75@shop.com;29/11/2025;9.99
User366@Shop.com;07/02/2024;53.72
User329@Shop.com;26/02/2024;38.76
User331@Shop.com;26/05/2024;36.24
User291@Shop.com;03/07/2024;87.44
User71@Shop.com;17/10/2024;35.79
User298@Shop.com;28/10/2024;57.93
user185@shop.com;08/12/2024;19.57
User279@Shop.com;21/04/2025;117.27
User238@Shop.com;01/06/2025;46.43
User332@Shop.com;05/06/2025;77.23
user208@shop.com;15/08/2025;117.54
User119@Shop.com;29/08/2025;34.96
user265@shop.com;18/09/2025;-89.86
user269@shop.com;01/12/2025;67.55
user117@shop.com;07/03/2024;47.68
User207@Shop.com;14/03/2024;110.0
user266@shop.com;27/04/2024;24.98
User135@Shop.com;21/08/2024;148.45
user69@shop.com;26/10/2024;58.53
user131@shop.com;04/12/2024;77.68
User334@Shop.com;22/01/2025;41.48
user63@shop.com;26/03/2025;68.76
user157@shop.com;29/03/2025;73.19
User197@Shop.com;24/04/2025;114.06
user318@shop.com;28/09/2025;45.51
User148@Shop.com;20/10/2025;13.04
user397@shop.com;14/12/2025;59.54
User169@Shop.com;01/01/2024;33.18
user185@shop.com;05/01/2024;11.36
User340@Shop.com;26/03/2024;126.52
user180@shop.com;07/04/2024;-57.98
User272@Shop.com;06/05/2024;-76.55
user141@shop.com;18/05/2024;56.7
user272@shop.com;04/10/2024;53.58
User239@Shop.com;06/10/2024;24.32
user393@shop.com;08/10/2024;86.63
User160@Shop.com;13/06/2025;8.92
User87@Shop.com;18/06/2025;151.31
user56@shop.com;30/06/2025;95.21
user203@shop.com;12/08/2025;11.87
User200@Shop.com;05/11/2025;11.88
User37@Shop.com;01/02/2024;15.91
user5@shop.com;05/03/2024;35.45
user157@shop.com;29/06/2024;66.91
User15@Shop.com;29/09/2024;46.55
user380@shop.com;05/11/2024;40.61
User316@Shop.com;17/11/2024;46.77
user35@shop.com;11/12/2024;-56.25
User311@Shop.com;23/12/2024;28.38
User303@Shop.com;05/03/2025;40.74
;08/10/2025;40.92
User346@Shop.com;28/10/2025;85.09
user283@shop.com;16/11/2025;14.86
user204@shop.com;19/11/2025;17.25
user290@shop.com;21/11/2025;45.25
User319@Shop.com;08/12/2025;38.97
user233@shop.com;10/01/2024;33.93
User176@Shop.com;03/03/2024;52.93
user229@shop.com;21/03/2024;75.0
;19/05/2024;118.91
;09/06/2024;27.3
user202@shop.com;02/07/2024;47.72
user299@shop.com;06/09/2024;125.19
user78@shop.com;15/11/2024;56.57
user173@shop.com;03/12/2024;46.52
user123@shop.com;15/01/2025;61.47
User62@Shop.com;28/02/2025;24.74
user122@shop.com;22/03/2025;40.37
User121@Shop.com;22/04/2025;80.25
user395@shop.com;07/05/2025;51.19
user155@shop.com;20/06/2025;129.52
user134@shop.com;07/12/2025;22.98
user158@shop.com;06/01/2024;135.72
;17/02/2024;23.27
user365@shop.com;15/03/2024;30.6
user375@shop.com;23/03/2024;2.79
user157@shop.com;26/04/2024;25.26
User56@Shop.com;06/05/2024;-27.68
User8@Shop.com;12/05/2024;103.32
;18/06/2024;20.65
User332@Shop.com;23/06/2024;18.19
user341@shop.com;26/07/2024;42.37
User234@Shop.com;31/01/2025;81.53
user259@shop.com;15/02/2025;12.71
User307@Shop.com;23/03/2025;51.58
user171@shop.com;02/07/2025;152.27
User330@Shop.com;24/09/2025;31.72
user79@shop.com;22/10/2025;23.41
user178@shop.com;26/10/2025;-12.78
User43@Shop.com;26/11/2025;45.47
User310@Shop.com;03/01/2024;42.72
user42@shop.com;09/01/2024;35.36
user201@shop.com;30/03/2024;52.16
user140@shop.com;05/04/2024;45.68
User397@Shop.com;30/04/2024;47.86
User163@Shop.com;25/09/2024;46.21
user57@shop.com;20/10/2024;67.89
user369@shop.com;14/11/2024;13.61
user221@shop.com;17/12/2024;23.55
User214@Shop.com;17/01/2025;56.48
user253@shop.com;05/02/2025;15.35
user396@shop.com;06/02/2025;47.55
User11@Shop.com;20/02/2025;41.62
User288@Shop.com;11/04/2025;35.22
User182@Shop.com;12/06/2025;14.87
user59@shop.com;13/06/2025;21.2
user362@shop.com;21/07/2025;58.81
user221@shop.com;05/10/2025;76.94
User365@Shop.com;02/11/2025;22.34
User64@Shop.com;09/11/2025;28.79
user270@shop.com;19/12/2025;32.77
user16@shop.com;07/02/2024;9.18
User394@Shop.com;19/02/2024;15.86
user377@shop.com;03/04/2024;53.59
User353@Shop.com;29/05/2024;30.89
User135@Shop.com;07/07/2024;14.39
User279@Shop.com;07/10/2024;38.44
User76@Shop.com;19/11/2024;15.1
user336@shop.com;21/11/2024;39.8
user41@shop.com;03/12/2024;77.12
user294@shop.com;08/12/2024;105.09
user261@shop.com;25/01/2025;107.63
User118@Shop.com;06/03/2025;62.72
User184@Shop.com;15/05/2025;7.12
User190@Shop.com;22/08/2025;56.09
User5@Shop.com;14/10/2025;47.36
user21@shop.com;23/10/2025;29.8
user286@shop.com;09/11/2025;68.6
user274@shop.com;13/11/2025;12.14
user103@shop.com;03/01/2024;90.54
User179@Shop.com;28/02/2024;22.79
User312@Shop.com;05/03/2024;60.14
user271@shop.com;02/05/2024;40.11
user195@shop.com;20/05/2024;23.3
User345@Shop.com;09/07/2024;76.65
User214@Shop.com;20/08/2024;25.25
User3@Shop.com;22/09/2024;34.01
user183@shop.com;04/11/2024;24.35
user97@shop.com;11/12/2024;115.15
user270@shop.com;05/01/2025;17.61
User42@Shop.com;01/03/2025;29.01
user396@shop.com;27/03/2025;21.75
user243@shop.com;23/04/2025;11.37
user319@shop.com;25/04/2025;91.13
user184@shop.com;03/06/2025;40.79
user28@shop.com;10/06/2025;57.38
User174@Shop.com;11/07/2025;28.07
User198@Shop.com;10/10/2025;51.18
user168@shop.com;13/11/2025;44.58
user94@shop.com;21/11/2025;82.63
user83@shop.com;28/11/2025;24.88
User41@Shop.com;20/01/2024;84.2
user199@shop.com;08/02/2024;82.32
user78@shop.com;27/03/2024;149.58
User250@Shop.com;15/07/2024;-26.79
User99@Shop.com;22/09/2024;4.91
user174@shop.com;09/10/2024;90.98
;15/10/2024;34.07
user210@shop.com;19/11/2024;61.45
;28/11/2024;33.08
User273@Shop.com;03/01/2025;188.6
User341@Shop.com;13/01/2025;8.29
user23@shop.com;24/03/2025;134.47
User279@Shop.com;03/06/2025;27.57
User95@Shop.com;25/09/2025;10.51
user126@shop.com;14/11/2025;19.85
User362@Shop.com;15/12/2025;26.35
User157@Shop.com;20/12/2025;120.15
user206@shop.com;05/01/2024;33.33
user176@shop.com;05/02/2024;119.48
User43@Shop.com;23/03/2024;29.25
User118@Shop.com;18/04/2024;111.77
;10/05/2024;41.95
User169@Shop.com;20/06/2024;19.21
user1@shop.com;17/07/2024;21.86
user308@shop.com;28/08/2024;8.12
user214@shop.com;06/09/2024;27.5
User31@Shop.com;22/09/2024;9.97
user396@shop.com;11/01/2025;37.35
User111@Shop.com;08/02/2025;62.33
User139@Shop.com;03/05/2025;12.1
user192@shop.com;05/05/2025;56.67
user214@shop.com;22/06/2025;42.65
user270@shop.com;28/06/2025;28.13
user213@shop.com;03/07/2025;64.96
User258@Shop.com;16/07/2025;25.58
user124@shop.com;01/11/2025;42.11
user290@shop.com;17/11/2025;-33.08
User341@Shop.com;08/01/2024;41.87
user42@shop.com;09/02/2024;8.6
user48@shop.com;15/02/2024;37.14
user73@shop.com;26/02/2024;79.64
user133@shop.com;22/03/2024;41.45
user124@shop.com;08/04/2024;53.13
User312@Shop.com;10/04/2024;84.64
user113@shop.com;07/05/2024;3.75
user354@shop.com;07/05/2024;101.74
User302@Shop.com;11/07/2024;47.15
user376@shop.com;13/08/2024;35.97
User397@Shop.com;01/10/2024;19.72
User29@Shop.com;13/10/2024;17.7
User273@Shop.com;06/11/2024;31.45
user346@shop.com;04/12/2024;-32.74
user14@shop.com;09/12/2024;36.98
User66@Shop.com;26/12/2024;27.55
User119@Shop.com;30/01/2025;54.01
User83@Shop.com;31/08/2025;90.94
;28/09/2025;34.52
User54@Shop.com;17/12/2025;40.64
User369@Shop.com;07/01/2024;-100.28
user143@shop.com;21/01/2024;18.38
User238@Shop.com;11/02/2024;42.07
User163@Shop.com;14/03/2024;74.81
user140@shop.com;12/04/2024;55.19
user346@shop.com;26/05/2024;73.78
user142@shop.com;03/09/2024;28.36
user391@shop.com;09/09/2024;125.53
User253@Shop.com;14/09/2024;37.66
user144@shop.com;17/10/2024;10.06
User345@Shop.com;09/11/2024;20.85
User111@Shop.com;18/01/2025;75.92
user136@shop.com;09/03/2025;93.83
user355@shop.com;19/03/2025;36.43
User77@Shop.com;12/04/2025;19.39
User353@Shop.com;28/06/2025;52.56
user2@shop.com;14/07/2025;42.22
User4@Shop.com;01/11/2025;40.64
user55@shop.com;11/12/2025;66.37
user246@shop.com;17/02/2024;30.26
User340@Shop.com;04/03/2024;23.55
user338@shop.com;15/03/2024;88.06
User250@Shop.com;26/03/2024;12.69
user256@shop.com;26/04/2024;53.6
User396@Shop.com;30/04/2024;9.11
User379@Shop.com;10/06/2024;38.62
user28@shop.com;03/07/2024;25.08
User224@Shop.com;06/07/2024;45.78
User147@Shop.com;13/07/2024;52.06
user54@shop.com;23/09/2024;32.98
User318@Shop.com;02/10/2024;94.76
user217@shop.com;15/10/2024;32.9
user264@shop.com;25/10/2024;42.14
user206@shop.com;25/02/2025;98.34
user27@shop.com;19/05/2025;11.01
User346@Shop.com;19/06/2025;29.5
user161@shop.com;03/08/2025;17.62
user88@shop.com;27/08/2025;90.68
user255@shop.com;15/01/2024;7.32
User122@Shop.com;26/01/2024;-46.36
User275@Shop.com;30/01/2024;61.55
User204@Shop.com;08/05/2024;178.72
User181@Shop.com;16/06/2024;22.28
user40@shop.com;14/07/2024;68.14
User76@Shop.com;25/07/2024;63.41
user345@shop.com;25/10/2024;50.27
User386@Shop.com;03/11/2024;43.7
user221@shop.com;18/12/2024;69.5
user187@shop.com;17/02/2025;47.35
User72@Shop.com;25/02/2025;33.63
user287@shop.com;09/06/2025;51.7
user259@shop.com;06/07/2025;53.85
user214@shop.com;06/08/2025;-95.54
User108@Shop.com;08/09/2025;31.75
user33@shop.com;31/10/2025;94.5
User387@Shop.com;04/11/2025;100.12
user95@shop.com;01/03/2024;82.98
User261@Shop.com;07/03/2024;34.81
user26@shop.com;09/07/2024;44.38
user273@shop.com;09/08/2024;66.31
User77@Shop.com;25/08/2024;75.04
User280@Shop.com;07/10/2024;6.22
User80@Shop.com;28/10/2024;64.39
user198@shop.com;26/11/2024;62.77
User166@Shop.com;16/12/2024;95.68
user205@shop.com;13/03/2025;20.42
user129@shop.com;28/03/2025;49.57
user135@shop.com;06/04/2025;161.08
user145@shop.com;12/06/2025;125.0
User255@Shop.com;03/08/2025;32.36
user326@shop.com;08/09/2025;21.91
user147@shop.com;12/09/2025;92.04
User9@Shop.com;15/09/2025;19.3
User78@Shop.com;23/11/2025;21.3
User42@Shop.com;29/02/2024;45.68
User251@Shop.com;09/06/2024;24.65
User323@Shop.com;03/07/2024;30.17
user85@shop.com;09/08/2024;112.07
User214@Shop.com;11/08/2024;-110.15
user191@shop.com;05/10/2024;49.17
user176@shop.com;19/10/2024;24.82
User354@Shop.com;23/10/2024;45.95
user107@shop.com;24/11/2024;63.43
user249@shop.com;01/12/2024;72.74
user217@shop.com;02/01/2025;59.28
user350@shop.com;25/02/2025;85.56
user89@shop.com;06/03/2025;35.31
user373@shop.com;25/03/2025;40.61
;07/04/2025;9.78
User179@Shop.com;24/06/2025;78.34
user329@shop.com;27/06/2025;12.74
user259@shop.com;05/08/2025;28.9
User129@Shop.com;10/10/2025;45.27
user341@shop.com;26/10/2025;129.19
user10@shop.com;24/11/2025;64.21
User56@Shop.com;05/12/2025;16.53
;21/01/2024;19.86
user317@shop.com;07/02/2024;39.21
user120@shop.com;25/02/2024;162.56
user394@shop.com;20/03/2024;30.23
user263@shop.com;18/05/2024;21.07
user97@shop.com;31/07/2024;89.66
user343@shop.com;27/09/2024;27.32
user396@shop.com;19/11/2024;29.99
User319@Shop.com;29/12/2024;50.63
user250@shop.com;13/02/2025;46.18
user345@shop.com;23/02/2025;18.1
user322@shop.com;02/04/2025;53.23
user196@shop.com;04/04/2025;37.46
user303@shop.com;17/06/2025;32.91
user337@shop.com;02/07/2025;50.23
User14@Shop.com;03/09/2025;7.36
User185@Shop.com;24/10/2025;52.81
user374@shop.com;26/11/2025;27.3
User106@Shop.com;10/12/2025;56.37
User246@Shop.com;19/01/2024;23.27
User192@Shop.com;07/03/2024;92.89
User234@Shop.com;17/03/2024;40.73
user134@shop.com;22/03/2024;86.32
User255@Shop.com;16/05/2024;130.2
user307@shop.com;22/05/2024;38.13
User295@Shop.com;28/05/2024;103.42
User332@Shop.com;17/06/2024;27.28
user101@shop.com;05/07/2024;75.91
User57@Shop.com;11/07/2024;48.85
user217@shop.com;09/08/2024;132.85
user66@shop.com;13/08/2024;15.24
user251@shop.com;14/08/2024;39.24
User154@Shop.com;11/09/2024;65.57
user287@shop.com;03/10/2024;74.64
User185@Shop.com;23/10/2024;48.92
user225@shop.com;23/10/2024;30.95
user382@shop.com;30/10/2024;51.03
user251@shop.com;03/01/2025;39.3
User376@Shop.com;08/01/2025;32.24
user97@shop.com;19/02/2025;81.17
User386@Shop.com;23/03/2025;94.46
user86@shop.com;28/03/2025;22.3
user292@shop.com;13/04/2025;12.98
user19@shop.com;18/05/2025;88.92
user271@shop.com;12/07/2025;54.78
User352@Shop.com;12/08/2025;63.83
User108@Shop.com;17/10/2025;55.11
User63@Shop.com;02/11/2025;73.82
user149@shop.com;30/11/2025;69.62
User27@Shop.com;06/01/2024;33.14
user2@shop.com;21/02/2024;61.77
;07/03/2024;5.89
User333@Shop.com;29/03/2024;8.53
user161@shop.com;28/04/2024;23.47
user111@shop.com;14/07/2024;31.97
User90@Shop.com;06/08/2024;24.58
user32@shop.com;04/09/2024;20.38
User158@Shop.com;12/09/2024;45.47
;18/12/2024;18.47
user180@shop.com;02/03/2025;46.11
user129@shop.com;05/03/2025;17.4
user236@shop.com;14/04/2025;51.1
user289@shop.com;10/07/2025;111.43
user5@shop.com;18/07/2025;28.22
user3@shop.com;24/09/2025;5.41
user111@shop.com;12/12/2025;74.14
user92@shop.com;20/01/2024;10.27
User36@Shop.com;26/01/2024;26.86
User358@Shop.com;21/02/2024;101.93
User36@Shop.com;01/04/2024;27.96
user342@shop.com;27/04/2024;56.21
User27@Shop.com;18/05/2024;45.87
User251@Shop.com;10/09/2024;25.13
user153@shop.com;05/10/2024;67.82
user224@shop.com;21/10/2024;-78.65
user209@shop.com;07/11/2024;7.16
user89@shop.com;29/11/2024;87.75
user41@shop.com;03/12/2024;26.83
User350@Shop.com;04/01/2025;75.49
user291@shop.com;08/02/2025;12.74
User304@Shop.com;10/03/2025;-11.19
User247@Shop.com;09/07/2025;100.1
User205@Shop.com;09/09/2025;56.97
user340@shop.com;03/11/2025;58.06
user65@shop.com;11/01/2024;100.99
User243@Shop.com;23/02/2024;45.64
user87@shop.com;20/03/2024;51.4
user260@shop.com;03/05/2024;17.56
User152@Shop.com;07/05/2024;31.79
User171@Shop.com;13/06/2024;57.59
User133@Shop.com;16/08/2024;37.87
User238@Shop.com;26/08/2024;2.57
User25@Shop.com;30/09/2024;77.69
user308@shop.com;16/10/2024;127.8
user163@shop.com;23/12/2024;64.25
User392@Shop.com;20/01/2025;70.99
user180@shop.com;26/01/2025;45.32
User49@Shop.com;16/03/2025;34.81
user115@shop.com;05/06/2025;57.59
user184@shop.com;04/07/2025;34.49
User154@Shop.com;16/07/2025;35.57
user106@shop.com;31/08/2025;45.6
user133@shop.com;20/10/2025;61.27
user293@shop.com;04/02/2024;66.59
User151@Shop.com;04/02/2024;43.23
user63@shop.com;25/02/2024;62.37
User247@Shop.com;02/05/2024;26.27
User296@Shop.com;15/09/2024;57.45
user199@shop.com;06/11/2024;16.5
user290@shop.com;08/11/2024;28.31
user79@shop.com;20/12/2024;27.77
user58@shop.com;01/01/2025;129.54
;09/01/2025;19.26
user315@shop.com;12/02/2025;31.45
User205@Shop.com;21/03/2025;64.87
User194@Shop.com;17/06/2025;39.73
user183@shop.com;18/06/2025;69.05
user88@shop.com;05/11/2025;28.21
user285@shop.com;06/01/2024;91.02
User153@Shop.com;24/01/2024;72.27
User301@Shop.com;01/03/2024;99.32
;06/04/2024;88.04
User339@Shop.com;20/04/2024;-51.69
User339@Shop.com;18/05/2024;2.66
user324@shop.com;12/08/2024;55.06
;12/09/2024;25.31
User267@Shop.com;29/09/2024;67.55
User301@Shop.com;13/01/2025;82.91
User288@Shop.com;19/01/2025;35.13
user351@shop.com;24/01/2025;23.39
user63@shop.com;26/03/2025;41.72
user263@shop.com;09/04/2025;83.78
user280@shop.com;30/04/2025;128.55
User143@Shop.com;04/05/2025;41.26
user102@shop.com;07/05/2025;29.81
User226@Shop.com;14/05/2025;24.16
user103@shop.com;29/05/2025;51.35
User235@Shop.com;26/06/2025;17.35
user48@shop.com;30/06/2025;21.55
User158@Shop.com;05/08/2025;44.36
user159@shop.com;07/09/2025;17.53
User293@Shop.com;27/09/2025;25.2
user8@shop.com;04/12/2025;30.07
user145@shop.com;01/01/2024;62.54
user263@shop.com;12/01/2024;118.86
User199@Shop.com;01/02/2024;29.35
User299@Shop.com;04/03/2024;47.56
User347@Shop.com;19/04/2024;164.64
;10/05/2024;37.18
user134@shop.com;23/05/2024;38.57
User52@Shop.com;11/08/2024;17.1
User35@Shop.com;21/08/2024;4.25
User256@Shop.com;24/11/2024;66.55
User51@Shop.com;25/11/2024;19.76
user335@shop.com;04/12/2024;65.71
User232@Shop.com;24/12/2024;50.67
User15@Shop.com;09/02/2025;15.32
User316@Shop.com;23/02/2025;35.65
user78@shop.com;26/02/2025;4.92
User396@Shop.com;02/03/2025;8.1
User107@Shop.com;11/05/2025;49.97
User220@Shop.com;23/06/2025;9.44
user185@shop.com;17/09/2025;12.39
User141@Shop.com;13/01/2024;31.43
user69@shop.com;07/02/2024;4.66
user25@shop.com;12/03/2024;61.64
User216@Shop.com;22/05/2024;98.97
user393@shop.com;16/06/2024;72.15
user138@shop.com;10/09/2024;-35.14
User120@Shop.com;14/11/2024;68.05
User262@Shop.com;15/11/2024;20.81
user399@shop.com;19/03/2025;22.49
user212@shop.com;01/04/2025;50.77
User387@Shop.com;08/05/2025;63.25
User274@Shop.com;20/05/2025;32.0
user319@shop.com;14/06/2025;89.77
user99@shop.com;27/06/2025;101.53
User221@Shop.com;30/07/2025;98.42
user283@shop.com;25/10/2025;2.46
user145@shop.com;20/11/2025;23.33
user294@shop.com;09/05/2024;42.85
User155@Shop.com;16/05/2024;69.23
User289@Shop.com;13/06/2024;86.64
user182@shop.com;15/07/2024;18.1
User28@Shop.com;24/08/2024;34.33
User39@Shop.com;24/09/2024;104.0
user378@shop.com;29/10/2024;34.86
user255@shop.com;28/12/2024;47.81
user231@shop.com;25/02/2025;66.8
user308@shop.com;21/04/2025;21.25
user109@shop.com;22/04/2025;183.05
user146@shop.com;22/05/2025;21.29
User174@Shop.com;07/06/2025;13.08
User263@Shop.com;10/06/2025;10.69
user207@shop.com;21/07/2025;55.22
User109@Shop.com;07/09/2025;10.13
User207@Shop.com;16/10/2025;50.72
User150@Shop.com;13/11/2025;54.49
User99@Shop.com;12/01/2024;88.89
User77@Shop.com;27/01/2024;100.42
User106@Shop.com;01/05/2024;60.49
User215@Shop.com;08/05/2024;36.34
User146@Shop.com;26/05/2024;10.69
User169@Shop.com;09/07/2024;93.53
user312@shop.com;26/10/2024;26.0
user278@shop.com;27/10/2024;37.21
user175@shop.com;14/12/2024;37.42
User230@Shop.com;20/01/2025;24.86
;27/03/2025;39.52
user164@shop.com;05/04/2025;113.88
user181@shop.com;16/04/2025;64.67
user119@shop.com;11/06/2025;86.91
User81@Shop.com;29/06/2025;75.96
User296@Shop.com;22/08/2025;124.09
User5@Shop.com;20/10/2025;40.99
User390@Shop.com;09/11/2025;32.68
user390@shop.com;21/11/2025;111.64
User250@Shop.com;22/11/2025;2.97
User118@Shop.com;06/02/2024;73.18
User118@Shop.com;16/06/2024;68.73
user215@shop.com;21/09/2024;49.79
user267@shop.com;27/09/2024;52.29
User143@Shop.com;27/09/2024;23.55
user176@shop.com;06/10/2024;27.52
User22@Shop.com;14/10/2024;105.19
user354@shop.com;22/10/2024;43.92
User360@Shop.com;04/11/2024;96.0
user105@shop.com;05/11/2024;24.71
user374@shop.com;15/12/2024;23.93
user339@shop.com;23/02/2025;11.39
user75@shop.com;12/06/2025;8.44
user62@shop.com;05/07/2025;68.13
User167@Shop.com;26/11/2025;8.82
User277@Shop.com;29/11/2025;52.86
user150@shop.com;04/12/2025;83.82
User293@Shop.com;26/01/2024;57.58
user67@shop.com;24/02/2024;25.92
User370@Shop.com;25/04/2024;79.74
user265@shop.com;17/05/2024;64.91
User100@Shop.com;30/05/2024;21.46
user313@shop.com;05/06/2024;26.38
user164@shop.com;17/06/2024;67.38
user304@shop.com;17/10/2024;131.42
user281@shop.com;23/12/2024;38.34
user270@shop.com;25/01/2025;41.24
user49@shop.com;25/03/2025;72.78
user7@shop.com;07/04/2025;27.88
user280@shop.com;18/04/2025;65.12
User92@Shop.com;26/08/2025;14.33
;19/10/2025;16.21
User206@Shop.com;07/02/2024;30.24
User373@Shop.com;14/02/2024;13.34
user281@shop.com;21/04/2024;62.71
user120@shop.com;28/06/2024;57.62
user155@shop.com;14/07/2024;80.18
user279@shop.com;15/07/2024;100.31
user180@shop.com;04/12/2024;50.27
user223@shop.com;14/12/2024;55.83
user336@shop.com;17/12/2024;73.55
user23@shop.com;04/05/2025;77.25
user10@shop.com;09/05/2025;24.85
user356@shop.com;31/05/2025;6.34
user108@shop.com;04/06/2025;5.16
user329@shop.com;06/06/2025;8.34
User116@Shop.com;20/07/2025;33.49
user338@shop.com;30/08/2025;5.86
user397@shop.com;18/11/2025;27.89
user368@shop.com;20/03/2024;40.11
User91@Shop.com;13/04/2024;47.6
user207@shop.com;19/04/2024;54.1
user19@shop.com;11/09/2024;61.85
user107@shop.com;21/01/2025;24.17
user167@shop.com;10/03/2025;35.97
;28/03/2025;60.84
user260@shop.com;01/06/2025;44.63
user77@shop.com;01/06/2025;99.87
user62@shop.com;10/06/2025;93.19
User260@Shop.com;07/10/2025;62.87
user336@shop.com;16/10/2025;41.21
user398@shop.com;21/10/2025;40.08
User79@Shop.com;08/11/2025;38.87
User310@Shop.com;20/02/2024;0.84
User282@Shop.com;01/03/2024;25.35
user325@shop.com;24/06/2024;114.19
user65@shop.com;26/07/2024;40.58
user192@shop.com;21/08/2024;54.09
user352@shop.com;08/09/2024;84.71
user230@shop.com;10/11/2024;122.53
user81@shop.com;24/12/2024;53.99
User1@Shop.com;21/01/2025;19.8
User292@Shop.com;30/01/2025;172.82
user28@shop.com;01/03/2025;10.4
User335@Shop.com;08/06/2025;59.22
user263@shop.com;22/09/2025;90.31
user102@shop.com;15/10/2025;40.96
User85@Shop.com;24/10/2025;61.65
User38@Shop.com;30/11/2025;33.62
user136@shop.com;26/01/2024;64.75
User234@Shop.com;25/03/2024;52.64
user123@shop.com;15/04/2024;40.37
User200@Shop.com;20/04/2024;56.9
user251@shop.com;11/05/2024;22.44
user192@shop.com;21/07/2024;123.7
user100@shop.com;19/11/2024;-79.49
User312@Shop.com;07/01/2025;41.65
user287@shop.com;27/02/2025;29.75
User185@Shop.com;20/03/2025;40.66
user72@shop.com;19/04/2025;21.43
User199@Shop.com;28/04/2025;47.22
User144@Shop.com;23/06/2025;34.4
User195@Shop.com;24/09/2025;16.75
user51@shop.com;30/09/2025;22.22
user182@shop.com;02/11/2025;20.41
user21@shop.com;18/11/2025;57.27
user162@shop.com;02/12/2025;55.9
User279@Shop.com;07/01/2024;85.13
user65@shop.com;24/01/2024;7.81
user51@shop.com;25/02/2024;48.21
user118@shop.com;12/03/2024;50.23
User362@Shop.com;28/06/2024;35.05
user106@shop.com;21/09/2024;20.62
User376@Shop.com;25/09/2024;35.67
User100@Shop.com;08/12/2024;72.75
user23@shop.com;21/12/2024;94.99
User313@Shop.com;10/03/2025;108.26
;10/04/2025;40.75
user46@shop.com;01/05/2025;104.23
user214@shop.com;14/05/2025;71.48
user82@shop.com;20/05/2025;40.13
user242@shop.com;07/08/2025;24.98
User211@Shop.com;10/09/2025;43.01
User285@Shop.com;03/10/2025;106.69
User125@Shop.com;22/10/2025;13.26
user112@shop.com;12/01/2024;74.52
User96@Shop.com;07/05/2024;103.99
user299@shop.com;08/06/2024;88.59
User149@Shop.com;03/07/2024;30.05
user341@shop.com;26/07/2024;41.97
User201@Shop.com;08/09/2024;52.48
User317@Shop.com;21/10/2024;46.18
user270@shop.com;25/01/2025;51.13
User277@Shop.com;10/02/2025;24.61
User388@Shop.com;22/02/2025;68.96
user181@shop.com;01/03/2025;61.68
User341@Shop.com;03/03/2025;119.93
user330@shop.com;05/05/2025;41.79
User172@Shop.com;18/07/2025;68.45
user278@shop.com;21/07/2025;43.15
User181@Shop.com;29/07/2025;18.66
user266@shop.com;02/08/2025;83.97
user166@shop.com;01/03/2024;44.48
User197@Shop.com;26/04/2024;75.24
user96@shop.com;22/07/2024;37.75
User254@Shop.com;09/08/2024;8.65
user380@shop.com;26/10/2024;23.89
user142@shop.com;15/11/2024;94.03
User28@Shop.com;19/11/2024;45.57
user283@shop.com;31/12/2024;36.38
user82@shop.com;20/02/2025;25.32
User278@Shop.com;27/02/2025;30.68
User265@Shop.com;08/03/2025;6.25
user379@shop.com;13/04/2025;42.11
user236@shop.com;19/07/2025;15.96
user49@shop.com;19/11/2025;75.36
user112@shop.com;21/11/2025;61.02
;18/12/2025;14.57
user374@shop.com;20/12/2025;26.13
user344@shop.com;30/01/2024;43.92
user164@shop.com;31/01/2024;113.13
User351@Shop.com;12/04/2024;22.82
user238@shop.com;15/04/2024;37.43
user126@shop.com;22/04/2024;11.62
user37@shop.com;13/05/2024;31.85
User365@Shop.com;17/05/2024;38.88
user356@shop.com;22/05/2024;68.0
;28/06/2024;23.95
User42@Shop.com;07/07/2024;13.58
user223@shop.com;01/08/2024;69.74
User158@Shop.com;26/10/2024;79.65
user273@shop.com;16/12/2024;42.08
User354@Shop.com;14/01/2025;43.97
User214@Shop.com;22/03/2025;49.03
User378@Shop.com;28/03/2025;18.5
user78@shop.com;09/04/2025;28.27
user361@shop.com;18/09/2025;47.31
user349@shop.com;06/10/2025;37.69
User331@Shop.com;20/10/2025;31.41
User380@Shop.com;31/10/2025;54.18
User94@Shop.com;05/01/2024;18.44
user77@shop.com;30/01/2024;68.05
user13@shop.com;17/04/2024;53.91
User303@Shop.com;07/05/2024;17.26
User181@Shop.com;14/06/2024;65.53
user117@shop.com;17/06/2024;50.17
user26@shop.com;18/07/2024;33.26
user106@shop.com;20/08/2024;113.93
;24/10/2024;38.71
user29@shop.com;12/12/2024;120.99
user4@shop.com;19/12/2024;22.25
user101@shop.com;09/01/2025;11.1
user130@shop.com;19/01/2025;68.07
user80@shop.com;25/01/2025;29.05
user82@shop.com;30/01/2025;14.85
user217@shop.com;15/04/2025;72.24
User6@Shop.com;25/04/2025;107.31
User392@Shop.com;10/07/2025;41.53
User200@Shop.com;15/08/2025;65.86
;12/04/2024;51.88
user31@shop.com;22/05/2024;99.46
user78@shop.com;12/07/2024;104.98
user360@shop.com;12/08/2024;54.7
User134@Shop.com;28/08/2024;53.83
User275@Shop.com;31/10/2024;66.15
user66@shop.com;07/11/2024;27.54
User148@Shop.com;23/11/2024;76.5
User131@Shop.com;24/11/2024;55.85
User336@Shop.com;13/02/2025;61.83
;27/02/2025;55.88
User318@Shop.com;01/04/2025;33.53
User368@Shop.com;16/05/2025;7.35
user131@shop.com;13/08/2025;73.01
user85@shop.com;27/08/2025;47.24
user339@shop.com;16/01/2024;64.96
;05/02/2024;43.52
User371@Shop.com;27/02/2024;12.15
User53@Shop.com;29/02/2024;36.09
user248@shop.com;24/04/2024;15.1
user47@shop.com;10/05/2024;62.58
user141@shop.com;21/08/2024;101.65
user163@shop.com;06/09/2024;140.64
user360@shop.com;21/10/2024;26.56
User293@Shop.com;23/11/2024;62.78
user377@shop.com;23/11/2024;39.58
user334@shop.com;14/12/2024;4.73
user139@shop.com;24/12/2024;82.66
User346@Shop.com;29/12/2024;46.16
user35@shop.com;01/01/2025;10.48
user81@shop.com;14/01/2025;69.88
User347@Shop.com;04/03/2025;94.97
user22@shop.com;01/06/2025;37.78
user266@shop.com;08/06/2025;17.57
user356@shop.com;11/07/2025;42.8
user93@shop.com;10/08/2025;78.01
user279@shop.com;10/08/2025;30.07
user227@shop.com;27/08/2025;73.84
user280@shop.com;14/10/2025;61.45
User123@Shop.com;01/01/2024;58.75
user47@shop.com;10/02/2024;28.24
user367@shop.com;16/05/2024;17.92
user42@shop.com;27/06/2024;21.23
user137@shop.com;07/08/2024;5.29
user1@shop.com;10/08/2024;84.14
user79@shop.com;11/08/2024;97.96
user261@shop.com;01/10/2024;24.03
user18@shop.com;20/10/2024;34.77
;08/01/2025;106.1
User137@Shop.com;26/05/2025;54.98
User133@Shop.com;27/09/2025;36.79
user395@shop.com;04/11/2025;38.32
user75@shop.com;11/11/2025;90.2
User88@Shop.com;29/01/2024;70.25
user303@shop.com;07/04/2024;83.72
User183@Shop.com;15/09/2024;121.22
user199@shop.com;30/09/2024;105.94
user388@shop.com;19/10/2024;19.18
user83@shop.com;21/10/2024;23.05
user3@shop.com;17/01/2025;36.18
User352@Shop.com;27/03/2025;-50.42
user118@shop.com;18/04/2025;65.44
User128@Shop.com;02/05/2025;101.1
User328@Shop.com;06/05/2025;40.32
User250@Shop.com;03/06/2025;65.37
;10/07/2025;87.06
user357@shop.com;18/08/2025;75.6
user371@shop.com;27/08/2025;2.93
user4@shop.com;09/09/2025;21.88
User333@Shop.com;28/09/2025;22.39
User71@Shop.com;14/10/2025;116.94
user58@shop.com;24/10/2025;55.61
user306@shop.com;25/11/2025;77.7
User237@Shop.com;08/04/2024;58.62
User175@Shop.com;11/04/2024;54.62
user222@shop.com;29/06/2024;10.39
user81@shop.com;26/08/2024;19.36
user277@shop.com;07/11/2024;54.73
user143@shop.com;16/12/2024;233.55
user123@shop.com;05/02/2025;30.88
User224@Shop.com;08/02/2025;51.68
user154@shop.com;16/04/2025;17.41
User26@Shop.com;10/08/2025;27.74
;15/08/2025;22.64
user391@shop.com;23/09/2025;137.92
User117@Shop.com;13/12/2025;16.22
User158@Shop.com;31/05/2024;50.49
User71@Shop.com;04/07/2024;32.57
user21@shop.com;26/11/2024;224.27
user361@shop.com;08/12/2024;45.92
user238@shop.com;23/12/2024;80.67
user355@shop.com;20/06/2025;133.51
;21/06/2025;73.74
user144@shop.com;26/09/2025;32.16
user192@shop.com;07/12/2025;44.94
user277@shop.com;15/12/2025;27.1
user310@shop.com;07/03/2024;41.34
user196@shop.com;19/03/2024;78.73
user15@shop.com;20/04/2024;26.66
User113@Shop.com;10/05/2024;55.61
user125@shop.com;26/05/2024;135.95
;01/06/2024;60.55
user236@shop.com;24/06/2024;93.86
user386@shop.com;06/07/2024;83.73
user59@shop.com;15/07/2024;18.34
User137@Shop.com;07/08/2024;4.73
user107@shop.com;11/08/2024;36.5
user231@shop.com;16/08/2024;78.45
user325@shop.com;20/08/2024;20.73
user378@shop.com;20/08/2024;56.89
user203@shop.com;13/09/2024;55.58
User119@Shop.com;01/10/2024;45.89
User87@Shop.com;11/10/2024;41.38
user323@shop.com;15/10/2024;15.33
;19/10/2024;68.87
user46@shop.com;28/11/2024;40.23
User25@Shop.com;31/12/2024;14.06
user293@shop.com;06/02/2025;8.59
user341@shop.com;17/02/2025;69.13
user322@shop.com;01/03/2025;52.91
user110@shop.com;16/05/2025;118.83
User335@Shop.com;30/06/2025;12.08
user2@shop.com;19/09/2025;47.99
user390@shop.com;18/10/2025;24.75
user239@shop.com;20/01/2024;69.83
User284@Shop.com;18/03/2024;53.85
user39@shop.com;08/04/2024;60.86
user390@shop.com;19/04/2024;124.3
user157@shop.com;08/06/2024;62.62
User112@Shop.com;19/06/2024;24.45
user340@shop.com;09/10/2024;32.92
user209@shop.com;03/01/2025;74.96
User53@Shop.com;26/01/2025;52.83
user86@shop.com;23/02/2025;65.95
user146@shop.com;30/04/2025;21.87
User34@Shop.com;02/07/2025;20.75
User203@Shop.com;13/07/2025;46.89
user176@shop.com;15/10/2025;126.13
User259@Shop.com;16/10/2025;57.91
user288@shop.com;29/10/2025;34.35
user54@shop.com;23/11/2025;98.1
User311@Shop.com;20/02/2024;25.38
;26/02/2024;86.17
User7@Shop.com;04/03/2024;75.82
user304@shop.com;19/03/2024;65.35
user376@shop.com;20/04/2024;34.66
user157@shop.com;23/05/2024;54.9
user99@shop.com;27/05/2024;9.48
User220@Shop.com;06/07/2024;53.78
user117@shop.com;12/07/2024;69.94
User84@Shop.com;28/07/2024;84.0
User333@Shop.com;22/08/2024;38.54
user240@shop.com;24/08/2024;80.04
User357@Shop.com;08/09/2024;21.36
user286@shop.com;25/09/2024;28.9
User294@Shop.com;12/10/2024;30.33
user314@shop.com;23/11/2024;107.65
user133@shop.com;27/12/2024;13.48
User53@Shop.com;07/01/2025;117.82
user185@shop.com;09/01/2025;35.04
User388@Shop.com;16/02/2025;19.82
User334@Shop.com;20/03/2025;104.85
User289@Shop.com;07/04/2025;71.57
user143@shop.com;11/07/2025;34.02
user84@shop.com;27/07/2025;137.64
user322@shop.com;12/08/2025;41.96
user176@shop.com;15/11/2025;52.17
user313@shop.com;16/11/2025;63.15
User85@Shop.com;17/04/2024;24.35
User187@Shop.com;09/05/2024;59.61
user319@shop.com;31/07/2024;2.3
User358@Shop.com;10/08/2024;11.96
user18@shop.com;08/09/2024;73.15
User154@Shop.com;23/10/2024;37.67
User107@Shop.com;05/12/2024;21.24
User300@Shop.com;23/12/2024;6.79
User312@Shop.com;31/12/2024;26.92
User256@Shop.com;01/05/2025;77.1
User298@Shop.com;13/06/2025;10.56
user133@shop.com;30/06/2025;83.32
user24@shop.com;10/07/2025;34.39
user213@shop.com;04/08/2025;22.59
User9@Shop.com;22/01/2024;56.22
user242@shop.com;25/01/2024;18.3
User242@Shop.com;30/01/2024;20.39
user215@shop.com;21/02/2024;86.77
User338@Shop.com;31/03/2024;28.32
User45@Shop.com;29/08/2024;58.52
User163@Shop.com;24/09/2024;23.85
user396@shop.com;06/10/2024;47.64
User102@Shop.com;08/11/2024;16.65
user386@shop.com;12/12/2024;34.43
User2@Shop.com;31/01/2025;65.19
;05/02/2025;35.5
user85@shop.com;06/02/2025;25.17
User377@Shop.com;14/03/2025;21.26
User257@Shop.com;19/03/2025;19.03
User213@Shop.com;11/05/2025;13.64
user49@shop.com;15/05/2025;54.59
User51@Shop.com;05/06/2025;26.05
;07/07/2025;145.86
User328@Shop.com;08/07/2025;22.3
user24@shop.com;09/08/2025;-36.2
user173@shop.com;10/08/2025;67.08
user219@shop.com;03/09/2025;70.59
user285@shop.com;04/09/2025;13.69
user4@shop.com;15/10/2025;109.16
user331@shop.com;05/11/2025;59.39
User210@Shop.com;10/06/2024;66.06
User215@Shop.com;05/08/2024;91.71
user144@shop.com;27/09/2024;42.74
user20@shop.com;28/10/2024;53.53
User372@Shop.com;17/12/2024;49.26
User329@Shop.com;26/12/2024;63.32
User331@Shop.com;26/12/2024;19.65
user277@shop.com;26/04/2025;57.9
user195@shop.com;13/07/2025;18.5
User364@Shop.com;20/07/2025;53.61
user44@shop.com;28/08/2025;122.44
user108@shop.com;21/11/2025;20.14
User179@Shop.com;26/11/2025;38.83
user314@shop.com;10/01/2024;10.94
user134@shop.com;17/06/2024;23.66
user349@shop.com;18/08/2024;44.37
User126@Shop.com;24/09/2024;50.12
user142@shop.com;29/10/2024;40.31
User129@Shop.com;16/11/2024;21.89
user164@shop.com;20/12/2024;27.57
user326@shop.com;22/01/2025;120.99
user134@shop.com;03/03/2025;-69.97
user195@shop.com;15/03/2025;58.5
User3@Shop.com;27/04/2025;52.73
user221@shop.com;11/06/2025;87.6
User93@Shop.com;10/09/2025;23.48
User197@Shop.com;12/09/2025;129.39
user133@shop.com;15/09/2025;44.56
user152@shop.com;06/11/2025;66.96
user44@shop.com;27/11/2025;34.15
user184@shop.com;11/12/2025;50.73
User306@Shop.com;18/02/2024;90.62
user244@shop.com;13/03/2024;15.11
User171@Shop.com;28/03/2024;20.39
user338@shop.com;30/03/2024;17.76
user227@shop.com;09/06/2024;22.11
user245@shop.com;01/08/2024;2.83
User114@Shop.com;08/10/2024;-42.74
user274@shop.com;02/12/2024;108.51
User144@Shop.com;08/12/2024;18.95
;19/12/2024;42.91
user301@shop.com;19/12/2024;7.42
User231@Shop.com;21/12/2024;71.86
User188@Shop.com;07/02/2025;2.44
User285@Shop.com;04/03/2025;-28.34
user239@shop.com;14/04/2025;13.72
user303@shop.com;14/04/2025;14.79
User169@Shop.com;11/05/2025;47.96
user399@shop.com;01/07/2025;170.94
user223@shop.com;09/07/2025;32.77
User188@Shop.com;03/09/2025;87.11
;25/11/2025;30.64
User399@Shop.com;21/01/2024;90.85
User107@Shop.com;29/03/2024;26.13
user93@shop.com;25/04/2024;61.79
user208@shop.com;25/04/2024;14.93
user29@shop.com;01/05/2024;56.45
user275@shop.com;18/06/2024;27.13
user271@shop.com;11/07/2024;7.51
user35@shop.com;14/08/2024;120.5
;28/08/2024;37.7
user384@shop.com;09/09/2024;26.12
user72@shop.com;13/09/2024;58.75
User200@Shop.com;17/09/2024;44.07
user272@shop.com;17/09/2024;45.79
user98@shop.com;21/12/2024;64.88
User136@Shop.com;24/01/2025;17.15
User304@Shop.com;27/03/2025;5.74
User170@Shop.com;08/04/2025;30.01
User326@Shop.com;17/05/2025;9.04
user24@shop.com;22/07/2025;36.95
User252@Shop.com;25/07/2025;37.91
user136@shop.com;01/09/2025;19.99
user366@shop.com;30/09/2025;0.92
User176@Shop.com;17/10/2025;80.91
User36@Shop.com;01/12/2025;17.47
user334@shop.com;09/12/2025;23.33
user211@shop.com;09/12/2025;33.44
User24@Shop.com;02/01/2024;35.04
User297@Shop.com;23/01/2024;36.41
user233@shop.com;30/01/2024;33.81
user366@shop.com;17/02/2024;40.94
user281@shop.com;22/03/2024;41.67
User256@Shop.com;30/04/2024;63.18
user89@shop.com;16/06/2024;69.06
User241@Shop.com;19/06/2024;89.85
user68@shop.com;30/06/2024;-74.66
user155@shop.com;01/02/2025;10.76
User173@Shop.com;25/04/2025;42.96
User229@Shop.com;06/05/2025;40.58
User84@Shop.com;09/07/2025;-12.43
user222@shop.com;11/07/2025;36.15
user130@shop.com;03/08/2025;42.68
user362@shop.com;10/09/2025;201.65
user396@shop.com;28/10/2025;16.01
user331@shop.com;13/12/2025;10.15
User94@Shop.com;06/01/2024;97.4
user295@shop.com;12/02/2024;40.82
User392@Shop.com;08/03/2024;7.52
User369@Shop.com;11/04/2024;40.17
user349@shop.com;19/05/2024;17.38
user27@shop.com;22/05/2024;38.54
user60@shop.com;05/06/2024;22.63
user308@shop.com;12/10/2024;4.09
user123@shop.com;27/10/2024;71.4
User185@Shop.com;29/10/2024;33.09
User193@Shop.com;09/11/2024;51.53
user300@shop.com;28/11/2024;-47.99
user296@shop.com;19/01/2025;35.78
User119@Shop.com;27/01/2025;71.49
user316@shop.com;25/02/2025;26.65
user187@shop.com;13/04/2025;-21.4
User233@Shop.com;13/05/2025;28.13
;24/05/2025;70.81
User114@Shop.com;10/07/2025;43.96
user15@shop.com;07/03/2024;71.93
User262@Shop.com;02/04/2024;95.32
user117@shop.com;06/04/2024;17.07
user104@shop.com;13/07/2024;24.9
user195@shop.com;25/07/2024;17.13
user350@shop.com;25/07/2024;44.64
user340@shop.com;03/01/2025;177.99
user292@shop.com;29/01/2025;44.48
User108@Shop.com;19/02/2025;34.24
User378@Shop.com;06/03/2025;43.47
user329@shop.com;23/03/2025;69.12
user15@shop.com;17/05/2025;19.79
User98@Shop.com;26/05/2025;52.1
user49@shop.com;21/07/2025;34.95
user121@shop.com;19/09/2025;63.84
;29/09/2025;27.08
user221@shop.com;27/02/2024;93.24
user59@shop.com;05/03/2024;65.66
User261@Shop.com;23/03/2024;43.44
user238@shop.com;12/06/2024;10.1
user352@shop.com;28/08/2024;140.31
User125@Shop.com;30/08/2024;33.46
User351@Shop.com;30/08/2024;43.19
User263@Shop.com;11/09/2024;45.19
user100@shop.com;19/10/2024;10.69
user130@shop.com;20/10/2024;73.34
user298@shop.com;05/11/2024;39.24
user277@shop.com;16/11/2024;84.23
user254@shop.com;03/03/2025;44.42
user161@shop.com;28/03/2025;29.3
user155@shop.com;08/04/2025;32.22
user224@shop.com;09/05/2025;47.85
user310@shop.com;16/09/2025;15.64
User102@Shop.com;07/12/2025;9.69
User359@Shop.com;18/03/2024;32.61
user80@shop.com;07/04/2024;53.47
User192@Shop.com;08/04/2024;43.07
user124@shop.com;13/08/2024;90.74
user366@shop.com;25/09/2024;77.93
user71@shop.com;24/10/2024;93.31
User51@Shop.com;07/11/2024;-45.53
User273@Shop.com;11/11/2024;50.82
User67@Shop.com;10/12/2024;65.01
user395@shop.com;24/01/2025;57.99
User305@Shop.com;29/01/2025;44.17
user352@shop.com;21/03/2025;80.6
User122@Shop.com;09/04/2025;73.68
User298@Shop.com;18/06/2025;23.4
User234@Shop.com;06/07/2025;82.03
user170@shop.com;09/07/2025;26.39
user199@shop.com;29/08/2025;34.01
user7@shop.com;08/10/2025;84.36
User59@Shop.com;15/11/2025;41.35
User50@Shop.com;12/12/2025;42.51
User301@Shop.com;08/02/2024;82.14
user108@shop.com;23/02/2024;23.19
user296@shop.com;05/03/2024;25.44
user284@shop.com;28/05/2024;21.6
User58@Shop.com;20/07/2024;49.13
User130@Shop.com;29/09/2024;29.1
;04/10/2024;19.86
user46@shop.com;07/12/2024;52.14
User320@Shop.com;27/01/2025;55.03
user149@shop.com;26/02/2025;48.92
user364@shop.com;18/03/2025;102.19
user337@shop.com;21/03/2025;88.71
User348@Shop.com;28/03/2025;111.74
user296@shop.com;03/06/2025;46.84
user201@shop.com;12/09/2025;52.16
User170@Shop.com;31/10/2025;7.15
user147@shop.com;08/01/2024;43.3
User251@Shop.com;29/01/2024;126.15
user178@shop.com;07/03/2024;19.22
user343@shop.com;01/05/2024;89.75
user71@shop.com;20/06/2024;43.71
user146@shop.com;23/07/2024;159.71
User198@Shop.com;18/09/2024;61.8
User113@Shop.com;27/09/2024;-19.82
user93@shop.com;10/11/2024;105.12
user225@shop.com;14/11/2024;46.49
user65@shop.com;12/12/2024;80.13
User312@Shop.com;24/12/2024;19.96
User152@Shop.com;29/01/2025;27.0
user300@shop.com;14/02/2025;12.84
user26@shop.com;06/04/2025;24.44
user315@shop.com;11/05/2025;75.53
;23/05/2025;72.75
user340@shop.com;11/08/2025;30.24
user278@shop.com;12/09/2025;49.89
user321@shop.com;16/09/2025;20.25
User260@Shop.com;27/09/2025;-73.97
User44@Shop.com;17/11/2025;15.37
User390@Shop.com;05/12/2025;22.95
User157@Shop.com;15/12/2025;18.46
user354@shop.com;30/01/2024;106.89
user204@shop.com;20/03/2024;15.12
user253@shop.com;25/03/2024;64.26
user73@shop.com;28/03/2024;40.01
user359@shop.com;02/05/2024;51.55
user316@shop.com;11/06/2024;9.39
user178@shop.com;11/07/2024;33.22
user168@shop.com;27/12/2024;-49.0
User319@Shop.com;09/04/2025;81.36
User66@Shop.com;19/08/2025;26.12
User114@Shop.com;23/08/2025;32.3
user57@shop.com;07/10/2025;153.29
user211@shop.com;17/11/2025;-24.63
User149@Shop.com;18/11/2025;40.13
user391@shop.com;06/12/2025;37.42
User357@Shop.com;16/12/2025;46.79
User239@Shop.com;05/02/2024;54.52
User306@Shop.com;16/02/2024;53.72
User203@Shop.com;18/02/2024;35.69
user170@shop.com;19/02/2024;39.8
user315@shop.com;07/04/2024;33.92
User145@Shop.com;20/04/2024;19.75
user125@shop.com;05/06/2024;-25.91
user57@shop.com;30/07/2024;71.63
user332@shop.com;08/10/2024;46.12
user317@shop.com;12/10/2024;11.94
user8@shop.com;19/02/2025;37.08
User337@Shop.com;02/04/2025;100.26
user96@shop.com;30/04/2025;45.85
User355@Shop.com;25/05/2025;131.79
user71@shop.com;29/05/2025;81.24
user64@shop.com;05/06/2025;38.59
User103@Shop.com;09/07/2025;23.74
user373@shop.com;12/09/2025;21.04
user378@shop.com;15/01/2024;55.69
user264@shop.com;26/04/2024;6.22
User10@Shop.com;05/06/2024;65.32
User247@Shop.com;22/06/2024;74.64
;28/07/2024;58.58
User292@Shop.com;04/08/2024;35.38
user230@shop.com;09/01/2025;18.02
user350@shop.com;15/03/2025;16.85
User281@Shop.com;11/06/2025;11.88
user126@shop.com;02/11/2025;26.58
User309@Shop.com;03/01/2024;71.16
user96@shop.com;04/02/2024;52.82
user153@shop.com;16/03/2024;53.76
User95@Shop.com;19/03/2024;4.24
user88@shop.com;26/03/2024;80.76
user161@shop.com;19/04/2024;75.49
user341@shop.com;22/04/2024;45.29
;19/05/2024;80.33
User49@Shop.com;01/06/2024;138.92
User300@Shop.com;03/06/2024;25.75
user26@shop.com;16/06/2024;73.04
user166@shop.com;19/10/2025;6.13
User151@Shop.com;09/07/2025;36.74
User83@Shop.com;05/12/2024;27.9
user374@shop.com;24/02/2025;55.32
User13@Shop.com;06/11/2024;6.15
user81@shop.com;08/11/2024;30.03
User118@Shop.com;06/03/2025;62.72
user230@shop.com;02/02/2025;48.47
User300@Shop.com;01/05/2024;168.8
user252@shop.com;11/03/2025;37.45
user257@shop.com;21/05/2025;52.56
User226@Shop.com;14/05/2025;24.16
user28@shop.com;09/06/2025;32.36
user49@shop.com;15/01/2025;6.25
user248@shop.com;11/12/2025;40.85
User38@Shop.com;19/05/2025;3.45
user231@shop.com;05/02/2025;32.73
user356@shop.com;23/07/2024;33.95
user313@shop.com;11/05/2025;9.8
User346@Shop.com;05/11/2025;21.7
User274@Shop.com;21/01/2024;56.29
User354@Shop.com;20/11/2024;67.36
user273@shop.com;16/12/2024;42.08
user310@shop.com;25/07/2024;43.79
user224@shop.com;21/10/2024;-78.65
User165@Shop.com;20/04/2025;58.41
user230@shop.com;25/03/2024;185.89
user164@shop.com;12/08/2024;46.28
User285@Shop.com;16/05/2024;30.05
user308@shop.com;05/04/2025;36.27
User200@Shop.com;17/07/2024;78.94
User91@Shop.com;26/05/2024;13.49
User25@Shop.com;22/03/2025;11.61
;13/09/2025;19.66
user307@shop.com;17/06/2025;53.38
user323@shop.com;12/01/2024;29.64
User13@Shop.com;12/11/2024;14.11
User391@Shop.com;14/01/2024;198.13
user229@shop.com;21/03/2024;75.0
user265@shop.com;18/09/2025;-89.86
user58@shop.com;03/02/2024;23.38
user342@shop.com;27/04/2024;56.21
User352@Shop.com;12/11/2024;105.37
;13/02/2025;27.29
user19@shop.com;11/09/2024;61.85
User207@Shop.com;13/03/2024;27.44
user25@shop.com;12/03/2024;61.64
User113@Shop.com;27/09/2024;-19.82
user47@shop.com;26/03/2024;39.6
user195@shop.com;22/04/2025;50.14
user394@shop.com;05/08/2024;40.21
User326@Shop.com;10/06/2025;66.72
user68@shop.com;23/09/2025;110.02
user17@shop.com;27/05/2025;43.48
user319@shop.com;20/02/2025;107.74
User370@Shop.com;30/07/2025;6.39
user216@shop.com;13/10/2025;69.36
User233@Shop.com;28/05/2025;63.19
user360@shop.com;25/10/2025;109.86
User272@Shop.com;30/07/2024;78.12
