order_id;order_date;customer_email;country;channel;sku;product;qty;unit_price_dkk;discount;line_total_dkk;status
10359;01-06-2024;mikkel.larsen95@hotmail.com;SE;web;BOT-201;Hiking boots;2;1099;0.0;2198.0;completed
11109;01-06-2024;oliver.petersen92@gmail.com;SE;web;ACC-401;Merino socks;1;129;0.0;129.0;completed
11109;01-06-2024;oliver.petersen92@gmail.com;SE;web;ACC-403;Headlamp;1;349;0.0;349.0;completed
11109;01-06-2024;oliver.petersen92@gmail.com;SE;web;ACC-402;Beanie;1;199;0.0;199.0;completed
11418;01-06-2024;emil.rasmussen35@outlook.dk;DK;store;JKT-101;Shell jacket;2;1299;0.0;2598.0;completed
11418;01-06-2024;Emil.Rasmussen35@Outlook.Dk;DK;store;ACC-402;Beanie;1;199;0.0;199.0;completed
11530;01-06-2024;Mette.Andersen79@Gmail.Com;DK;web;JKT-101;Shell jacket;2;1299;0.1;2338.2;completed
11541;01-06-2024;mette.pedersen65@hotmail.com;NO;store;ACC-403;Headlamp;1;349;0.1;314.1;completed
11541;01-06-2024;mette.pedersen65@hotmail.com;NO;store;ACC-402;Beanie;1;199;0.1;179.1;completed
11957;01-06-2024;magnus.christensen73@mail.dk;DK;app;ACC-401;Merino socks;1;129;0.1;116.1;completed
10307;02-06-2024;Laura.Christensen33@Hotmail.Com;SE;web;ACC-403;Headlamp;1;349;0.0;349.0;completed
10307;02-06-2024;laura.christensen33@hotmail.com;SE;web;JKT-101;Shell jacket;1;1299;0.0;1299.0;completed
10128;03-06-2024;anna.petersen32@hotmail.com;SE;web;ACC-401;Merino socks;1;129;0.0;129.0;completed
10128;03-06-2024;anna.petersen32@hotmail.com;SE;web;JKT-101;Shell jacket;2;1299;0.0;2598.0;completed
11622;03-06-2024;Laura.Jensen10@Yahoo.Dk;NO;app;ACC-403;Headlamp;1;349;0.0;349.0;completed
11940;03-06-2024;anna.madsen59@hotmail.com;NO;web;ACC-401;Merino socks;1;129;0.0;129.0;completed
11940;03-06-2024;anna.madsen59@hotmail.com;NO;web;JKT-101;Shell jacket;1;1299;0.0;1299.0;completed
10092;04-06-2024;Magnus.Nielsen73@Yahoo.Dk;NO;web;ACC-401;Merino socks;1;129;0.0;129.0;completed
10092;04-06-2024;magnus.nielsen73@yahoo.dk;NO;web;ACC-402;Beanie;1;199;0.0;199.0;completed
12287;04-06-2024;;SE;web;ACC-401;Merino socks;2;129;0.1;232.2;completed
13057;05-06-2024;Noah.Madsen85@Hotmail.Com;DK;app;JKT-101;Shell jacket;1;1299;0.15;1104.15;completed
13057;05-06-2024;Noah.Madsen85@Hotmail.Com;DK;app;ACC-402;Beanie;1;199;0.15;169.15;completed
10807;06-06-2024;Ida.Hansen96@Hotmail.Com;NO;web;ACC-401;Merino socks;1;129;0.0;129.0;completed
10665;07-06-2024;;DE;web;JKT-101;Shell jacket;1;1299;0.0;1299.0;completed
10665;07-06-2024;;DE;web;ACC-402;Beanie;1;199;0.0;199.0;completed
11578;07-06-2024;Freja.Petersen43@Gmail.Com;DK;web;BOT-201;Hiking boots;1;1099;0.0;1099.0;completed
11578;07-06-2024;freja.petersen43@gmail.com;DK;web;ACC-401;Merino socks;2;129;0.0;258.0;completed
11578;07-06-2024;freja.petersen43@gmail.com;DK;web;TNT-501;2p tent;1;2499;0.0;2499.0;completed
12710;07-06-2024;mikkel.jensen28@mail.dk;DK;app;BAG-301;Daypack 25L;1;549;0.0;549.0;completed
12710;07-06-2024;mikkel.jensen28@mail.dk;DK;app;ACC-401;Merino socks;1;129;0.0;129.0;completed
11202;08-06-2024;Mette.Larsen62@Mail.Dk;DK;store;ACC-402;Beanie;1;199;0.0;199.0;completed
12198;09-06-2024;lars.nielsen96@gmail.com;NO;app;ACC-403;Headlamp;1;349;0.0;349.0;completed
10009;10-06-2024;anna.rasmussen69@hotmail.com;SE;web;ACC-401;Merino socks;1;129;0.1;116.1;completed
10009;10-06-2024;anna.rasmussen69@hotmail.com;SE;web;BAG-301;Daypack 25L;1;549;0.1;494.1;completed
11798;10-06-2024;anna.andersen24@outlook.dk;NO;web;ACC-402;Beanie;1;199;0.0;199.0;completed
10907;11-06-2024;anna.madsen27@gmail.com;DK;web;ACC-402;Beanie;2;199;0.1;358.2;completed
10907;11-06-2024;anna.madsen27@gmail.com;DK;web;BAG-302;Trek pack 60L;1;1499;0.1;1349.1;completed
12678;11-06-2024;Lars.Pedersen5@Mail.Dk;DK;store;BOT-201;Hiking boots;1;1099;0.0;1099.0;completed
12678;11-06-2024;Lars.Pedersen5@Mail.Dk;DK;store;SLP-601;Sleeping bag;2;899;0.0;1798.0;completed
12704;13-06-2024;sofie.hansen53@hotmail.com;DK;web;BAG-301;Daypack 25L;1;549;0.15;466.65;completed
12704;13-06-2024;Sofie.Hansen53@Hotmail.Com;DK;web;JKT-101;Shell jacket;2;1299;0.15;2208.3;completed
10427;14-06-2024;jonas.christensen45@gmail.com;NO;app;SLP-601;Sleeping bag;2;899;0.0;1798.0;completed
10857;14-06-2024;laura.andersen2@gmail.com;SE;app;TNT-501;2p tent;1;2499;0.0;2499.0;completed
10857;14-06-2024;laura.andersen2@gmail.com;SE;app;BOT-201;Hiking boots;1;1099;0.0;1099.0;completed
10857;14-06-2024;laura.andersen2@gmail.com;SE;app;SLP-601;Sleeping bag;1;899;0.0;899.0;completed
12180;14-06-2024;Jonas.Larsen9@Gmail.Com;SE;web;ACC-402;Beanie;1;199;0.15;169.15;completed
12180;14-06-2024;Jonas.Larsen9@Gmail.Com;SE;web;ACC-401;Merino socks;1;129;0.15;109.65;completed
10213;15-06-2024;mikkel.nielsen76@gmail.com;DK;store;ACC-401;Merino socks;1;129;0.15;109.65;completed
10213;15-06-2024;Mikkel.Nielsen76@Gmail.Com;DK;store;ACC-403;Headlamp;1;349;0.15;296.65;completed
10213;15-06-2024;mikkel.nielsen76@gmail.com;DK;store;JKT-101;Shell jacket;1;1299;0.15;1104.15;completed
10311;15-06-2024;jonas.larsen68@mail.dk;DK;web;ACC-401;Merino socks;1;129;0.1;116.1;completed
11898;15-06-2024;;SE;web;JKT-101;Shell jacket;2;1299;0.0;2598.0;completed
11898;15-06-2024;;SE;web;BAG-302;Trek pack 60L;1;1499;0.0;1499.0;completed
11898;15-06-2024;;SE;web;ACC-401;Merino socks;2;129;0.0;258.0;completed
10919;17-06-2024;anna.christensen41@outlook.dk;DK;web;BAG-301;Daypack 25L;1;549;0.0;549.0;completed
12439;18-06-2024;Lars.Christensen44@Mail.Dk;DK;app;JKT-101;Shell jacket;2;1299;0.0;2598.0;completed
12500;18-06-2024;Magnus.Madsen25@Gmail.Com;DK;web;ACC-401;Merino socks;2;129;0.15;219.3;completed
12556;18-06-2024;noah.christensen57@mail.dk;SE;app;ACC-402;Beanie;1;199;0.1;179.1;completed
13069;19-06-2024;anna.hansen73@mail.dk;DK;web;ACC-402;Beanie;1;199;0.0;199.0;completed
12273;20-06-2024;lars.andersen54@yahoo.dk;NO;store;ACC-402;Beanie;1;199;0.0;199.0;completed
10476;21-06-2024;sara.christensen90@outlook.dk;SE;app;ACC-403;Headlamp;1;349;0.1;314.1;completed
12478;21-06-2024;lars.larsen86@hotmail.com;DK;app;ACC-401;Merino socks;1;129;0.0;129.0;completed
10934;22-06-2024;oliver.larsen98@outlook.dk;DK;store;BOT-201;Hiking boots;1;1099;0.15;934.15;completed
10934;22-06-2024;oliver.larsen98@outlook.dk;DK;store;ACC-402;Beanie;2;199;0.15;338.3;completed
12160;22-06-2024;Sara.Christensen97@Gmail.Com;DK;app;ACC-403;Headlamp;2;349;0.0;698.0;completed
11941;23-06-2024;anna.madsen59@hotmail.com;NO;web;ACC-402;Beanie;1;199;0.15;169.15;completed
12148;23-06-2024;oliver.rasmussen28@outlook.dk;SE;web;TNT-501;2p tent;1;2499;0.1;2249.1;completed
12148;23-06-2024;Oliver.Rasmussen28@Outlook.Dk;SE;web;ACC-403;Headlamp;2;349;0.1;628.2;completed
12148;23-06-2024;oliver.rasmussen28@outlook.dk;SE;web;ACC-402;Beanie;2;199;0.1;358.2;completed
12114;25-06-2024;emil.pedersen90@yahoo.dk;DK;web;BAG-301;Daypack 25L;1;549;0.0;549.0;completed
12114;25-06-2024;emil.pedersen90@yahoo.dk;DK;web;ACC-403;Headlamp;2;349;0.0;698.0;completed
12288;25-06-2024;Laura.Andersen27@Mail.Dk;SE;web;ACC-401;Merino socks;1;129;0.1;116.1;completed
11231;27-06-2024;Sofie.Nielsen2@Outlook.Dk;DE;store;ACC-401;Merino socks;2;129;0.1;232.2;completed
11623;27-06-2024;Laura.Jensen10@Yahoo.Dk;NO;app;ACC-402;Beanie;1;199;0.0;199.0;completed
11623;27-06-2024;laura.jensen10@yahoo.dk;NO;app;BAG-301;Daypack 25L;1;549;0.0;549.0;completed
12630;27-06-2024;emil.rasmussen96@gmail.com;DK;store;BAG-302;Trek pack 60L;2;1499;0.0;2998.0;completed
12630;27-06-2024;Emil.Rasmussen96@Gmail.Com;DK;store;ACC-402;Beanie;2;199;0.0;398.0;completed
12848;27-06-2024;Ida.Madsen39@Mail.Dk;DK;web;SLP-601;Sleeping bag;1;899;0.0;899.0;completed
12848;27-06-2024;Ida.Madsen39@Mail.Dk;DK;web;ACC-403;Headlamp;1;349;0.0;349.0;completed
12848;27-06-2024;ida.madsen39@mail.dk;DK;web;JKT-102;Down jacket;1;1899;0.0;1899.0;completed
12848;27-06-2024;ida.madsen39@mail.dk;DK;web;JKT-102;Down jacket;1;1899;0.0;1899.0;completed
10327;28-06-2024;Mikkel.Madsen27@Gmail.Com;SE;store;ACC-401;Merino socks;1;129;0.0;129.0;completed
10327;28-06-2024;mikkel.madsen27@gmail.com;SE;store;ACC-403;Headlamp;1;349;0.0;349.0;completed
10327;28-06-2024;Mikkel.Madsen27@Gmail.Com;SE;store;BAG-301;Daypack 25L;2;549;0.0;1098.0;completed
13014;28-06-2024;ida.petersen66@hotmail.com;DE;store;BOT-201;Hiking boots;1;1099;0.0;1099.0;completed
13014;28-06-2024;ida.petersen66@hotmail.com;DE;store;BAG-301;Daypack 25L;1;549;0.0;549.0;completed
11049;29-06-2024;lars.christensen6@mail.dk;SE;web;ACC-403;Headlamp;1;349;0.15;296.65;completed
11626;29-06-2024;emil.jensen31@gmail.com;DE;web;BAG-301;Daypack 25L;1;549;0.1;494.1;completed
10620;30-06-2024;Mette.Rasmussen80@Mail.Dk;SE;web;BAG-301;Daypack 25L;1;549;0.0;549.0;completed
10838;30-06-2024;emil.larsen29@hotmail.com;DK;web;ACC-402;Beanie;1;199;0.15;169.15;completed
10010;01-07-2024;anna.rasmussen69@hotmail.com;SE;web;JKT-101;Shell jacket;1;1299;0.0;1299.0;completed
11887;01-07-2024;mikkel.petersen51@gmail.com;DK;store;JKT-102;Down jacket;2;1899;0.0;3798.0;completed
11887;01-07-2024;Mikkel.Petersen51@Gmail.Com;DK;store;BAG-302;Trek pack 60L;1;1499;0.0;1499.0;completed
12393;01-07-2024;jonas.jensen87@gmail.com;DE;store;SLP-601;Sleeping bag;2;899;0.0;1798.0;completed
11939;02-07-2024;mikkel.petersen76@gmail.com;DK;web;ACC-402;Beanie;2;199;0.0;398.0;completed
11939;02-07-2024;mikkel.petersen76@gmail.com;DK;web;SLP-601;Sleeping bag;1;899;0.0;899.0;completed
11939;02-07-2024;Mikkel.Petersen76@Gmail.Com;DK;web;BAG-301;Daypack 25L;1;549;0.0;549.0;completed
12711;02-07-2024;Mikkel.Jensen28@Mail.Dk;DK;app;BAG-301;Daypack 25L;1;549;0.0;549.0;completed
10243;03-07-2024;anna.andersen98@outlook.dk;SE;web;ACC-402;Beanie;1;199;0.0;199.0;completed
11415;03-07-2024;ida.rasmussen82@outlook.dk;SE;store;ACC-401;Merino socks;2;129;0.0;258.0;completed
11415;03-07-2024;ida.rasmussen82@outlook.dk;SE;store;BOT-201;Hiking boots;1;1099;0.0;1099.0;completed
12247;04-07-2024;Mikkel.Jensen17@Gmail.Com;DE;web;ACC-402;Beanie;1;199;0.0;199.0;completed
12247;04-07-2024;mikkel.jensen17@gmail.com;DE;web;JKT-102;Down jacket;2;1899;0.0;3798.0;completed
12401;04-07-2024;anna.pedersen23@outlook.dk;NO;app;BAG-301;Daypack 25L;1;549;0.15;466.65;completed
12807;04-07-2024;;DK;web;ACC-401;Merino socks;1;129;0.0;129.0;completed
12807;04-07-2024;;DK;web;JKT-101;Shell jacket;1;1299;0.0;1299.0;completed
12807;04-07-2024;;DK;web;SLP-601;Sleeping bag;2;899;0.0;1798.0;completed
10302;05-07-2024;ida.hansen96@hotmail.com;DK;web;ACC-402;Beanie;1;199;0.0;199.0;completed
11583;05-07-2024;sofie.pedersen61@mail.dk;DE;web;BAG-301;Daypack 25L;1;549;0.0;549.0;completed
11583;05-07-2024;sofie.pedersen61@mail.dk;DE;web;ACC-402;Beanie;1;199;0.0;199.0;completed
11579;06-07-2024;freja.petersen43@gmail.com;DK;web;SLP-601;Sleeping bag;1;899;0.1;809.1;completed
11579;06-07-2024;freja.petersen43@gmail.com;DK;web;ACC-403;Headlamp;1;349;0.1;314.1;completed
12491;06-07-2024;mikkel.rasmussen12@hotmail.com;DK;app;ACC-401;Merino socks;2;129;0.15;219.3;completed
12491;06-07-2024;mikkel.rasmussen12@hotmail.com;DK;app;ACC-402;Beanie;2;199;0.15;338.3;completed
12491;06-07-2024;mikkel.rasmussen12@hotmail.com;DK;app;BOT-201;Hiking boots;1;1099;0.15;934.15;completed
12646;07-07-2024;Anna.Pedersen26@Yahoo.Dk;DK;web;BAG-301;Daypack 25L;1;549;0.1;494.1;completed
12646;07-07-2024;anna.pedersen26@yahoo.dk;DK;web;ACC-402;Beanie;1;199;0.1;179.1;completed
12646;07-07-2024;anna.pedersen26@yahoo.dk;DK;web;ACC-403;Headlamp;1;349;0.1;314.1;completed
10011;08-07-2024;anna.rasmussen69@hotmail.com;SE;web;ACC-403;Headlamp;2;349;0.0;698.0;completed
10930;08-07-2024;mikkel.jensen16@hotmail.com;DE;web;ACC-403;Headlamp;1;349;0.15;296.65;completed
10930;08-07-2024;mikkel.jensen16@hotmail.com;DE;web;ACC-402;Beanie;1;199;0.15;169.15;completed
10930;08-07-2024;mikkel.jensen16@hotmail.com;DE;web;ACC-401;Merino socks;2;129;0.15;219.3;completed
10890;09-07-2024;laura.pedersen55@outlook.dk;DK;web;SLP-601;Sleeping bag;2;899;0.0;1798.0;completed
10890;09-07-2024;laura.pedersen55@outlook.dk;DK;web;ACC-401;Merino socks;1;129;0.0;129.0;completed
10012;10-07-2024;anna.rasmussen69@hotmail.com;SE;web;SLP-601;Sleeping bag;1;899;0.1;809.1;completed
12631;10-07-2024;emil.rasmussen96@gmail.com;DK;store;ACC-401;Merino socks;1;129;0.1;116.1;completed
12785;10-07-2024;clara.jensen76@gmail.com;DK;web;ACC-403;Headlamp;2;349;0.0;698.0;completed
12785;10-07-2024;Clara.Jensen76@Gmail.Com;DK;web;BOT-201;Hiking boots;1;1099;0.0;1099.0;completed
10328;11-07-2024;mikkel.madsen27@gmail.com;SE;store;ACC-401;Merino socks;1;129;0.0;129.0;completed
10328;11-07-2024;mikkel.madsen27@gmail.com;SE;store;ACC-403;Headlamp;1;349;0.0;349.0;completed
11731;11-07-2024;freja.jensen36@yahoo.dk;DK;web;ACC-402;Beanie;2;199;0.0;398.0;completed
10234;12-07-2024;noah.christensen15@yahoo.dk;NO;web;JKT-101;Shell jacket;1;1299;0.15;1104.15;completed
10234;12-07-2024;noah.christensen15@yahoo.dk;NO;web;ACC-401;Merino socks;1;129;0.15;109.65;completed
10797;12-07-2024;Mette.Larsen79@Outlook.Dk;DK;app;BOT-201;Hiking boots;1;1099;0.15;934.15;completed
11664;13-07-2024;clara.larsen32@outlook.dk;NO;store;ACC-401;Merino socks;2;129;0.0;258.0;completed
11664;13-07-2024;clara.larsen32@outlook.dk;NO;store;ACC-403;Headlamp;1;349;0.0;349.0;completed
11664;13-07-2024;Clara.Larsen32@Outlook.Dk;NO;store;BOT-201;Hiking boots;2;1099;0.0;2198.0;completed
10879;14-07-2024;freja.andersen29@outlook.dk;DK;web;ACC-401;Merino socks;1;129;0.0;129.0;completed
11980;14-07-2024;sofie.rasmussen25@gmail.com;DE;web;SLP-601;Sleeping bag;1;899;0.0;899.0;completed
10962;15-07-2024;jonas.nielsen69@hotmail.com;DK;web;ACC-401;Merino socks;1;129;0.0;129.0;completed
11219;16-07-2024;sara.christensen46@gmail.com;SE;web;JKT-102;Down jacket;2;1899;0.0;3798.0;completed
11219;16-07-2024;Sara.Christensen46@Gmail.Com;SE;web;BAG-302;Trek pack 60L;1;1499;0.0;1499.0;completed
11806;16-07-2024;magnus.madsen38@yahoo.dk;DK;app;BAG-301;Daypack 25L;1;549;0.0;549.0;completed
12248;16-07-2024;mikkel.jensen17@gmail.com;DE;web;BAG-302;Trek pack 60L;2;1499;0.0;2998.0;completed
12248;16-07-2024;mikkel.jensen17@gmail.com;DE;web;ACC-402;Beanie;1;199;0.0;199.0;completed
12248;16-07-2024;mikkel.jensen17@gmail.com;DE;web;JKT-101;Shell jacket;2;1299;0.0;2598.0;completed
13049;16-07-2024;sara.nielsen98@hotmail.com;SE;store;ACC-403;Headlamp;1;349;0.1;314.1;completed
13049;16-07-2024;sara.nielsen98@hotmail.com;SE;store;ACC-401;Merino socks;1;129;0.1;116.1;completed
13049;16-07-2024;sara.nielsen98@hotmail.com;SE;store;JKT-102;Down jacket;1;1899;0.1;1709.1;completed
10419;17-07-2024;sofie.hansen46@outlook.dk;DK;web;ACC-401;Merino socks;1;129;0.0;129.0;completed
10868;17-07-2024;sofie.hansen20@mail.dk;SE;web;ACC-402;Beanie;1;199;0.0;199.0;completed
10868;17-07-2024;sofie.hansen20@mail.dk;SE;web;TNT-501;2p tent;1;2499;0.0;2499.0;completed
10868;17-07-2024;sofie.hansen20@mail.dk;SE;web;JKT-101;Shell jacket;1;1299;0.0;1299.0;completed
11703;17-07-2024;jonas.christensen5@hotmail.com;NO;app;ACC-402;Beanie;1;199;0.0;199.0;completed
11703;17-07-2024;Jonas.Christensen5@Hotmail.Com;NO;app;BAG-301;Daypack 25L;1;549;0.0;549.0;completed
11703;17-07-2024;Jonas.Christensen5@Hotmail.Com;NO;app;BAG-301;Daypack 25L;1;549;0.0;549.0;completed
10186;18-07-2024;;DE;app;ACC-403;Headlamp;1;349;0.0;349.0;completed
10621;18-07-2024;mette.rasmussen80@mail.dk;SE;web;ACC-403;Headlamp;2;349;0.1;628.2;completed
11968;18-07-2024;clara.christensen4@outlook.dk;SE;store;ACC-402;Beanie;1;199;0.0;199.0;completed
11968;18-07-2024;clara.christensen4@outlook.dk;SE;store;TNT-501;2p tent;2;2499;0.0;4998.0;completed
11968;18-07-2024;clara.christensen4@outlook.dk;SE;store;ACC-403;Headlamp;1;349;0.0;349.0;completed
11071;19-07-2024;sara.madsen92@yahoo.dk;SE;web;BAG-301;Daypack 25L;1;549;0.0;549.0;completed
12120;19-07-2024;ida.jensen66@outlook.dk;DK;web;TNT-501;2p tent;1;2499;0.0;2499.0;completed
12120;19-07-2024;ida.jensen66@outlook.dk;DK;web;SLP-601;Sleeping bag;1;899;0.0;899.0;completed
10880;21-07-2024;freja.andersen29@outlook.dk;DK;web;ACC-401;Merino socks;1;129;0.0;129.0;completed
11896;21-07-2024;laura.hansen65@outlook.dk;DK;app;BOT-201;Hiking boots;1;1099;0.0;1099.0;completed
11172;22-07-2024;laura.rasmussen53@hotmail.com;DK;web;JKT-101;Shell jacket;2;1299;0.15;2208.3;completed
11939;22-07-2024;mikkel.petersen76@gmail.com;DK;web;ACC-402;Beanie;-2;199;0.0;-398.0;refunded
11939;22-07-2024;mikkel.petersen76@gmail.com;DK;web;ACC-402;Beanie;-2;199;0.0;-398.0;refunded
12888;22-07-2024;oliver.christensen86@mail.dk;DK;web;BAG-302;Trek pack 60L;1;1499;0.1;1349.1;completed
11854;24-07-2024;mikkel.rasmussen45@hotmail.com;DE;app;TNT-501;2p tent;2;2499;0.0;4998.0;completed
11854;24-07-2024;mikkel.rasmussen45@hotmail.com;DE;app;TNT-501;2p tent;2;2499;0.0;4998.0;completed
11855;25-07-2024;mikkel.rasmussen45@hotmail.com;DE;app;ACC-402;Beanie;1;199;0.0;199.0;completed
12501;25-07-2024;;DK;web;ACC-403;Headlamp;1;349;0.0;349.0;completed
12871;25-07-2024;Laura.Nielsen46@Gmail.Com;NO;web;SLP-601;Sleeping bag;1;899;0.0;899.0;completed
12871;25-07-2024;laura.nielsen46@gmail.com;NO;web;JKT-101;Shell jacket;1;1299;0.0;1299.0;completed
12871;25-07-2024;laura.nielsen46@gmail.com;NO;web;ACC-402;Beanie;1;199;0.0;199.0;completed
10420;26-07-2024;Sofie.Hansen46@Outlook.Dk;DK;web;BAG-301;Daypack 25L;1;549;0.0;549.0;completed
10420;26-07-2024;sofie.hansen46@outlook.dk;DK;web;ACC-402;Beanie;1;199;0.0;199.0;completed
10420;26-07-2024;sofie.hansen46@outlook.dk;DK;web;ACC-403;Headlamp;1;349;0.0;349.0;completed
10420;26-07-2024;Sofie.Hansen46@Outlook.Dk;DK;web;BAG-301;Daypack 25L;1;549;0.0;549.0;completed
11110;28-07-2024;Oliver.Petersen92@Gmail.Com;SE;web;SLP-601;Sleeping bag;1;899;0.1;809.1;completed
11379;28-07-2024;noah.pedersen86@gmail.com;DK;store;ACC-403;Headlamp;1;349;0.0;349.0;completed
11379;28-07-2024;noah.pedersen86@gmail.com;DK;store;JKT-101;Shell jacket;2;1299;0.0;2598.0;completed
11422;29-07-2024;;NO;web;SLP-601;Sleeping bag;1;899;0.0;899.0;completed
11760;29-07-2024;jonas.nielsen47@yahoo.dk;DK;web;ACC-401;Merino socks;1;129;0.0;129.0;completed
12402;29-07-2024;anna.pedersen23@outlook.dk;NO;app;JKT-102;Down jacket;1;1899;0.0;1899.0;completed
12402;29-07-2024;anna.pedersen23@outlook.dk;NO;app;BAG-302;Trek pack 60L;1;1499;0.0;1499.0;completed
10244;30-07-2024;Anna.Andersen98@Outlook.Dk;SE;web;JKT-101;Shell jacket;1;1299;0.15;1104.15;completed
10244;30-07-2024;anna.andersen98@outlook.dk;SE;web;ACC-403;Headlamp;1;349;0.15;296.65;completed
10599;30-07-2024;ida.andersen24@hotmail.com;DK;web;ACC-403;Headlamp;1;349;0.0;349.0;completed
10599;30-07-2024;ida.andersen24@hotmail.com;DK;web;ACC-401;Merino socks;2;129;0.0;258.0;completed
10599;30-07-2024;Ida.Andersen24@Hotmail.Com;DK;web;SLP-601;Sleeping bag;1;899;0.0;899.0;completed
12142;30-07-2024;mikkel.petersen84@hotmail.com;SE;web;JKT-101;Shell jacket;1;1299;0.0;1299.0;completed
12142;30-07-2024;mikkel.petersen84@hotmail.com;SE;web;ACC-403;Headlamp;1;349;0.0;349.0;completed
11314;31-07-2024;;NO;store;ACC-401;Merino socks;1;129;0.1;116.1;completed
11314;31-07-2024;;NO;store;JKT-101;Shell jacket;1;1299;0.1;1169.1;completed
12352;31-07-2024;magnus.andersen28@gmail.com;SE;web;ACC-403;Headlamp;1;349;0.0;349.0;completed
12352;31-07-2024;magnus.andersen28@gmail.com;SE;web;ACC-401;Merino socks;2;129;0.0;258.0;completed
12412;31-07-2024;oliver.madsen35@yahoo.dk;SE;store;BOT-201;Hiking boots;1;1099;0.1;989.1;completed
12412;31-07-2024;oliver.madsen35@yahoo.dk;SE;store;BAG-302;Trek pack 60L;1;1499;0.1;1349.1;completed
12412;31-07-2024;Oliver.Madsen35@Yahoo.Dk;SE;store;BAG-301;Daypack 25L;2;549;0.1;988.2;completed
10214;01-08-2024;mikkel.nielsen76@gmail.com;DK;store;SLP-601;Sleeping bag;2;899;0.0;1798.0;completed
11796;01-08-2024;ida.petersen76@yahoo.dk;DK;web;BAG-302;Trek pack 60L;2;1499;0.1;2698.2;completed
11796;01-08-2024;Ida.Petersen76@Yahoo.Dk;DK;web;ACC-401;Merino socks;1;129;0.1;116.1;completed
12269;01-08-2024;Oliver.Larsen44@Outlook.Dk;SE;web;TNT-501;2p tent;2;2499;0.0;4998.0;completed
10013;02-08-2024;anna.rasmussen69@hotmail.com;SE;web;ACC-402;Beanie;1;199;0.0;199.0;completed
10013;02-08-2024;anna.rasmussen69@hotmail.com;SE;web;TNT-501;2p tent;1;2499;0.0;2499.0;completed
10013;02-08-2024;anna.rasmussen69@hotmail.com;SE;web;SLP-601;Sleeping bag;1;899;0.0;899.0;completed
10963;02-08-2024;jonas.nielsen69@hotmail.com;DK;web;JKT-102;Down jacket;2;1899;0.15;3228.3;completed
10963;02-08-2024;Jonas.Nielsen69@Hotmail.Com;DK;web;SLP-601;Sleeping bag;1;899;0.15;764.15;completed
11267;02-08-2024;magnus.petersen2@gmail.com;DK;web;ACC-403;Headlamp;1;349;0.0;349.0;completed
11609;02-08-2024;clara.nielsen97@outlook.dk;NO;app;ACC-401;Merino socks;2;129;0.15;219.3;completed
12019;02-08-2024;laura.pedersen50@yahoo.dk;DK;store;ACC-403;Headlamp;1;349;0.15;296.65;completed
12019;02-08-2024;laura.pedersen50@yahoo.dk;DK;store;BAG-301;Daypack 25L;1;549;0.15;466.65;completed
12115;02-08-2024;Emil.Pedersen90@Yahoo.Dk;DK;web;JKT-101;Shell jacket;2;1299;0.0;2598.0;completed
12115;02-08-2024;emil.pedersen90@yahoo.dk;DK;web;BAG-302;Trek pack 60L;1;1499;0.0;1499.0;completed
10096;03-08-2024;mikkel.larsen71@mail.dk;DE;web;ACC-401;Merino socks;1;129;0.15;109.65;completed
10096;03-08-2024;mikkel.larsen71@mail.dk;DE;web;JKT-102;Down jacket;2;1899;0.15;3228.3;completed
10931;03-08-2024;mikkel.jensen16@hotmail.com;DE;web;ACC-401;Merino socks;2;129;0.0;258.0;completed
10931;03-08-2024;mikkel.jensen16@hotmail.com;DE;web;BOT-201;Hiking boots;1;1099;0.0;1099.0;completed
10931;03-08-2024;mikkel.jensen16@hotmail.com;DE;web;JKT-101;Shell jacket;1;1299;0.0;1299.0;completed
11039;03-08-2024;;DK;web;ACC-401;Merino socks;1;129;0.0;129.0;completed
11039;03-08-2024;;DK;web;BAG-302;Trek pack 60L;2;1499;0.0;2998.0;completed
11051;03-08-2024;clara.larsen57@mail.dk;DK;web;ACC-401;Merino socks;1;129;0.1;116.1;completed
12452;03-08-2024;magnus.pedersen26@outlook.dk;DK;web;ACC-403;Headlamp;2;349;0.1;628.2;completed
12452;03-08-2024;Magnus.Pedersen26@Outlook.Dk;DK;web;ACC-402;Beanie;1;199;0.1;179.1;completed
12452;03-08-2024;magnus.pedersen26@outlook.dk;DK;web;TNT-501;2p tent;1;2499;0.1;2249.1;completed
10275;04-08-2024;mette.petersen73@yahoo.dk;NO;web;ACC-402;Beanie;1;199;0.0;199.0;completed
10698;04-08-2024;laura.andersen61@yahoo.dk;DK;web;TNT-501;2p tent;1;2499;0.1;2249.1;completed
10698;04-08-2024;laura.andersen61@yahoo.dk;DK;web;BAG-301;Daypack 25L;1;549;0.1;494.1;completed
10698;04-08-2024;Laura.Andersen61@Yahoo.Dk;DK;web;ACC-403;Headlamp;1;349;0.1;314.1;completed
11917;04-08-2024;mikkel.hansen51@yahoo.dk;DE;app;ACC-401;Merino socks;1;129;0.0;129.0;completed
10894;05-08-2024;jonas.christensen57@gmail.com;DK;app;ACC-402;Beanie;2;199;0.15;338.3;completed
10894;05-08-2024;jonas.christensen57@gmail.com;DK;app;JKT-101;Shell jacket;1;1299;0.15;1104.15;completed
11858;05-08-2024;laura.jensen81@gmail.com;SE;web;ACC-402;Beanie;1;199;0.15;169.15;completed
11918;05-08-2024;mikkel.hansen51@yahoo.dk;DE;app;JKT-101;Shell jacket;1;1299;0.0;1299.0;completed
11918;05-08-2024;mikkel.hansen51@yahoo.dk;DE;app;ACC-401;Merino socks;1;129;0.0;129.0;completed
12116;05-08-2024;emil.pedersen90@yahoo.dk;DK;web;ACC-403;Headlamp;1;349;0.0;349.0;completed
12116;05-08-2024;emil.pedersen90@yahoo.dk;DK;web;JKT-102;Down jacket;1;1899;0.0;1899.0;completed
12707;05-08-2024;Ida.Jensen86@Gmail.Com;DK;web;BOT-201;Hiking boots;1;1099;0.0;1099.0;completed
10599;06-08-2024;ida.andersen24@hotmail.com;DK;web;ACC-403;Headlamp;-1;349;0.0;-349.0;refunded
12326;06-08-2024;ida.pedersen53@mail.dk;DE;store;BAG-301;Daypack 25L;2;549;0.0;1098.0;completed
12326;06-08-2024;ida.pedersen53@mail.dk;DE;store;ACC-402;Beanie;2;199;0.0;398.0;completed
12911;06-08-2024;clara.petersen56@gmail.com;DK;web;SLP-601;Sleeping bag;1;899;0.0;899.0;completed
10065;07-08-2024;freja.jensen46@mail.dk;SE;web;ACC-403;Headlamp;1;349;0.15;296.65;completed
10065;07-08-2024;freja.jensen46@mail.dk;SE;web;BOT-201;Hiking boots;2;1099;0.15;1868.3;completed
11732;07-08-2024;freja.jensen36@yahoo.dk;DK;web;ACC-402;Beanie;1;199;0.0;199.0;completed
11732;07-08-2024;freja.jensen36@yahoo.dk;DK;web;ACC-403;Headlamp;1;349;0.0;349.0;completed
12362;07-08-2024;Emil.Hansen96@Gmail.Com;DK;web;JKT-101;Shell jacket;1;1299;0.0;1299.0;completed
12912;07-08-2024;clara.petersen56@gmail.com;DK;web;TNT-501;2p tent;2;2499;0.15;4248.3;completed
12912;07-08-2024;clara.petersen56@gmail.com;DK;web;ACC-401;Merino socks;1;129;0.15;109.65;completed
10035;08-08-2024;noah.christensen91@yahoo.dk;NO;web;ACC-401;Merino socks;1;129;0.15;109.65;completed
10035;08-08-2024;Noah.Christensen91@Yahoo.Dk;NO;web;ACC-402;Beanie;1;199;0.15;169.15;completed
10035;08-08-2024;noah.christensen91@yahoo.dk;NO;web;ACC-403;Headlamp;1;349;0.15;296.65;completed
10666;08-08-2024;sara.jensen40@yahoo.dk;DE;web;ACC-402;Beanie;1;199;0.0;199.0;completed
10810;08-08-2024;mette.andersen46@hotmail.com;DE;web;BOT-201;Hiking boots;1;1099;0.0;1099.0;completed
11880;09-08-2024;Lars.Petersen82@Gmail.Com;DK;web;ACC-401;Merino socks;1;129;0.0;129.0;completed
12849;09-08-2024;ida.madsen39@mail.dk;DK;web;ACC-402;Beanie;1;199;0.0;199.0;completed
12849;09-08-2024;Ida.Madsen39@Mail.Dk;DK;web;ACC-403;Headlamp;2;349;0.0;698.0;completed
12849;09-08-2024;ida.madsen39@mail.dk;DK;web;JKT-101;Shell jacket;1;1299;0.0;1299.0;completed
10036;10-08-2024;noah.christensen91@yahoo.dk;NO;web;TNT-501;2p tent;1;2499;0.15;2124.15;completed
10036;10-08-2024;noah.christensen91@yahoo.dk;NO;web;ACC-401;Merino socks;1;129;0.15;109.65;completed
11944;10-08-2024;freja.petersen54@hotmail.com;DE;web;JKT-102;Down jacket;1;1899;0.1;1709.1;completed
11944;10-08-2024;freja.petersen54@hotmail.com;DE;web;ACC-401;Merino socks;1;129;0.1;116.1;completed
11944;10-08-2024;freja.petersen54@hotmail.com;DE;web;BAG-301;Daypack 25L;1;549;0.1;494.1;completed
10964;11-08-2024;jonas.nielsen69@hotmail.com;DK;web;SLP-601;Sleeping bag;2;899;0.1;1618.2;completed
11945;11-08-2024;Freja.Petersen54@Hotmail.Com;DE;web;ACC-401;Merino socks;1;129;0.0;129.0;completed
12224;12-08-2024;Laura.Rasmussen80@Mail.Dk;NO;web;JKT-101;Shell jacket;2;1299;0.1;2338.2;completed
10477;13-08-2024;sara.christensen90@outlook.dk;SE;app;ACC-403;Headlamp;1;349;0.1;314.1;completed
11807;13-08-2024;magnus.madsen38@yahoo.dk;DK;app;BAG-301;Daypack 25L;1;549;0.0;549.0;completed
12660;13-08-2024;emil.madsen41@hotmail.com;NO;store;BAG-301;Daypack 25L;2;549;0.1;988.2;completed
12021;14-08-2024;mette.madsen58@hotmail.com;NO;web;SLP-601;Sleeping bag;1;899;0.15;764.15;completed
12084;14-08-2024;;DK;web;SLP-601;Sleeping bag;1;899;0.0;899.0;completed
12084;14-08-2024;;DK;web;BOT-201;Hiking boots;2;1099;0.0;2198.0;completed
12084;14-08-2024;;DK;web;ACC-401;Merino socks;1;129;0.0;129.0;completed
10592;15-08-2024;mikkel.rasmussen16@hotmail.com;NO;app;BAG-301;Daypack 25L;1;549;0.0;549.0;completed
11400;15-08-2024;emil.hansen28@hotmail.com;NO;web;TNT-501;2p tent;2;2499;0.0;4998.0;completed
11400;15-08-2024;emil.hansen28@hotmail.com;NO;web;ACC-403;Headlamp;1;349;0.0;349.0;completed
12628;15-08-2024;jonas.pedersen50@yahoo.dk;DK;web;BAG-301;Daypack 25L;2;549;0.0;1098.0;completed
12628;15-08-2024;jonas.pedersen50@yahoo.dk;DK;web;ACC-401;Merino socks;2;129;0.0;258.0;completed
11942;16-08-2024;;NO;web;JKT-101;Shell jacket;2;1299;0.15;2208.3;completed
11942;16-08-2024;;NO;web;ACC-402;Beanie;1;199;0.15;169.15;completed
11942;16-08-2024;;NO;web;BAG-301;Daypack 25L;1;549;0.15;466.65;completed
12323;16-08-2024;Laura.Jensen2@Yahoo.Dk;SE;web;BAG-301;Daypack 25L;2;549;0.0;1098.0;completed
12323;16-08-2024;laura.jensen2@yahoo.dk;SE;web;ACC-401;Merino socks;1;129;0.0;129.0;completed
11051;17-08-2024;clara.larsen57@mail.dk;DK;web;ACC-401;Merino socks;-1;129;0.1;-116.1;refunded
11859;17-08-2024;Laura.Jensen81@Gmail.Com;SE;web;BAG-301;Daypack 25L;1;549;0.0;549.0;completed
11881;18-08-2024;lars.petersen82@gmail.com;DK;web;ACC-401;Merino socks;2;129;0.1;232.2;completed
11733;19-08-2024;freja.jensen36@yahoo.dk;DK;web;ACC-402;Beanie;1;199;0.1;179.1;completed
11733;19-08-2024;freja.jensen36@yahoo.dk;DK;web;BAG-301;Daypack 25L;1;549;0.1;494.1;completed
11733;19-08-2024;freja.jensen36@yahoo.dk;DK;web;SLP-601;Sleeping bag;1;899;0.1;809.1;completed
10881;20-08-2024;freja.andersen29@outlook.dk;DK;web;ACC-401;Merino socks;1;129;0.15;109.65;completed
10881;20-08-2024;freja.andersen29@outlook.dk;DK;web;SLP-601;Sleeping bag;1;899;0.15;764.15;completed
10881;20-08-2024;freja.andersen29@outlook.dk;DK;web;BAG-302;Trek pack 60L;1;1499;0.15;1274.15;completed
11763;20-08-2024;magnus.nielsen82@outlook.dk;SE;app;BOT-201;Hiking boots;1;1099;0.0;1099.0;completed
11763;20-08-2024;Magnus.Nielsen82@Outlook.Dk;SE;app;ACC-401;Merino socks;2;129;0.0;258.0;completed
11763;20-08-2024;magnus.nielsen82@outlook.dk;SE;app;BAG-301;Daypack 25L;1;549;0.0;549.0;completed
12249;21-08-2024;Mikkel.Jensen17@Gmail.Com;DE;web;ACC-403;Headlamp;1;349;0.0;349.0;completed
13064;21-08-2024;;DK;web;ACC-402;Beanie;1;199;0.15;169.15;completed
10894;22-08-2024;jonas.christensen57@gmail.com;DK;app;ACC-402;Beanie;-2;199;0.15;-338.3;refunded
11919;22-08-2024;mikkel.hansen51@yahoo.dk;DE;app;ACC-402;Beanie;1;199;0.0;199.0;completed
11919;22-08-2024;mikkel.hansen51@yahoo.dk;DE;app;ACC-401;Merino socks;2;129;0.0;258.0;completed
12165;22-08-2024;emil.hansen11@yahoo.dk;DK;app;SLP-601;Sleeping bag;2;899;0.1;1618.2;completed
12165;22-08-2024;emil.hansen11@yahoo.dk;DK;app;ACC-401;Merino socks;1;129;0.1;116.1;completed
10882;23-08-2024;;DK;web;ACC-402;Beanie;1;199;0.0;199.0;completed
10882;23-08-2024;;DK;web;BOT-201;Hiking boots;1;1099;0.0;1099.0;completed
11419;23-08-2024;Emil.Rasmussen35@Outlook.Dk;DK;store;ACC-401;Merino socks;1;129;0.1;116.1;completed
11419;23-08-2024;Emil.Rasmussen35@Outlook.Dk;DK;store;BAG-301;Daypack 25L;1;549;0.1;494.1;completed
11701;23-08-2024;jonas.jensen42@yahoo.dk;DK;web;ACC-401;Merino socks;1;129;0.0;129.0;completed
11701;23-08-2024;jonas.jensen42@yahoo.dk;DK;web;ACC-403;Headlamp;1;349;0.0;349.0;completed
11985;23-08-2024;lars.petersen33@gmail.com;DK;store;BAG-301;Daypack 25L;2;549;0.15;933.3;completed
12957;23-08-2024;Sara.Rasmussen17@Gmail.Com;SE;web;ACC-402;Beanie;1;199;0.1;179.1;completed
12957;23-08-2024;sara.rasmussen17@gmail.com;SE;web;JKT-102;Down jacket;1;1899;0.1;1709.1;completed
10290;24-08-2024;laura.hansen30@hotmail.com;SE;web;ACC-401;Merino socks;1;129;0.1;116.1;completed
12225;24-08-2024;laura.rasmussen80@mail.dk;NO;web;JKT-101;Shell jacket;1;1299;0.0;1299.0;completed
12225;24-08-2024;laura.rasmussen80@mail.dk;NO;web;ACC-401;Merino socks;1;129;0.0;129.0;completed
12509;24-08-2024;Mette.Andersen63@Yahoo.Dk;DE;web;ACC-401;Merino socks;1;129;0.0;129.0;completed
10215;25-08-2024;mikkel.nielsen76@gmail.com;DK;store;ACC-402;Beanie;1;199;0.1;179.1;completed
10883;25-08-2024;Freja.Andersen29@Outlook.Dk;DK;web;ACC-401;Merino socks;2;129;0.1;232.2;completed
10883;25-08-2024;freja.andersen29@outlook.dk;DK;web;ACC-403;Headlamp;2;349;0.1;628.2;completed
12250;25-08-2024;mikkel.jensen17@gmail.com;DE;web;BAG-302;Trek pack 60L;1;1499;0.0;1499.0;completed
12250;25-08-2024;mikkel.jensen17@gmail.com;DE;web;JKT-102;Down jacket;1;1899;0.0;1899.0;completed
12250;25-08-2024;mikkel.jensen17@gmail.com;DE;web;ACC-402;Beanie;2;199;0.0;398.0;completed
12275;25-08-2024;mikkel.andersen38@gmail.com;SE;web;ACC-401;Merino socks;1;129;0.0;129.0;completed
12275;25-08-2024;mikkel.andersen38@gmail.com;SE;web;BAG-301;Daypack 25L;1;549;0.0;549.0;completed
12510;25-08-2024;mette.andersen63@yahoo.dk;DE;web;ACC-401;Merino socks;1;129;0.15;109.65;completed
10699;26-08-2024;Laura.Andersen61@Yahoo.Dk;DK;web;ACC-403;Headlamp;1;349;0.15;296.65;completed
10787;26-08-2024;Clara.Madsen48@Hotmail.Com;DK;store;ACC-402;Beanie;1;199;0.0;199.0;completed
10787;26-08-2024;clara.madsen48@hotmail.com;DK;store;ACC-401;Merino socks;1;129;0.0;129.0;completed
10965;26-08-2024;jonas.nielsen69@hotmail.com;DK;web;BOT-201;Hiking boots;1;1099;0.0;1099.0;completed
11734;26-08-2024;Freja.Jensen36@Yahoo.Dk;DK;web;ACC-401;Merino socks;1;129;0.0;129.0;completed
11734;26-08-2024;freja.jensen36@yahoo.dk;DK;web;ACC-402;Beanie;1;199;0.0;199.0;completed
11734;26-08-2024;freja.jensen36@yahoo.dk;DK;web;ACC-403;Headlamp;2;349;0.0;698.0;completed
10014;27-08-2024;Anna.Rasmussen69@Hotmail.Com;SE;web;ACC-402;Beanie;2;199;0.0;398.0;completed
10014;27-08-2024;anna.rasmussen69@hotmail.com;SE;web;BAG-301;Daypack 25L;1;549;0.0;549.0;completed
10554;27-08-2024;noah.christensen30@hotmail.com;DK;web;JKT-101;Shell jacket;1;1299;0.0;1299.0;completed
10554;27-08-2024;noah.christensen30@hotmail.com;DK;web;TNT-501;2p tent;2;2499;0.0;4998.0;completed
11564;27-08-2024;Oliver.Andersen98@Gmail.Com;DK;web;BOT-201;Hiking boots;1;1099;0.1;989.1;completed
11610;27-08-2024;clara.nielsen97@outlook.dk;NO;app;BOT-201;Hiking boots;1;1099;0.0;1099.0;completed
11614;27-08-2024;emil.madsen95@mail.dk;DE;web;ACC-401;Merino socks;2;129;0.0;258.0;completed
11614;27-08-2024;emil.madsen95@mail.dk;DE;web;JKT-102;Down jacket;1;1899;0.0;1899.0;completed
10001;28-08-2024;Lars.Rasmussen65@Outlook.Dk;SE;web;SLP-601;Sleeping bag;2;899;0.0;1798.0;completed
10001;28-08-2024;lars.rasmussen65@outlook.dk;SE;web;ACC-403;Headlamp;2;349;0.0;698.0;completed
10001;28-08-2024;lars.rasmussen65@outlook.dk;SE;web;BOT-201;Hiking boots;2;1099;0.0;2198.0;completed
10235;28-08-2024;noah.christensen15@yahoo.dk;NO;web;ACC-401;Merino socks;1;129;0.0;129.0;completed
10235;28-08-2024;noah.christensen15@yahoo.dk;NO;web;JKT-102;Down jacket;1;1899;0.0;1899.0;completed
10235;28-08-2024;Noah.Christensen15@Yahoo.Dk;NO;web;SLP-601;Sleeping bag;1;899;0.0;899.0;completed
10987;29-08-2024;clara.nielsen45@yahoo.dk;NO;store;BOT-201;Hiking boots;2;1099;0.0;2198.0;completed
11551;29-08-2024;Emil.Andersen65@Mail.Dk;NO;app;SLP-601;Sleeping bag;2;899;0.15;1528.3;completed
11992;29-08-2024;clara.andersen27@hotmail.com;DK;web;ACC-403;Headlamp;2;349;0.15;593.3;completed
11992;29-08-2024;clara.andersen27@hotmail.com;DK;web;BAG-301;Daypack 25L;1;549;0.15;466.65;completed
11992;29-08-2024;clara.andersen27@hotmail.com;DK;web;JKT-101;Shell jacket;1;1299;0.15;1104.15;completed
12354;29-08-2024;Lars.Petersen7@Gmail.Com;DK;web;ACC-401;Merino socks;1;129;0.15;109.65;completed
12397;30-08-2024;anna.petersen51@gmail.com;DK;app;ACC-401;Merino socks;1;129;0.1;116.1;completed
12397;30-08-2024;anna.petersen51@gmail.com;DK;app;BOT-201;Hiking boots;2;1099;0.1;1978.2;completed
12397;30-08-2024;anna.petersen51@gmail.com;DK;app;ACC-403;Headlamp;1;349;0.1;314.1;completed
10037;31-08-2024;noah.christensen91@yahoo.dk;NO;web;JKT-101;Shell jacket;1;1299;0.0;1299.0;completed
10037;31-08-2024;noah.christensen91@yahoo.dk;NO;web;SLP-601;Sleeping bag;1;899;0.0;899.0;completed
10037;31-08-2024;Noah.Christensen91@Yahoo.Dk;NO;web;BAG-301;Daypack 25L;2;549;0.0;1098.0;completed
10216;31-08-2024;mikkel.nielsen76@gmail.com;DK;store;ACC-401;Merino socks;1;129;0.1;116.1;completed
12466;31-08-2024;Freja.Christensen97@Hotmail.Com;SE;store;ACC-403;Headlamp;1;349;0.15;296.65;completed
12466;31-08-2024;freja.christensen97@hotmail.com;SE;store;BAG-301;Daypack 25L;1;549;0.15;466.65;completed
13015;31-08-2024;Ida.Christensen90@Mail.Dk;DE;app;ACC-401;Merino socks;1;129;0.0;129.0;completed
13015;31-08-2024;Ida.Christensen90@Mail.Dk;DE;app;ACC-401;Merino socks;1;129;0.0;129.0;completed
12392;01-09-2024;mikkel.petersen61@yahoo.dk;DK;store;ACC-402;Beanie;1;199;0.0;199.0;completed
12392;01-09-2024;mikkel.petersen61@yahoo.dk;DK;store;ACC-401;Merino socks;1;129;0.0;129.0;completed
12392;01-09-2024;mikkel.petersen61@yahoo.dk;DK;store;SLP-601;Sleeping bag;1;899;0.0;899.0;completed
12713;02-09-2024;jonas.hansen12@gmail.com;DK;web;BOT-201;Hiking boots;1;1099;0.1;989.1;completed
10966;03-09-2024;jonas.nielsen69@hotmail.com;DK;web;SLP-601;Sleeping bag;1;899;0.0;899.0;completed
10966;03-09-2024;jonas.nielsen69@hotmail.com;DK;web;ACC-403;Headlamp;1;349;0.0;349.0;completed
11611;03-09-2024;Clara.Nielsen97@Outlook.Dk;NO;app;TNT-501;2p tent;1;2499;0.15;2124.15;completed
12474;03-09-2024;lars.petersen61@yahoo.dk;DK;web;BAG-301;Daypack 25L;1;549;0.0;549.0;completed
10038;04-09-2024;noah.christensen91@yahoo.dk;NO;web;ACC-402;Beanie;1;199;0.1;179.1;completed
10667;04-09-2024;sara.jensen40@yahoo.dk;DE;web;ACC-402;Beanie;1;199;0.1;179.1;completed
11111;04-09-2024;Oliver.Petersen92@Gmail.Com;SE;web;JKT-102;Down jacket;1;1899;0.0;1899.0;completed
11111;04-09-2024;Oliver.Petersen92@Gmail.Com;SE;web;ACC-401;Merino socks;1;129;0.0;129.0;completed
11584;04-09-2024;;DE;web;BAG-301;Daypack 25L;1;549;0.0;549.0;completed
11584;04-09-2024;;DE;web;BAG-302;Trek pack 60L;1;1499;0.0;1499.0;completed
11614;04-09-2024;emil.madsen95@mail.dk;DE;web;ACC-401;Merino socks;-2;129;0.0;-258.0;refunded
11735;04-09-2024;Freja.Jensen36@Yahoo.Dk;DK;web;ACC-403;Headlamp;1;349;0.0;349.0;completed
10014;05-09-2024;Anna.Rasmussen69@Hotmail.Com;SE;web;ACC-402;Beanie;-2;199;0.0;-398.0;refunded
12868;05-09-2024;Sara.Rasmussen27@Outlook.Dk;DK;web;SLP-601;Sleeping bag;1;899;0.0;899.0;completed
10015;06-09-2024;anna.rasmussen69@hotmail.com;SE;web;JKT-102;Down jacket;1;1899;0.0;1899.0;completed
10015;06-09-2024;anna.rasmussen69@hotmail.com;SE;web;ACC-401;Merino socks;2;129;0.0;258.0;completed
10895;06-09-2024;jonas.christensen57@gmail.com;DK;app;SLP-601;Sleeping bag;1;899;0.0;899.0;completed
10895;06-09-2024;jonas.christensen57@gmail.com;DK;app;BOT-201;Hiking boots;1;1099;0.0;1099.0;completed
11552;06-09-2024;Emil.Andersen65@Mail.Dk;NO;app;ACC-401;Merino socks;1;129;0.1;116.1;completed
11552;06-09-2024;emil.andersen65@mail.dk;NO;app;JKT-101;Shell jacket;2;1299;0.1;2338.2;completed
12298;06-09-2024;freja.hansen62@hotmail.com;NO;web;ACC-402;Beanie;1;199;0.1;179.1;completed
11423;08-09-2024;ida.hansen35@outlook.dk;NO;web;BAG-301;Daypack 25L;1;549;0.0;549.0;completed
11423;08-09-2024;ida.hansen35@outlook.dk;NO;web;BAG-302;Trek pack 60L;1;1499;0.0;1499.0;completed
11423;08-09-2024;ida.hansen35@outlook.dk;NO;web;BAG-302;Trek pack 60L;1;1499;0.0;1499.0;completed
11469;08-09-2024;sara.christensen73@hotmail.com;DK;web;ACC-402;Beanie;1;199;0.0;199.0;completed
11469;08-09-2024;sara.christensen73@hotmail.com;DK;web;ACC-401;Merino socks;1;129;0.0;129.0;completed
11665;08-09-2024;clara.larsen32@outlook.dk;NO;store;JKT-102;Down jacket;1;1899;0.0;1899.0;completed
11665;08-09-2024;clara.larsen32@outlook.dk;NO;store;SLP-601;Sleeping bag;2;899;0.0;1798.0;completed
12341;08-09-2024;lars.petersen78@gmail.com;DK;web;ACC-403;Headlamp;1;349;0.1;314.1;completed
12341;08-09-2024;lars.petersen78@gmail.com;DK;web;BOT-201;Hiking boots;1;1099;0.1;989.1;completed
12850;08-09-2024;ida.madsen39@mail.dk;DK;web;ACC-402;Beanie;1;199;0.1;179.1;completed
13013;08-09-2024;jonas.madsen93@yahoo.dk;DK;web;ACC-401;Merino socks;1;129;0.0;129.0;completed
12149;09-09-2024;sara.larsen41@gmail.com;SE;web;BAG-301;Daypack 25L;1;549;0.15;466.65;completed
12149;09-09-2024;Sara.Larsen41@Gmail.Com;SE;web;JKT-101;Shell jacket;2;1299;0.15;2208.3;completed
11280;10-09-2024;emil.petersen44@outlook.dk;NO;web;BAG-301;Daypack 25L;1;549;0.1;494.1;completed
12289;10-09-2024;laura.andersen27@mail.dk;SE;web;BOT-201;Hiking boots;1;1099;0.0;1099.0;completed
12289;10-09-2024;laura.andersen27@mail.dk;SE;web;ACC-403;Headlamp;1;349;0.0;349.0;completed
10445;11-09-2024;oliver.hansen47@yahoo.dk;DK;web;SLP-601;Sleeping bag;1;899;0.0;899.0;completed
10792;11-09-2024;Ida.Pedersen97@Hotmail.Com;DK;store;ACC-401;Merino socks;1;129;0.0;129.0;completed
10792;11-09-2024;Ida.Pedersen97@Hotmail.Com;DK;store;ACC-403;Headlamp;1;349;0.0;349.0;completed
12366;11-09-2024;laura.hansen27@mail.dk;DK;app;BAG-301;Daypack 25L;2;549;0.0;1098.0;completed
12831;11-09-2024;clara.nielsen16@outlook.dk;DK;web;ACC-401;Merino socks;1;129;0.0;129.0;completed
12831;11-09-2024;clara.nielsen16@outlook.dk;DK;web;JKT-101;Shell jacket;1;1299;0.0;1299.0;completed
11920;12-09-2024;mikkel.hansen51@yahoo.dk;DE;app;ACC-402;Beanie;1;199;0.0;199.0;completed
12989;12-09-2024;anna.pedersen61@hotmail.com;SE;web;ACC-402;Beanie;2;199;0.0;398.0;completed
12989;12-09-2024;Anna.Pedersen61@Hotmail.Com;SE;web;JKT-102;Down jacket;2;1899;0.0;3798.0;completed
11398;13-09-2024;lars.rasmussen20@hotmail.com;DK;web;ACC-401;Merino socks;1;129;0.0;129.0;completed
11398;13-09-2024;Lars.Rasmussen20@Hotmail.Com;DK;web;JKT-101;Shell jacket;1;1299;0.0;1299.0;completed
12786;13-09-2024;Clara.Jensen76@Gmail.Com;DK;web;BAG-301;Daypack 25L;1;549;0.0;549.0;completed
12786;13-09-2024;clara.jensen76@gmail.com;DK;web;ACC-401;Merino socks;1;129;0.0;129.0;completed
10891;14-09-2024;;DE;store;SLP-601;Sleeping bag;2;899;0.15;1528.3;completed
12086;14-09-2024;mikkel.rasmussen27@gmail.com;DK;store;JKT-102;Down jacket;2;1899;0.0;3798.0;completed
12086;14-09-2024;mikkel.rasmussen27@gmail.com;DK;store;BAG-302;Trek pack 60L;2;1499;0.0;2998.0;completed
12086;14-09-2024;mikkel.rasmussen27@gmail.com;DK;store;JKT-101;Shell jacket;1;1299;0.0;1299.0;completed
12395;15-09-2024;mette.larsen42@outlook.dk;DE;web;ACC-402;Beanie;1;199;0.15;169.15;completed
10232;16-09-2024;mette.nielsen86@mail.dk;DE;web;TNT-501;2p tent;1;2499;0.0;2499.0;completed
11711;16-09-2024;oliver.nielsen70@yahoo.dk;DK;web;ACC-401;Merino socks;1;129;0.15;109.65;completed
11553;17-09-2024;emil.andersen65@mail.dk;NO;app;BAG-301;Daypack 25L;1;549;0.0;549.0;completed
12328;17-09-2024;Mette.Petersen36@Mail.Dk;SE;app;JKT-101;Shell jacket;1;1299;0.0;1299.0;completed
12328;17-09-2024;mette.petersen36@mail.dk;SE;app;BAG-301;Daypack 25L;2;549;0.0;1098.0;completed
12419;17-09-2024;mikkel.petersen19@gmail.com;NO;web;ACC-403;Headlamp;1;349;0.15;296.65;completed
10288;18-09-2024;Mikkel.Petersen38@Hotmail.Com;DK;web;SLP-601;Sleeping bag;1;899;0.0;899.0;completed
10667;18-09-2024;sara.jensen40@yahoo.dk;DE;web;ACC-402;Beanie;-1;199;0.1;-179.1;refunded
11751;18-09-2024;oliver.pedersen60@yahoo.dk;DE;web;BAG-301;Daypack 25L;1;549;0.0;549.0;completed
11751;18-09-2024;oliver.pedersen60@yahoo.dk;DE;web;SLP-601;Sleeping bag;1;899;0.0;899.0;completed
10016;19-09-2024;;SE;web;BAG-301;Daypack 25L;1;549;0.0;549.0;completed
10792;19-09-2024;Ida.Pedersen97@Hotmail.Com;DK;store;ACC-401;Merino socks;-1;129;0.0;-129.0;refunded
10792;19-09-2024;Ida.Pedersen97@Hotmail.Com;DK;store;ACC-401;Merino socks;-1;129;0.0;-129.0;refunded
11949;19-09-2024;ida.jensen21@mail.dk;DK;web;ACC-401;Merino socks;1;129;0.0;129.0;completed
11949;19-09-2024;ida.jensen21@mail.dk;DK;web;BAG-302;Trek pack 60L;1;1499;0.0;1499.0;completed
12825;19-09-2024;oliver.pedersen62@mail.dk;DK;web;ACC-401;Merino socks;2;129;0.15;219.3;completed
10039;20-09-2024;Noah.Christensen91@Yahoo.Dk;NO;web;ACC-402;Beanie;2;199;0.15;338.3;completed
10462;20-09-2024;Ida.Jensen30@Yahoo.Dk;SE;store;ACC-401;Merino socks;1;129;0.0;129.0;completed
10462;20-09-2024;ida.jensen30@yahoo.dk;SE;store;BAG-301;Daypack 25L;1;549;0.0;549.0;completed
10462;20-09-2024;ida.jensen30@yahoo.dk;SE;store;ACC-403;Headlamp;2;349;0.0;698.0;completed
12399;20-09-2024;mikkel.jensen53@outlook.dk;DE;web;ACC-401;Merino socks;1;129;0.0;129.0;completed
13035;20-09-2024;Ida.Christensen33@Yahoo.Dk;DK;web;ACC-402;Beanie;1;199;0.1;179.1;completed
10253;21-09-2024;sofie.larsen12@mail.dk;DK;web;ACC-401;Merino socks;1;129;0.1;116.1;completed
10253;21-09-2024;sofie.larsen12@mail.dk;DK;web;ACC-403;Headlamp;1;349;0.1;314.1;completed
10754;21-09-2024;anna.jensen35@mail.dk;DK;web;ACC-403;Headlamp;1;349;0.0;349.0;completed
10754;21-09-2024;anna.jensen35@mail.dk;DK;web;ACC-401;Merino socks;1;129;0.0;129.0;completed
12276;21-09-2024;Mikkel.Andersen38@Gmail.Com;SE;web;BAG-301;Daypack 25L;1;549;0.15;466.65;completed
10040;22-09-2024;noah.christensen91@yahoo.dk;NO;web;ACC-401;Merino socks;2;129;0.1;232.2;completed
10040;22-09-2024;Noah.Christensen91@Yahoo.Dk;NO;web;ACC-403;Headlamp;2;349;0.1;628.2;completed
10446;22-09-2024;oliver.hansen47@yahoo.dk;DK;web;ACC-403;Headlamp;1;349;0.1;314.1;completed
10446;22-09-2024;Oliver.Hansen47@Yahoo.Dk;DK;web;ACC-401;Merino socks;2;129;0.1;232.2;completed
10446;22-09-2024;Oliver.Hansen47@Yahoo.Dk;DK;web;SLP-601;Sleeping bag;1;899;0.1;809.1;completed
12226;22-09-2024;laura.rasmussen80@mail.dk;NO;web;ACC-401;Merino socks;1;129;0.0;129.0;completed
12226;22-09-2024;laura.rasmussen80@mail.dk;NO;web;JKT-102;Down jacket;2;1899;0.0;3798.0;completed
12579;22-09-2024;sara.petersen64@gmail.com;DK;web;BAG-301;Daypack 25L;1;549;0.0;549.0;completed
12579;22-09-2024;Sara.Petersen64@Gmail.Com;DK;web;ACC-403;Headlamp;2;349;0.0;698.0;completed
12579;22-09-2024;sara.petersen64@gmail.com;DK;web;JKT-101;Shell jacket;1;1299;0.0;1299.0;completed
12832;23-09-2024;clara.nielsen16@outlook.dk;DK;web;ACC-401;Merino socks;2;129;0.15;219.3;completed
12251;24-09-2024;Mikkel.Jensen17@Gmail.Com;DE;web;ACC-402;Beanie;2;199;0.0;398.0;completed
10869;25-09-2024;Sofie.Hansen20@Mail.Dk;SE;web;BOT-201;Hiking boots;1;1099;0.0;1099.0;completed
11203;25-09-2024;Mette.Larsen62@Mail.Dk;DK;store;BAG-302;Trek pack 60L;1;1499;0.15;1274.15;completed
11203;25-09-2024;mette.larsen62@mail.dk;DK;store;BOT-201;Hiking boots;2;1099;0.15;1868.3;completed
12990;25-09-2024;Anna.Pedersen61@Hotmail.Com;SE;web;ACC-402;Beanie;1;199;0.0;199.0;completed
13039;25-09-2024;clara.jensen1@hotmail.com;DK;web;ACC-402;Beanie;1;199;0.0;199.0;completed
13039;25-09-2024;clara.jensen1@hotmail.com;DK;web;ACC-403;Headlamp;1;349;0.0;349.0;completed
13039;25-09-2024;clara.jensen1@hotmail.com;DK;web;BAG-302;Trek pack 60L;1;1499;0.0;1499.0;completed
11804;26-09-2024;noah.pedersen70@mail.dk;SE;web;TNT-501;2p tent;1;2499;0.0;2499.0;completed
10439;27-09-2024;clara.andersen31@hotmail.com;DK;web;ACC-403;Headlamp;2;349;0.0;698.0;completed
10670;27-09-2024;mikkel.christensen71@mail.dk;DK;store;TNT-501;2p tent;2;2499;0.0;4998.0;completed
10670;27-09-2024;mikkel.christensen71@mail.dk;DK;store;SLP-601;Sleeping bag;1;899;0.0;899.0;completed
10670;27-09-2024;mikkel.christensen71@mail.dk;DK;store;ACC-401;Merino socks;1;129;0.0;129.0;completed
10808;27-09-2024;ida.hansen96@hotmail.com;NO;web;ACC-403;Headlamp;1;349;0.0;349.0;completed
10808;27-09-2024;ida.hansen96@hotmail.com;NO;web;JKT-102;Down jacket;1;1899;0.0;1899.0;completed
12659;27-09-2024;;DE;app;ACC-402;Beanie;1;199;0.15;169.15;completed
12735;27-09-2024;clara.larsen7@outlook.dk;DK;web;BAG-301;Daypack 25L;2;549;0.15;933.3;completed
12735;27-09-2024;clara.larsen7@outlook.dk;DK;web;ACC-402;Beanie;1;199;0.15;169.15;completed
12735;27-09-2024;clara.larsen7@outlook.dk;DK;web;ACC-403;Headlamp;1;349;0.15;296.65;completed
12787;27-09-2024;clara.jensen76@gmail.com;DK;web;ACC-402;Beanie;2;199;0.0;398.0;completed
12787;27-09-2024;clara.jensen76@gmail.com;DK;web;JKT-101;Shell jacket;2;1299;0.0;2598.0;completed
12787;27-09-2024;Clara.Jensen76@Gmail.Com;DK;web;ACC-403;Headlamp;1;349;0.0;349.0;completed
12560;28-09-2024;jonas.andersen42@hotmail.com;DE;web;ACC-401;Merino socks;1;129;0.0;129.0;completed
12989;28-09-2024;anna.pedersen61@hotmail.com;SE;web;ACC-402;Beanie;-2;199;0.0;-398.0;refunded
10935;29-09-2024;oliver.larsen98@outlook.dk;DK;store;BOT-201;Hiking boots;1;1099;0.0;1099.0;completed
11670;29-09-2024;Lars.Hansen86@Gmail.Com;DK;app;BAG-301;Daypack 25L;1;549;0.0;549.0;completed
11993;29-09-2024;oliver.nielsen97@gmail.com;NO;store;BOT-201;Hiking boots;1;1099;0.0;1099.0;completed
11993;29-09-2024;Oliver.Nielsen97@Gmail.Com;NO;store;ACC-403;Headlamp;1;349;0.0;349.0;completed
12991;29-09-2024;anna.pedersen61@hotmail.com;SE;web;TNT-501;2p tent;1;2499;0.0;2499.0;completed
12991;29-09-2024;anna.pedersen61@hotmail.com;SE;web;BAG-302;Trek pack 60L;1;1499;0.0;1499.0;completed
12991;29-09-2024;anna.pedersen61@hotmail.com;SE;web;ACC-402;Beanie;1;199;0.0;199.0;completed
13074;29-09-2024;oliver.petersen80@yahoo.dk;DK;app;BAG-302;Trek pack 60L;1;1499;0.0;1499.0;completed
13074;29-09-2024;Oliver.Petersen80@Yahoo.Dk;DK;app;ACC-401;Merino socks;1;129;0.0;129.0;completed
10671;30-09-2024;mikkel.christensen71@mail.dk;DK;store;ACC-403;Headlamp;1;349;0.15;296.65;completed
10671;30-09-2024;mikkel.christensen71@mail.dk;DK;store;BAG-301;Daypack 25L;1;549;0.15;466.65;completed
10749;30-09-2024;Noah.Rasmussen14@Hotmail.Com;DK;app;BAG-302;Trek pack 60L;1;1499;0.15;1274.15;completed
10813;30-09-2024;clara.madsen1@yahoo.dk;DK;web;BAG-301;Daypack 25L;2;549;0.0;1098.0;completed
12502;30-09-2024;magnus.madsen25@gmail.com;DK;web;ACC-401;Merino socks;2;129;0.0;258.0;completed
12851;30-09-2024;Ida.Madsen39@Mail.Dk;DK;web;JKT-101;Shell jacket;1;1299;0.15;1104.15;completed
10058;01-10-2024;Magnus.Hansen43@Yahoo.Dk;DK;web;BAG-301;Daypack 25L;2;549;0.15;933.3;completed
10814;01-10-2024;Clara.Madsen1@Yahoo.Dk;DK;web;BAG-301;Daypack 25L;1;549;0.1;494.1;completed
10017;03-10-2024;anna.rasmussen69@hotmail.com;SE;web;BAG-301;Daypack 25L;1;549;0.0;549.0;completed
10017;03-10-2024;Anna.Rasmussen69@Hotmail.Com;SE;web;SLP-601;Sleeping bag;2;899;0.0;1798.0;completed
10986;03-10-2024;jonas.andersen86@gmail.com;DK;web;ACC-401;Merino socks;1;129;0.15;109.65;completed
10986;03-10-2024;jonas.andersen86@gmail.com;DK;web;BAG-301;Daypack 25L;1;549;0.15;466.65;completed
10986;03-10-2024;jonas.andersen86@gmail.com;DK;web;JKT-101;Shell jacket;1;1299;0.15;1104.15;completed
10986;03-10-2024;jonas.andersen86@gmail.com;DK;web;BAG-301;Daypack 25L;1;549;0.15;466.65;completed
11396;03-10-2024;Clara.Madsen22@Hotmail.Com;DK;web;ACC-402;Beanie;2;199;0.15;338.3;completed
12026;03-10-2024;;DK;web;BAG-302;Trek pack 60L;1;1499;0.1;1349.1;completed
12730;03-10-2024;anna.rasmussen19@yahoo.dk;DK;app;ACC-403;Headlamp;1;349;0.15;296.65;completed
13040;03-10-2024;Clara.Jensen1@Hotmail.Com;DK;web;BAG-301;Daypack 25L;1;549;0.15;466.65;completed
13040;03-10-2024;Clara.Jensen1@Hotmail.Com;DK;web;ACC-401;Merino socks;2;129;0.15;219.3;completed
13040;03-10-2024;Clara.Jensen1@Hotmail.Com;DK;web;BAG-301;Daypack 25L;1;549;0.15;466.65;completed
11374;04-10-2024;laura.pedersen28@mail.dk;NO;store;ACC-402;Beanie;1;199;0.0;199.0;completed
11397;04-10-2024;clara.madsen22@hotmail.com;DK;web;BAG-301;Daypack 25L;1;549;0.0;549.0;completed
11397;04-10-2024;clara.madsen22@hotmail.com;DK;web;SLP-601;Sleeping bag;1;899;0.0;899.0;completed
12027;04-10-2024;mikkel.jensen53@gmail.com;DK;web;BOT-201;Hiking boots;1;1099;0.15;934.15;completed
10063;05-10-2024;jonas.rasmussen78@outlook.dk;NO;web;JKT-102;Down jacket;1;1899;0.0;1899.0;completed
10063;05-10-2024;jonas.rasmussen78@outlook.dk;NO;web;JKT-101;Shell jacket;1;1299;0.0;1299.0;completed
12144;05-10-2024;freja.pedersen94@yahoo.dk;DK;web;ACC-401;Merino socks;2;129;0.15;219.3;completed
12788;05-10-2024;clara.jensen76@gmail.com;DK;web;JKT-101;Shell jacket;1;1299;0.1;1169.1;completed
12788;05-10-2024;clara.jensen76@gmail.com;DK;web;ACC-402;Beanie;1;199;0.1;179.1;completed
12879;05-10-2024;mette.petersen46@yahoo.dk;SE;app;ACC-403;Headlamp;1;349;0.0;349.0;completed
12879;05-10-2024;mette.petersen46@yahoo.dk;SE;app;JKT-101;Shell jacket;1;1299;0.0;1299.0;completed
10041;06-10-2024;noah.christensen91@yahoo.dk;NO;web;BAG-301;Daypack 25L;2;549;0.0;1098.0;completed
10321;06-10-2024;Lars.Hansen34@Yahoo.Dk;SE;app;BAG-301;Daypack 25L;1;549;0.15;466.65;completed
10321;06-10-2024;lars.hansen34@yahoo.dk;SE;app;JKT-101;Shell jacket;1;1299;0.15;1104.15;completed
10188;08-10-2024;laura.jensen2@mail.dk;DE;web;ACC-402;Beanie;1;199;0.1;179.1;completed
10230;08-10-2024;Freja.Petersen13@Mail.Dk;DK;web;TNT-501;2p tent;2;2499;0.1;4498.2;completed
11699;08-10-2024;Mikkel.Andersen77@Outlook.Dk;DE;web;ACC-401;Merino socks;1;129;0.0;129.0;completed
12145;08-10-2024;freja.pedersen94@yahoo.dk;DK;web;TNT-501;2p tent;1;2499;0.0;2499.0;completed
12958;08-10-2024;sara.rasmussen17@gmail.com;SE;web;JKT-102;Down jacket;1;1899;0.0;1899.0;completed
13006;08-10-2024;ida.larsen83@hotmail.com;DK;web;JKT-101;Shell jacket;1;1299;0.0;1299.0;completed
10115;09-10-2024;mikkel.larsen75@yahoo.dk;DE;store;BAG-301;Daypack 25L;1;549;0.0;549.0;completed
10471;09-10-2024;Sofie.Jensen50@Yahoo.Dk;DE;store;ACC-402;Beanie;1;199;0.0;199.0;completed
10471;09-10-2024;sofie.jensen50@yahoo.dk;DE;store;BAG-301;Daypack 25L;2;549;0.0;1098.0;completed
11946;09-10-2024;freja.petersen54@hotmail.com;DE;web;ACC-401;Merino socks;1;129;0.0;129.0;completed
11946;09-10-2024;freja.petersen54@hotmail.com;DE;web;ACC-402;Beanie;1;199;0.0;199.0;completed
12886;09-10-2024;magnus.pedersen47@outlook.dk;SE;web;ACC-403;Headlamp;2;349;0.0;698.0;completed
12886;09-10-2024;magnus.pedersen47@outlook.dk;SE;web;SLP-601;Sleeping bag;1;899;0.0;899.0;completed
11312;10-10-2024;freja.larsen31@hotmail.com;DE;store;ACC-401;Merino socks;1;129;0.0;129.0;completed
10183;12-10-2024;clara.petersen43@hotmail.com;DK;store;ACC-402;Beanie;1;199;0.0;199.0;completed
10183;12-10-2024;clara.petersen43@hotmail.com;DK;store;ACC-403;Headlamp;1;349;0.0;349.0;completed
12443;12-10-2024;mette.larsen7@outlook.dk;DK;web;ACC-403;Headlamp;1;349;0.15;296.65;completed
12443;12-10-2024;mette.larsen7@outlook.dk;DK;web;BAG-301;Daypack 25L;1;549;0.15;466.65;completed
12277;13-10-2024;Mikkel.Andersen38@Gmail.Com;SE;web;BAG-302;Trek pack 60L;1;1499;0.0;1499.0;completed
12277;13-10-2024;mikkel.andersen38@gmail.com;SE;web;ACC-401;Merino socks;1;129;0.0;129.0;completed
12277;13-10-2024;mikkel.andersen38@gmail.com;SE;web;SLP-601;Sleeping bag;1;899;0.0;899.0;completed
12924;13-10-2024;Ida.Rasmussen6@Yahoo.Dk;DK;app;ACC-403;Headlamp;1;349;0.15;296.65;completed
12924;13-10-2024;ida.rasmussen6@yahoo.dk;DK;app;ACC-402;Beanie;1;199;0.15;169.15;completed
10814;14-10-2024;Clara.Madsen1@Yahoo.Dk;DK;web;BAG-301;Daypack 25L;-1;549;0.1;-494.1;refunded
10002;15-10-2024;lars.rasmussen65@outlook.dk;SE;web;ACC-401;Merino socks;2;129;0.15;219.3;completed
10002;15-10-2024;lars.rasmussen65@outlook.dk;SE;web;ACC-401;Merino socks;2;129;0.15;219.3;completed
11542;15-10-2024;mette.pedersen65@hotmail.com;NO;store;BOT-201;Hiking boots;2;1099;0.0;2198.0;completed
11542;15-10-2024;mette.pedersen65@hotmail.com;NO;store;TNT-501;2p tent;1;2499;0.0;2499.0;completed
11542;15-10-2024;mette.pedersen65@hotmail.com;NO;store;TNT-501;2p tent;1;2499;0.0;2499.0;completed
10551;16-10-2024;Emil.Petersen28@Outlook.Dk;DK;store;TNT-501;2p tent;2;2499;0.1;4498.2;completed
10551;16-10-2024;emil.petersen28@outlook.dk;DK;store;ACC-401;Merino socks;2;129;0.1;232.2;completed
10551;16-10-2024;emil.petersen28@outlook.dk;DK;store;BOT-201;Hiking boots;1;1099;0.1;989.1;completed
11961;16-10-2024;freja.pedersen11@outlook.dk;SE;store;ACC-403;Headlamp;1;349;0.0;349.0;completed
10018;17-10-2024;anna.rasmussen69@hotmail.com;SE;web;ACC-401;Merino socks;2;129;0.0;258.0;completed
10619;17-10-2024;laura.rasmussen95@mail.dk;DK;store;ACC-402;Beanie;2;199;0.15;338.3;completed
10619;17-10-2024;Laura.Rasmussen95@Mail.Dk;DK;store;ACC-401;Merino socks;2;129;0.15;219.3;completed
10785;17-10-2024;freja.jensen94@hotmail.com;DK;app;BAG-301;Daypack 25L;1;549;0.0;549.0;completed
11281;17-10-2024;emil.petersen44@outlook.dk;NO;web;TNT-501;2p tent;1;2499;0.0;2499.0;completed
10405;18-10-2024;sofie.pedersen84@outlook.dk;DK;store;SLP-601;Sleeping bag;1;899;0.1;809.1;completed
10405;18-10-2024;sofie.pedersen84@outlook.dk;DK;store;BOT-201;Hiking boots;1;1099;0.1;989.1;completed
10405;18-10-2024;sofie.pedersen84@outlook.dk;DK;store;ACC-403;Headlamp;2;349;0.1;628.2;completed
10873;18-10-2024;Magnus.Nielsen94@Yahoo.Dk;NO;web;ACC-401;Merino socks;1;129;0.0;129.0;completed
10873;18-10-2024;Magnus.Nielsen94@Yahoo.Dk;NO;web;BOT-201;Hiking boots;2;1099;0.0;2198.0;completed
11272;18-10-2024;Magnus.Jensen39@Yahoo.Dk;DE;web;ACC-403;Headlamp;1;349;0.0;349.0;completed
11272;18-10-2024;Magnus.Jensen39@Yahoo.Dk;DE;web;ACC-401;Merino socks;1;129;0.0;129.0;completed
12552;18-10-2024;clara.petersen59@hotmail.com;DK;web;ACC-402;Beanie;1;199;0.0;199.0;completed
12552;18-10-2024;clara.petersen59@hotmail.com;DK;web;ACC-403;Headlamp;2;349;0.0;698.0;completed
10231;19-10-2024;freja.petersen13@mail.dk;DK;web;TNT-501;2p tent;1;2499;0.1;2249.1;completed
10231;19-10-2024;Freja.Petersen13@Mail.Dk;DK;web;ACC-402;Beanie;1;199;0.1;179.1;completed
11337;19-10-2024;ida.petersen89@outlook.dk;DK;web;SLP-601;Sleeping bag;1;899;0.15;764.15;completed
10189;20-10-2024;Laura.Jensen2@Mail.Dk;DE;web;ACC-401;Merino socks;1;129;0.0;129.0;completed
10772;20-10-2024;noah.pedersen10@mail.dk;DK;web;SLP-601;Sleeping bag;1;899;0.15;764.15;completed
12870;21-10-2024;ida.hansen35@outlook.dk;DK;web;BAG-301;Daypack 25L;2;549;0.1;988.2;completed
10251;22-10-2024;clara.pedersen73@outlook.dk;DK;store;ACC-401;Merino socks;1;129;0.15;109.65;completed
10786;22-10-2024;freja.jensen94@hotmail.com;DK;app;ACC-401;Merino socks;1;129;0.1;116.1;completed
10786;22-10-2024;freja.jensen94@hotmail.com;DK;app;ACC-403;Headlamp;2;349;0.1;628.2;completed
10786;22-10-2024;Freja.Jensen94@Hotmail.Com;DK;app;ACC-402;Beanie;1;199;0.1;179.1;completed
10815;22-10-2024;clara.madsen1@yahoo.dk;DK;web;ACC-401;Merino socks;1;129;0.15;109.65;completed
11624;22-10-2024;laura.jensen10@yahoo.dk;NO;app;SLP-601;Sleeping bag;1;899;0.15;764.15;completed
13070;22-10-2024;Anna.Hansen73@Mail.Dk;DK;web;ACC-401;Merino socks;2;129;0.0;258.0;completed
13070;22-10-2024;anna.hansen73@mail.dk;DK;web;ACC-403;Headlamp;2;349;0.0;698.0;completed
12330;23-10-2024;sara.petersen38@yahoo.dk;NO;web;BOT-201;Hiking boots;1;1099;0.0;1099.0;completed
12330;23-10-2024;sara.petersen38@yahoo.dk;NO;web;ACC-402;Beanie;2;199;0.0;398.0;completed
12330;23-10-2024;sara.petersen38@yahoo.dk;NO;web;JKT-102;Down jacket;1;1899;0.0;1899.0;completed
12511;23-10-2024;mette.andersen63@yahoo.dk;DE;web;ACC-402;Beanie;1;199;0.1;179.1;completed
12511;23-10-2024;Mette.Andersen63@Yahoo.Dk;DE;web;BAG-301;Daypack 25L;2;549;0.1;988.2;completed
13065;23-10-2024;lars.jensen28@gmail.com;DK;web;ACC-402;Beanie;1;199;0.0;199.0;completed
13065;23-10-2024;Lars.Jensen28@Gmail.Com;DK;web;ACC-401;Merino socks;1;129;0.0;129.0;completed
13065;23-10-2024;Lars.Jensen28@Gmail.Com;DK;web;BAG-301;Daypack 25L;1;549;0.0;549.0;completed
10203;24-10-2024;lars.jensen69@outlook.dk;DK;web;BAG-302;Trek pack 60L;2;1499;0.1;2698.2;completed
10203;24-10-2024;lars.jensen69@outlook.dk;DK;web;ACC-403;Headlamp;1;349;0.1;314.1;completed
10203;24-10-2024;lars.jensen69@outlook.dk;DK;web;SLP-601;Sleeping bag;1;899;0.1;809.1;completed
10600;24-10-2024;ida.andersen24@hotmail.com;DK;web;JKT-101;Shell jacket;2;1299;0.0;2598.0;completed
10600;24-10-2024;ida.andersen24@hotmail.com;DK;web;ACC-402;Beanie;1;199;0.0;199.0;completed
10600;24-10-2024;ida.andersen24@hotmail.com;DK;web;ACC-403;Headlamp;1;349;0.0;349.0;completed
11432;24-10-2024;oliver.andersen42@yahoo.dk;NO;app;BOT-201;Hiking boots;1;1099;0.15;934.15;completed
12852;24-10-2024;ida.madsen39@mail.dk;DK;web;ACC-403;Headlamp;1;349;0.0;349.0;completed
12087;25-10-2024;mikkel.rasmussen27@gmail.com;DK;store;ACC-401;Merino socks;1;129;0.0;129.0;completed
12220;25-10-2024;anna.nielsen32@yahoo.dk;SE;web;ACC-402;Beanie;1;199;0.0;199.0;completed
10042;26-10-2024;Noah.Christensen91@Yahoo.Dk;NO;web;SLP-601;Sleeping bag;1;899;0.0;899.0;completed
10673;26-10-2024;ida.madsen91@mail.dk;SE;app;ACC-401;Merino socks;2;129;0.0;258.0;completed
10673;26-10-2024;ida.madsen91@mail.dk;SE;app;BAG-301;Daypack 25L;1;549;0.0;549.0;completed
10673;26-10-2024;ida.madsen91@mail.dk;SE;app;TNT-501;2p tent;2;2499;0.0;4998.0;completed
10673;26-10-2024;ida.madsen91@mail.dk;SE;app;TNT-501;2p tent;2;2499;0.0;4998.0;completed
10695;26-10-2024;Anna.Larsen95@Mail.Dk;DK;web;BAG-301;Daypack 25L;1;549;0.1;494.1;completed
10695;26-10-2024;anna.larsen95@mail.dk;DK;web;ACC-401;Merino socks;1;129;0.1;116.1;completed
10695;26-10-2024;anna.larsen95@mail.dk;DK;web;ACC-403;Headlamp;1;349;0.1;314.1;completed
10695;26-10-2024;Anna.Larsen95@Mail.Dk;DK;web;BAG-301;Daypack 25L;1;549;0.1;494.1;completed
10750;26-10-2024;noah.rasmussen14@hotmail.com;DK;app;ACC-402;Beanie;1;199;0.15;169.15;completed
10750;26-10-2024;noah.rasmussen14@hotmail.com;DK;app;SLP-601;Sleeping bag;2;899;0.15;1528.3;completed
10848;26-10-2024;emil.rasmussen61@gmail.com;DE;app;JKT-101;Shell jacket;2;1299;0.0;2598.0;completed
10674;27-10-2024;ida.madsen91@mail.dk;SE;app;ACC-403;Headlamp;2;349;0.1;628.2;completed
10674;27-10-2024;ida.madsen91@mail.dk;SE;app;ACC-402;Beanie;1;199;0.1;179.1;completed
10674;27-10-2024;ida.madsen91@mail.dk;SE;app;ACC-401;Merino socks;1;129;0.1;116.1;completed
10839;27-10-2024;Emil.Larsen29@Hotmail.Com;DK;web;TNT-501;2p tent;1;2499;0.0;2499.0;completed
12645;27-10-2024;Sofie.Andersen90@Gmail.Com;DK;app;ACC-401;Merino socks;1;129;0.0;129.0;completed
11543;28-10-2024;mette.pedersen65@hotmail.com;NO;store;ACC-401;Merino socks;2;129;0.1;232.2;completed
12398;28-10-2024;anna.petersen51@gmail.com;DK;app;BAG-301;Daypack 25L;1;549;0.1;494.1;completed
12398;28-10-2024;anna.petersen51@gmail.com;DK;app;SLP-601;Sleeping bag;2;899;0.1;1618.2;completed
12561;28-10-2024;jonas.andersen42@hotmail.com;DE;web;BAG-302;Trek pack 60L;1;1499;0.1;1349.1;completed
10555;29-10-2024;noah.christensen30@hotmail.com;DK;web;ACC-402;Beanie;2;199;0.0;398.0;completed
10555;29-10-2024;noah.christensen30@hotmail.com;DK;web;BAG-301;Daypack 25L;2;549;0.0;1098.0;completed
10601;29-10-2024;ida.andersen24@hotmail.com;DK;web;ACC-402;Beanie;1;199;0.0;199.0;completed
12126;29-10-2024;jonas.christensen48@hotmail.com;SE;web;BOT-201;Hiking boots;1;1099;0.0;1099.0;completed
12126;29-10-2024;jonas.christensen48@hotmail.com;SE;web;ACC-401;Merino socks;1;129;0.0;129.0;completed
12126;29-10-2024;jonas.christensen48@hotmail.com;SE;web;JKT-101;Shell jacket;2;1299;0.0;2598.0;completed
12789;29-10-2024;clara.jensen76@gmail.com;DK;web;BAG-302;Trek pack 60L;1;1499;0.0;1499.0;completed
12880;29-10-2024;Mette.Petersen46@Yahoo.Dk;SE;app;JKT-101;Shell jacket;1;1299;0.0;1299.0;completed
12880;29-10-2024;Mette.Petersen46@Yahoo.Dk;SE;app;ACC-402;Beanie;1;199;0.0;199.0;completed
12880;29-10-2024;Mette.Petersen46@Yahoo.Dk;SE;app;ACC-402;Beanie;1;199;0.0;199.0;completed
10190;30-10-2024;laura.jensen2@mail.dk;DE;web;TNT-501;2p tent;1;2499;0.0;2499.0;completed
10190;30-10-2024;laura.jensen2@mail.dk;DE;web;ACC-403;Headlamp;1;349;0.0;349.0;completed
10190;30-10-2024;laura.jensen2@mail.dk;DE;web;SLP-601;Sleeping bag;1;899;0.0;899.0;completed
10406;30-10-2024;sofie.pedersen84@outlook.dk;DK;store;ACC-402;Beanie;1;199;0.0;199.0;completed
11704;30-10-2024;jonas.christensen5@hotmail.com;NO;app;ACC-402;Beanie;1;199;0.1;179.1;completed
11907;30-10-2024;clara.petersen91@outlook.dk;NO;web;ACC-401;Merino socks;1;129;0.1;116.1;completed
12290;30-10-2024;laura.andersen27@mail.dk;SE;web;ACC-403;Headlamp;1;349;0.15;296.65;completed
12290;30-10-2024;laura.andersen27@mail.dk;SE;web;JKT-101;Shell jacket;2;1299;0.15;2208.3;completed
12632;30-10-2024;Emil.Rasmussen96@Gmail.Com;DK;store;SLP-601;Sleeping bag;1;899;0.0;899.0;completed
12681;30-10-2024;laura.rasmussen91@yahoo.dk;DK;web;ACC-401;Merino socks;2;129;0.0;258.0;completed
10204;31-10-2024;lars.jensen69@outlook.dk;DK;web;JKT-102;Down jacket;1;1899;0.1;1709.1;completed
10816;31-10-2024;clara.madsen1@yahoo.dk;DK;web;JKT-102;Down jacket;1;1899;0.0;1899.0;completed
10816;31-10-2024;clara.madsen1@yahoo.dk;DK;web;ACC-401;Merino socks;1;129;0.0;129.0;completed
10816;31-10-2024;clara.madsen1@yahoo.dk;DK;web;ACC-403;Headlamp;1;349;0.0;349.0;completed
10884;31-10-2024;freja.andersen29@outlook.dk;DK;web;BAG-301;Daypack 25L;1;549;0.0;549.0;completed
10884;31-10-2024;freja.andersen29@outlook.dk;DK;web;ACC-402;Beanie;1;199;0.0;199.0;completed
11739;01-11-2024;mette.pedersen98@outlook.dk;NO;web;TNT-501;2p tent;1;2499;0.15;2124.15;completed
12073;01-11-2024;anna.jensen75@hotmail.com;DK;web;ACC-403;Headlamp;1;349;0.0;349.0;completed
12073;01-11-2024;anna.jensen75@hotmail.com;DK;web;BOT-201;Hiking boots;1;1099;0.0;1099.0;completed
12562;01-11-2024;jonas.andersen42@hotmail.com;DE;web;ACC-401;Merino socks;1;129;0.0;129.0;completed
13007;01-11-2024;ida.larsen83@hotmail.com;DK;web;ACC-402;Beanie;1;199;0.1;179.1;completed
11476;02-11-2024;sofie.pedersen55@hotmail.com;DE;store;JKT-101;Shell jacket;2;1299;0.0;2598.0;completed
11743;02-11-2024;Sara.Jensen58@Gmail.Com;SE;web;ACC-401;Merino socks;1;129;0.0;129.0;completed
11743;02-11-2024;Sara.Jensen58@Gmail.Com;SE;web;JKT-102;Down jacket;1;1899;0.0;1899.0;completed
13008;02-11-2024;ida.larsen83@hotmail.com;DK;web;JKT-102;Down jacket;1;1899;0.15;1614.15;completed
13008;02-11-2024;ida.larsen83@hotmail.com;DK;web;SLP-601;Sleeping bag;1;899;0.15;764.15;completed
13008;02-11-2024;ida.larsen83@hotmail.com;DK;web;ACC-401;Merino socks;2;129;0.15;219.3;completed
10817;03-11-2024;clara.madsen1@yahoo.dk;DK;web;SLP-601;Sleeping bag;1;899;0.15;764.15;completed
10043;04-11-2024;Noah.Christensen91@Yahoo.Dk;NO;web;ACC-402;Beanie;2;199;0.1;358.2;completed
10043;04-11-2024;noah.christensen91@yahoo.dk;NO;web;ACC-403;Headlamp;1;349;0.1;314.1;completed
10874;04-11-2024;magnus.nielsen94@yahoo.dk;NO;web;JKT-102;Down jacket;1;1899;0.0;1899.0;completed
10874;04-11-2024;Magnus.Nielsen94@Yahoo.Dk;NO;web;JKT-101;Shell jacket;1;1299;0.0;1299.0;completed
10874;04-11-2024;magnus.nielsen94@yahoo.dk;NO;web;JKT-102;Down jacket;1;1899;0.0;1899.0;completed
11037;04-11-2024;Mikkel.Jensen55@Yahoo.Dk;DK;web;ACC-401;Merino socks;1;129;0.15;109.65;completed
12028;04-11-2024;mikkel.jensen53@gmail.com;DK;web;JKT-102;Down jacket;1;1899;0.1;1709.1;completed
12459;04-11-2024;sara.petersen89@hotmail.com;DK;store;SLP-601;Sleeping bag;1;899;0.0;899.0;completed
12459;04-11-2024;sara.petersen89@hotmail.com;DK;store;ACC-402;Beanie;1;199;0.0;199.0;completed
12592;04-11-2024;mikkel.andersen7@gmail.com;SE;store;SLP-601;Sleeping bag;1;899;0.1;809.1;completed
12592;04-11-2024;mikkel.andersen7@gmail.com;SE;store;BAG-302;Trek pack 60L;1;1499;0.1;1349.1;completed
12592;04-11-2024;mikkel.andersen7@gmail.com;SE;store;ACC-401;Merino socks;1;129;0.1;116.1;completed
11338;05-11-2024;ida.petersen89@outlook.dk;DK;web;ACC-403;Headlamp;1;349;0.0;349.0;completed
10019;06-11-2024;Anna.Rasmussen69@Hotmail.Com;SE;web;ACC-401;Merino socks;1;129;0.0;129.0;completed
10191;06-11-2024;laura.jensen2@mail.dk;DE;web;ACC-403;Headlamp;1;349;0.15;296.65;completed
10920;06-11-2024;laura.larsen75@outlook.dk;DK;web;TNT-501;2p tent;1;2499;0.1;2249.1;completed
10920;06-11-2024;laura.larsen75@outlook.dk;DK;web;SLP-601;Sleeping bag;2;899;0.1;1618.2;completed
10920;06-11-2024;laura.larsen75@outlook.dk;DK;web;ACC-401;Merino socks;2;129;0.1;232.2;completed
12535;06-11-2024;mette.larsen89@yahoo.dk;DK;store;ACC-401;Merino socks;1;129;0.0;129.0;completed
12535;06-11-2024;mette.larsen89@yahoo.dk;DK;store;SLP-601;Sleeping bag;2;899;0.0;1798.0;completed
12833;06-11-2024;clara.nielsen16@outlook.dk;DK;web;ACC-401;Merino socks;1;129;0.15;109.65;completed
11190;07-11-2024;sofie.pedersen80@gmail.com;NO;store;JKT-101;Shell jacket;2;1299;0.0;2598.0;completed
11038;08-11-2024;mikkel.jensen55@yahoo.dk;DK;web;BAG-302;Trek pack 60L;2;1499;0.0;2998.0;completed
11099;08-11-2024;magnus.jensen51@outlook.dk;DK;app;ACC-401;Merino socks;2;129;0.0;258.0;completed
10093;09-11-2024;Magnus.Nielsen73@Yahoo.Dk;NO;web;ACC-403;Headlamp;1;349;0.15;296.65;completed
10875;09-11-2024;Magnus.Nielsen94@Yahoo.Dk;NO;web;JKT-101;Shell jacket;2;1299;0.0;2598.0;completed
10875;09-11-2024;Magnus.Nielsen94@Yahoo.Dk;NO;web;BAG-302;Trek pack 60L;1;1499;0.0;1499.0;completed
10875;09-11-2024;magnus.nielsen94@yahoo.dk;NO;web;JKT-102;Down jacket;1;1899;0.0;1899.0;completed
13034;09-11-2024;Magnus.Pedersen43@Hotmail.Com;DK;web;ACC-401;Merino socks;1;129;0.0;129.0;completed
13034;09-11-2024;magnus.pedersen43@hotmail.com;DK;web;JKT-101;Shell jacket;1;1299;0.0;1299.0;completed
13034;09-11-2024;Magnus.Pedersen43@Hotmail.Com;DK;web;ACC-402;Beanie;1;199;0.0;199.0;completed
10020;10-11-2024;anna.rasmussen69@hotmail.com;SE;web;BAG-301;Daypack 25L;1;549;0.0;549.0;completed
10020;10-11-2024;Anna.Rasmussen69@Hotmail.Com;SE;web;SLP-601;Sleeping bag;1;899;0.0;899.0;completed
10204;10-11-2024;lars.jensen69@outlook.dk;DK;web;JKT-102;Down jacket;-1;1899;0.1;-1709.1;refunded
10586;10-11-2024;mette.christensen66@gmail.com;DE;store;ACC-402;Beanie;1;199;0.15;169.15;completed
10586;10-11-2024;mette.christensen66@gmail.com;DE;store;JKT-101;Shell jacket;1;1299;0.15;1104.15;completed
10750;10-11-2024;noah.rasmussen14@hotmail.com;DK;app;ACC-402;Beanie;-1;199;0.15;-169.15;refunded
11268;10-11-2024;magnus.petersen2@gmail.com;DK;web;ACC-401;Merino socks;1;129;0.0;129.0;completed
12539;10-11-2024;clara.hansen73@yahoo.dk;SE;web;ACC-403;Headlamp;2;349;0.0;698.0;completed
12539;10-11-2024;Clara.Hansen73@Yahoo.Dk;SE;web;ACC-401;Merino socks;1;129;0.0;129.0;completed
13036;10-11-2024;Ida.Christensen33@Yahoo.Dk;DK;web;ACC-402;Beanie;1;199;0.0;199.0;completed
13036;10-11-2024;Ida.Christensen33@Yahoo.Dk;DK;web;ACC-403;Headlamp;1;349;0.0;349.0;completed
10021;11-11-2024;anna.rasmussen69@hotmail.com;SE;web;ACC-401;Merino socks;1;129;0.0;129.0;completed
10021;11-11-2024;Anna.Rasmussen69@Hotmail.Com;SE;web;TNT-501;2p tent;1;2499;0.0;2499.0;completed
10021;11-11-2024;anna.rasmussen69@hotmail.com;SE;web;BOT-201;Hiking boots;1;1099;0.0;1099.0;completed
11066;11-11-2024;emil.larsen52@hotmail.com;DE;store;ACC-401;Merino socks;1;129;0.0;129.0;completed
11066;11-11-2024;emil.larsen52@hotmail.com;DE;store;ACC-403;Headlamp;2;349;0.0;698.0;completed
11066;11-11-2024;emil.larsen52@hotmail.com;DE;store;ACC-402;Beanie;1;199;0.0;199.0;completed
11282;11-11-2024;Emil.Petersen44@Outlook.Dk;NO;web;BOT-201;Hiking boots;1;1099;0.0;1099.0;completed
11282;11-11-2024;emil.petersen44@outlook.dk;NO;web;ACC-402;Beanie;1;199;0.0;199.0;completed
12563;11-11-2024;jonas.andersen42@hotmail.com;DE;web;ACC-401;Merino socks;2;129;0.0;258.0;completed
12690;11-11-2024;laura.nielsen70@mail.dk;DK;app;JKT-101;Shell jacket;1;1299;0.15;1104.15;completed
11445;12-11-2024;anna.madsen15@gmail.com;DK;web;ACC-402;Beanie;2;199;0.15;338.3;completed
11445;12-11-2024;Anna.Madsen15@Gmail.Com;DK;web;ACC-403;Headlamp;1;349;0.15;296.65;completed
12460;12-11-2024;Sara.Petersen89@Hotmail.Com;DK;store;ACC-402;Beanie;2;199;0.15;338.3;completed
12460;12-11-2024;sara.petersen89@hotmail.com;DK;store;BAG-301;Daypack 25L;1;549;0.15;466.65;completed
10116;13-11-2024;mikkel.larsen75@yahoo.dk;DE;store;ACC-401;Merino socks;1;129;0.0;129.0;completed
10453;13-11-2024;noah.hansen13@outlook.dk;SE;store;ACC-403;Headlamp;1;349;0.15;296.65;completed
10896;13-11-2024;jonas.christensen57@gmail.com;DK;app;ACC-401;Merino socks;1;129;0.1;116.1;completed
11882;13-11-2024;Lars.Petersen82@Gmail.Com;DK;web;BOT-201;Hiking boots;1;1099;0.0;1099.0;completed
11882;13-11-2024;lars.petersen82@gmail.com;DK;web;ACC-402;Beanie;1;199;0.0;199.0;completed
12530;13-11-2024;lars.jensen52@mail.dk;DK;app;SLP-601;Sleeping bag;1;899;0.1;809.1;completed
10921;14-11-2024;laura.larsen75@outlook.dk;DK;web;BOT-201;Hiking boots;1;1099;0.1;989.1;completed
11045;14-11-2024;noah.jensen76@outlook.dk;SE;app;ACC-402;Beanie;1;199;0.15;169.15;completed
11045;14-11-2024;noah.jensen76@outlook.dk;SE;app;BAG-301;Daypack 25L;1;549;0.15;466.65;completed
12181;15-11-2024;jonas.larsen9@gmail.com;SE;web;ACC-402;Beanie;2;199;0.0;398.0;completed
12181;15-11-2024;jonas.larsen9@gmail.com;SE;web;BAG-301;Daypack 25L;1;549;0.0;549.0;completed
12181;15-11-2024;jonas.larsen9@gmail.com;SE;web;ACC-401;Merino socks;1;129;0.0;129.0;completed
12331;15-11-2024;Sara.Petersen38@Yahoo.Dk;NO;web;JKT-102;Down jacket;2;1899;0.15;3228.3;completed
12331;15-11-2024;sara.petersen38@yahoo.dk;NO;web;BAG-301;Daypack 25L;1;549;0.15;466.65;completed
12331;15-11-2024;sara.petersen38@yahoo.dk;NO;web;ACC-402;Beanie;1;199;0.15;169.15;completed
12724;15-11-2024;ida.nielsen78@mail.dk;DK;app;ACC-403;Headlamp;1;349;0.1;314.1;completed
10217;16-11-2024;freja.pedersen42@outlook.dk;DE;web;ACC-401;Merino socks;1;129;0.0;129.0;completed
10352;16-11-2024;anna.petersen61@gmail.com;NO;web;ACC-402;Beanie;2;199;0.0;398.0;completed
11666;16-11-2024;clara.larsen32@outlook.dk;NO;store;BOT-201;Hiking boots;2;1099;0.0;2198.0;completed
11666;16-11-2024;clara.larsen32@outlook.dk;NO;store;ACC-401;Merino socks;1;129;0.0;129.0;completed
11994;16-11-2024;oliver.nielsen97@gmail.com;NO;store;ACC-402;Beanie;1;199;0.0;199.0;completed
11994;16-11-2024;oliver.nielsen97@gmail.com;NO;store;JKT-101;Shell jacket;1;1299;0.0;1299.0;completed
10407;17-11-2024;sofie.pedersen84@outlook.dk;DK;store;ACC-402;Beanie;1;199;0.0;199.0;completed
10407;17-11-2024;Sofie.Pedersen84@Outlook.Dk;DK;store;ACC-401;Merino socks;2;129;0.0;258.0;completed
10407;17-11-2024;Sofie.Pedersen84@Outlook.Dk;DK;store;SLP-601;Sleeping bag;1;899;0.0;899.0;completed
10407;17-11-2024;Sofie.Pedersen84@Outlook.Dk;DK;store;ACC-401;Merino socks;2;129;0.0;258.0;completed
10497;17-11-2024;Clara.Petersen7@Gmail.Com;NO;app;ACC-402;Beanie;2;199;0.0;398.0;completed
10257;18-11-2024;Sofie.Jensen26@Gmail.Com;DK;app;JKT-102;Down jacket;2;1899;0.15;3228.3;completed
10257;18-11-2024;sofie.jensen26@gmail.com;DK;app;ACC-401;Merino socks;1;129;0.15;109.65;completed
10818;18-11-2024;Clara.Madsen1@Yahoo.Dk;DK;web;ACC-402;Beanie;1;199;0.15;169.15;completed
12854;18-11-2024;freja.andersen34@outlook.dk;DE;web;ACC-401;Merino socks;1;129;0.0;129.0;completed
12854;18-11-2024;freja.andersen34@outlook.dk;DE;web;JKT-101;Shell jacket;1;1299;0.0;1299.0;completed
12925;18-11-2024;ida.rasmussen6@yahoo.dk;DK;app;BOT-201;Hiking boots;2;1099;0.0;2198.0;completed
12925;18-11-2024;ida.rasmussen6@yahoo.dk;DK;app;JKT-101;Shell jacket;1;1299;0.0;1299.0;completed
10044;19-11-2024;Noah.Christensen91@Yahoo.Dk;NO;web;BAG-302;Trek pack 60L;1;1499;0.0;1499.0;completed
12790;19-11-2024;clara.jensen76@gmail.com;DK;web;ACC-402;Beanie;1;199;0.15;169.15;completed
10547;20-11-2024;Laura.Pedersen32@Yahoo.Dk;NO;web;BOT-201;Hiking boots;1;1099;0.0;1099.0;completed
10547;20-11-2024;laura.pedersen32@yahoo.dk;NO;web;BAG-302;Trek pack 60L;1;1499;0.0;1499.0;completed
11232;20-11-2024;sofie.nielsen2@outlook.dk;DE;store;BOT-201;Hiking boots;1;1099;0.0;1099.0;completed
12682;20-11-2024;laura.rasmussen91@yahoo.dk;DK;web;ACC-402;Beanie;1;199;0.0;199.0;completed
12791;20-11-2024;clara.jensen76@gmail.com;DK;web;JKT-102;Down jacket;1;1899;0.15;1614.15;completed
11995;21-11-2024;oliver.nielsen97@gmail.com;NO;store;JKT-101;Shell jacket;1;1299;0.0;1299.0;completed
11995;21-11-2024;Oliver.Nielsen97@Gmail.Com;NO;store;ACC-403;Headlamp;1;349;0.0;349.0;completed
12029;21-11-2024;Mikkel.Jensen53@Gmail.Com;DK;web;ACC-401;Merino socks;2;129;0.0;258.0;completed
12074;21-11-2024;anna.jensen75@hotmail.com;DK;web;BOT-201;Hiking boots;1;1099;0.0;1099.0;completed
11344;22-11-2024;emil.madsen60@yahoo.dk;DK;web;ACC-402;Beanie;2;199;0.0;398.0;completed
11344;22-11-2024;Emil.Madsen60@Yahoo.Dk;DK;web;SLP-601;Sleeping bag;1;899;0.0;899.0;completed
11344;22-11-2024;emil.madsen60@yahoo.dk;DK;web;JKT-101;Shell jacket;2;1299;0.0;2598.0;completed
11774;22-11-2024;magnus.andersen22@gmail.com;DK;app;BAG-301;Daypack 25L;1;549;0.0;549.0;completed
11774;22-11-2024;magnus.andersen22@gmail.com;DK;app;JKT-102;Down jacket;1;1899;0.0;1899.0;completed
12683;22-11-2024;laura.rasmussen91@yahoo.dk;DK;web;ACC-403;Headlamp;1;349;0.0;349.0;completed
12683;22-11-2024;laura.rasmussen91@yahoo.dk;DK;web;BOT-201;Hiking boots;1;1099;0.0;1099.0;completed
12683;22-11-2024;laura.rasmussen91@yahoo.dk;DK;web;ACC-401;Merino socks;1;129;0.0;129.0;completed
12926;22-11-2024;ida.rasmussen6@yahoo.dk;DK;app;ACC-403;Headlamp;1;349;0.1;314.1;completed
12926;22-11-2024;ida.rasmussen6@yahoo.dk;DK;app;TNT-501;2p tent;1;2499;0.1;2249.1;completed
10129;23-11-2024;Clara.Nielsen20@Gmail.Com;NO;store;TNT-501;2p tent;1;2499;0.1;2249.1;completed
10129;23-11-2024;Clara.Nielsen20@Gmail.Com;NO;store;SLP-601;Sleeping bag;1;899;0.1;809.1;completed
11994;23-11-2024;oliver.nielsen97@gmail.com;NO;store;ACC-402;Beanie;-1;199;0.0;-199.0;refunded
10675;24-11-2024;ida.madsen91@mail.dk;SE;app;BOT-201;Hiking boots;1;1099;0.0;1099.0;completed
11345;24-11-2024;emil.madsen60@yahoo.dk;DK;web;SLP-601;Sleeping bag;1;899;0.0;899.0;completed
11638;24-11-2024;Laura.Nielsen55@Outlook.Dk;DE;app;BAG-301;Daypack 25L;1;549;0.0;549.0;completed
12691;24-11-2024;Laura.Nielsen70@Mail.Dk;DK;app;ACC-401;Merino socks;1;129;0.0;129.0;completed
12691;24-11-2024;Laura.Nielsen70@Mail.Dk;DK;app;BAG-301;Daypack 25L;2;549;0.0;1098.0;completed
12691;24-11-2024;laura.nielsen70@mail.dk;DK;app;SLP-601;Sleeping bag;1;899;0.0;899.0;completed
10066;25-11-2024;;SE;web;ACC-401;Merino socks;1;129;0.0;129.0;completed
10544;25-11-2024;oliver.christensen79@hotmail.com;SE;store;BOT-201;Hiking boots;1;1099;0.1;989.1;completed
10819;26-11-2024;;DK;web;ACC-402;Beanie;1;199;0.0;199.0;completed
10819;26-11-2024;;DK;web;ACC-401;Merino socks;1;129;0.0;129.0;completed
12420;26-11-2024;Mikkel.Petersen19@Gmail.Com;NO;web;ACC-402;Beanie;1;199;0.0;199.0;completed
10254;27-11-2024;sofie.larsen12@mail.dk;DK;web;ACC-402;Beanie;1;199;0.0;199.0;completed
10254;27-11-2024;sofie.larsen12@mail.dk;DK;web;BAG-302;Trek pack 60L;1;1499;0.0;1499.0;completed
10764;28-11-2024;oliver.larsen75@hotmail.com;DK;app;ACC-403;Headlamp;1;349;0.0;349.0;completed
10764;28-11-2024;oliver.larsen75@hotmail.com;DK;app;ACC-401;Merino socks;1;129;0.0;129.0;completed
10885;28-11-2024;freja.andersen29@outlook.dk;DK;web;ACC-403;Headlamp;1;349;0.0;349.0;completed
11166;28-11-2024;Mette.Madsen65@Hotmail.Com;DK;app;ACC-403;Headlamp;2;349;0.1;628.2;completed
11166;28-11-2024;mette.madsen65@hotmail.com;DK;app;BAG-302;Trek pack 60L;1;1499;0.1;1349.1;completed
10376;29-11-2024;ida.rasmussen71@outlook.dk;DK;app;ACC-401;Merino socks;2;129;0.0;258.0;completed
10376;29-11-2024;ida.rasmussen71@outlook.dk;DK;app;ACC-403;Headlamp;1;349;0.0;349.0;completed
10498;29-11-2024;clara.petersen7@gmail.com;NO;app;ACC-402;Beanie;1;199;0.0;199.0;completed
10761;29-11-2024;jonas.andersen68@outlook.dk;NO;web;ACC-401;Merino socks;1;129;0.0;129.0;completed
10761;29-11-2024;jonas.andersen68@outlook.dk;NO;web;BOT-201;Hiking boots;1;1099;0.0;1099.0;completed
10761;29-11-2024;Jonas.Andersen68@Outlook.Dk;NO;web;ACC-402;Beanie;2;199;0.0;398.0;completed
10820;29-11-2024;clara.madsen1@yahoo.dk;DK;web;BAG-302;Trek pack 60L;1;1499;0.0;1499.0;completed
12022;29-11-2024;anna.pedersen53@gmail.com;DK;web;ACC-401;Merino socks;1;129;0.0;129.0;completed
11346;30-11-2024;Emil.Madsen60@Yahoo.Dk;DK;web;ACC-401;Merino socks;1;129;0.0;129.0;completed
11346;30-11-2024;emil.madsen60@yahoo.dk;DK;web;BOT-201;Hiking boots;1;1099;0.0;1099.0;completed
12023;30-11-2024;anna.pedersen53@gmail.com;DK;web;ACC-402;Beanie;1;199;0.15;169.15;completed
12291;30-11-2024;laura.andersen27@mail.dk;SE;web;ACC-402;Beanie;1;199;0.0;199.0;completed
12291;30-11-2024;Laura.Andersen27@Mail.Dk;SE;web;SLP-601;Sleeping bag;1;899;0.0;899.0;completed
12291;30-11-2024;Laura.Andersen27@Mail.Dk;SE;web;ACC-403;Headlamp;1;349;0.0;349.0;completed
12633;30-11-2024;emil.rasmussen96@gmail.com;DK;store;ACC-403;Headlamp;1;349;0.0;349.0;completed
12633;30-11-2024;Emil.Rasmussen96@Gmail.Com;DK;store;ACC-401;Merino socks;1;129;0.0;129.0;completed
10672;01-12-2024;Mikkel.Christensen71@Mail.Dk;DK;store;ACC-401;Merino socks;1;129;0.1;116.1;completed
10672;01-12-2024;mikkel.christensen71@mail.dk;DK;store;BOT-201;Hiking boots;2;1099;0.1;1978.2;completed
10978;01-12-2024;sara.hansen54@outlook.dk;DK;web;ACC-403;Headlamp;1;349;0.0;349.0;completed
10978;01-12-2024;Sara.Hansen54@Outlook.Dk;DK;web;SLP-601;Sleeping bag;2;899;0.0;1798.0;completed
10978;01-12-2024;sara.hansen54@outlook.dk;DK;web;JKT-102;Down jacket;1;1899;0.0;1899.0;completed
12692;01-12-2024;laura.nielsen70@mail.dk;DK;app;ACC-403;Headlamp;1;349;0.0;349.0;completed
12692;01-12-2024;Laura.Nielsen70@Mail.Dk;DK;app;ACC-402;Beanie;1;199;0.0;199.0;completed
10347;02-12-2024;oliver.madsen35@mail.dk;NO;app;ACC-402;Beanie;1;199;0.1;179.1;completed
10347;02-12-2024;Oliver.Madsen35@Mail.Dk;NO;app;JKT-102;Down jacket;1;1899;0.1;1709.1;completed
10472;02-12-2024;sofie.jensen50@yahoo.dk;DE;store;ACC-403;Headlamp;1;349;0.1;314.1;completed
12712;02-12-2024;mikkel.jensen28@mail.dk;DK;app;BOT-201;Hiking boots;2;1099;0.0;2198.0;completed
12712;02-12-2024;mikkel.jensen28@mail.dk;DK;app;BAG-302;Trek pack 60L;1;1499;0.0;1499.0;completed
12826;02-12-2024;Oliver.Pedersen62@Mail.Dk;DK;web;TNT-501;2p tent;1;2499;0.1;2249.1;completed
11430;03-12-2024;ida.christensen11@outlook.dk;SE;app;ACC-401;Merino socks;1;129;0.1;116.1;completed
11430;03-12-2024;ida.christensen11@outlook.dk;SE;app;JKT-101;Shell jacket;1;1299;0.1;1169.1;completed
11544;03-12-2024;mette.pedersen65@hotmail.com;NO;store;ACC-403;Headlamp;1;349;0.1;314.1;completed
11544;03-12-2024;mette.pedersen65@hotmail.com;NO;store;ACC-401;Merino socks;1;129;0.1;116.1;completed
10045;04-12-2024;Noah.Christensen91@Yahoo.Dk;NO;web;BAG-302;Trek pack 60L;1;1499;0.15;1274.15;completed
10876;04-12-2024;Magnus.Nielsen94@Yahoo.Dk;NO;web;JKT-102;Down jacket;1;1899;0.15;1614.15;completed
11632;04-12-2024;ida.hansen74@mail.dk;NO;store;BAG-301;Daypack 25L;1;549;0.0;549.0;completed
11632;04-12-2024;ida.hansen74@mail.dk;NO;store;JKT-101;Shell jacket;2;1299;0.0;2598.0;completed
12029;04-12-2024;Mikkel.Jensen53@Gmail.Com;DK;web;ACC-401;Merino socks;-2;129;0.0;-258.0;refunded
10564;05-12-2024;laura.jensen39@hotmail.com;DK;app;ACC-403;Headlamp;2;349;0.0;698.0;completed
10564;05-12-2024;Laura.Jensen39@Hotmail.Com;DK;app;BAG-302;Trek pack 60L;2;1499;0.0;2998.0;completed
10564;05-12-2024;laura.jensen39@hotmail.com;DK;app;ACC-401;Merino socks;1;129;0.0;129.0;completed
12998;05-12-2024;Ida.Petersen78@Hotmail.Com;DK;web;BOT-201;Hiking boots;1;1099;0.0;1099.0;completed
12998;05-12-2024;Ida.Petersen78@Hotmail.Com;DK;web;ACC-401;Merino socks;1;129;0.0;129.0;completed
12661;06-12-2024;emil.madsen41@hotmail.com;NO;store;ACC-401;Merino socks;1;129;0.15;109.65;completed
12661;06-12-2024;emil.madsen41@hotmail.com;NO;store;ACC-403;Headlamp;2;349;0.15;593.3;completed
12768;06-12-2024;;DE;web;ACC-402;Beanie;1;199;0.0;199.0;completed
12768;06-12-2024;;DE;web;ACC-401;Merino socks;1;129;0.0;129.0;completed
12768;06-12-2024;;DE;web;BOT-201;Hiking boots;2;1099;0.0;2198.0;completed
10609;07-12-2024;anna.hansen39@mail.dk;DK;app;JKT-101;Shell jacket;1;1299;0.1;1169.1;completed
11612;07-12-2024;clara.nielsen97@outlook.dk;NO;app;BAG-302;Trek pack 60L;1;1499;0.0;1499.0;completed
11612;07-12-2024;clara.nielsen97@outlook.dk;NO;app;BAG-301;Daypack 25L;1;549;0.0;549.0;completed
11612;07-12-2024;clara.nielsen97@outlook.dk;NO;app;BAG-302;Trek pack 60L;1;1499;0.0;1499.0;completed
11639;07-12-2024;Laura.Nielsen55@Outlook.Dk;DE;app;ACC-402;Beanie;1;199;0.1;179.1;completed
12075;07-12-2024;anna.jensen75@hotmail.com;DK;web;ACC-401;Merino socks;1;129;0.0;129.0;completed
12075;07-12-2024;Anna.Jensen75@Hotmail.Com;DK;web;ACC-402;Beanie;1;199;0.0;199.0;completed
12075;07-12-2024;anna.jensen75@hotmail.com;DK;web;BAG-301;Daypack 25L;1;549;0.0;549.0;completed
12075;07-12-2024;anna.jensen75@hotmail.com;DK;web;ACC-401;Merino socks;1;129;0.0;129.0;completed
12834;07-12-2024;Clara.Nielsen16@Outlook.Dk;DK;web;ACC-402;Beanie;1;199;0.1;179.1;completed
12834;07-12-2024;clara.nielsen16@outlook.dk;DK;web;ACC-403;Headlamp;1;349;0.1;314.1;completed
10676;08-12-2024;Ida.Madsen91@Mail.Dk;SE;app;ACC-403;Headlamp;1;349;0.0;349.0;completed
11147;08-12-2024;freja.christensen88@hotmail.com;DK;app;ACC-402;Beanie;1;199;0.1;179.1;completed
11912;08-12-2024;oliver.pedersen79@gmail.com;DK;web;SLP-601;Sleeping bag;1;899;0.0;899.0;completed
12024;08-12-2024;Anna.Pedersen53@Gmail.Com;DK;web;SLP-601;Sleeping bag;1;899;0.0;899.0;completed
12024;08-12-2024;anna.pedersen53@gmail.com;DK;web;ACC-402;Beanie;1;199;0.0;199.0;completed
10751;09-12-2024;noah.rasmussen14@hotmail.com;DK;app;ACC-401;Merino socks;1;129;0.0;129.0;completed
11691;09-12-2024;clara.larsen44@mail.dk;DE;store;SLP-601;Sleeping bag;1;899;0.0;899.0;completed
11691;09-12-2024;clara.larsen44@mail.dk;DE;store;ACC-401;Merino socks;1;129;0.0;129.0;completed
11788;09-12-2024;jonas.petersen54@mail.dk;DE;web;JKT-102;Down jacket;2;1899;0.0;3798.0;completed
11788;09-12-2024;jonas.petersen54@mail.dk;DE;web;ACC-402;Beanie;1;199;0.0;199.0;completed
11788;09-12-2024;jonas.petersen54@mail.dk;DE;web;ACC-401;Merino socks;1;129;0.0;129.0;completed
12977;09-12-2024;clara.petersen73@outlook.dk;DE;web;BOT-201;Hiking boots;1;1099;0.0;1099.0;completed
12977;09-12-2024;Clara.Petersen73@Outlook.Dk;DE;web;SLP-601;Sleeping bag;1;899;0.0;899.0;completed
10379;10-12-2024;sara.petersen58@gmail.com;NO;web;JKT-101;Shell jacket;1;1299;0.15;1104.15;completed
11167;10-12-2024;Mette.Madsen65@Hotmail.Com;DK;app;BAG-302;Trek pack 60L;1;1499;0.0;1499.0;completed
11856;11-12-2024;Noah.Madsen19@Outlook.Dk;DK;web;ACC-401;Merino socks;2;129;0.0;258.0;completed
11856;11-12-2024;noah.madsen19@outlook.dk;DK;web;SLP-601;Sleeping bag;1;899;0.0;899.0;completed
12367;11-12-2024;Jonas.Christensen68@Yahoo.Dk;DK;web;BAG-301;Daypack 25L;1;549;0.1;494.1;completed
12409;11-12-2024;lars.petersen49@outlook.dk;DK;store;ACC-402;Beanie;2;199;0.1;358.2;completed
12409;11-12-2024;lars.petersen49@outlook.dk;DK;store;SLP-601;Sleeping bag;2;899;0.1;1618.2;completed
12409;11-12-2024;lars.petersen49@outlook.dk;DK;store;ACC-401;Merino socks;1;129;0.1;116.1;completed
10046;12-12-2024;noah.christensen91@yahoo.dk;NO;web;ACC-401;Merino socks;1;129;0.1;116.1;completed
10046;12-12-2024;noah.christensen91@yahoo.dk;NO;web;JKT-101;Shell jacket;2;1299;0.1;2338.2;completed
10046;12-12-2024;noah.christensen91@yahoo.dk;NO;web;BOT-201;Hiking boots;1;1099;0.1;989.1;completed
10067;12-12-2024;freja.jensen46@mail.dk;SE;web;BAG-302;Trek pack 60L;1;1499;0.1;1349.1;completed
11446;12-12-2024;anna.madsen15@gmail.com;DK;web;SLP-601;Sleeping bag;1;899;0.0;899.0;completed
11787;12-12-2024;;DE;web;ACC-401;Merino socks;2;129;0.0;258.0;completed
12299;12-12-2024;freja.hansen62@hotmail.com;NO;web;SLP-601;Sleeping bag;1;899;0.0;899.0;completed
12299;12-12-2024;Freja.Hansen62@Hotmail.Com;NO;web;ACC-401;Merino socks;1;129;0.0;129.0;completed
12299;12-12-2024;freja.hansen62@hotmail.com;NO;web;ACC-403;Headlamp;1;349;0.0;349.0;completed
12776;12-12-2024;Oliver.Nielsen31@Outlook.Dk;DK;web;JKT-102;Down jacket;1;1899;0.1;1709.1;completed
12776;12-12-2024;oliver.nielsen31@outlook.dk;DK;web;ACC-402;Beanie;2;199;0.1;358.2;completed
12776;12-12-2024;oliver.nielsen31@outlook.dk;DK;web;BOT-201;Hiking boots;1;1099;0.1;989.1;completed
10022;13-12-2024;anna.rasmussen69@hotmail.com;SE;web;BAG-301;Daypack 25L;1;549;0.0;549.0;completed
10022;13-12-2024;anna.rasmussen69@hotmail.com;SE;web;ACC-403;Headlamp;1;349;0.0;349.0;completed
10886;13-12-2024;freja.andersen29@outlook.dk;DK;web;ACC-401;Merino socks;1;129;0.1;116.1;completed
10922;13-12-2024;;DK;web;ACC-401;Merino socks;1;129;0.0;129.0;completed
12117;13-12-2024;Freja.Hansen84@Gmail.Com;DK;web;JKT-101;Shell jacket;1;1299;0.15;1104.15;completed
12041;14-12-2024;oliver.petersen70@outlook.dk;SE;app;ACC-403;Headlamp;1;349;0.0;349.0;completed
10570;15-12-2024;Clara.Hansen90@Yahoo.Dk;DK;store;ACC-401;Merino socks;1;129;0.1;116.1;completed
10602;15-12-2024;;DK;web;BAG-302;Trek pack 60L;1;1499;0.0;1499.0;completed
10602;15-12-2024;;DK;web;BAG-301;Daypack 25L;2;549;0.0;1098.0;completed
10793;15-12-2024;ida.pedersen97@hotmail.com;DK;store;ACC-401;Merino socks;1;129;0.1;116.1;completed
10793;15-12-2024;Ida.Pedersen97@Hotmail.Com;DK;store;BAG-302;Trek pack 60L;1;1499;0.1;1349.1;completed
10793;15-12-2024;ida.pedersen97@hotmail.com;DK;store;ACC-402;Beanie;1;199;0.1;179.1;completed
12458;15-12-2024;;DK;web;BAG-302;Trek pack 60L;2;1499;0.1;2698.2;completed
10979;16-12-2024;sara.hansen54@outlook.dk;DK;web;JKT-102;Down jacket;2;1899;0.0;3798.0;completed
11283;16-12-2024;Emil.Petersen44@Outlook.Dk;NO;web;BAG-302;Trek pack 60L;1;1499;0.1;1349.1;completed
11283;16-12-2024;emil.petersen44@outlook.dk;NO;web;BOT-201;Hiking boots;1;1099;0.1;989.1;completed
12332;16-12-2024;Sara.Petersen38@Yahoo.Dk;NO;web;ACC-401;Merino socks;2;129;0.0;258.0;completed
12332;16-12-2024;Sara.Petersen38@Yahoo.Dk;NO;web;ACC-403;Headlamp;1;349;0.0;349.0;completed
10023;17-12-2024;anna.rasmussen69@hotmail.com;SE;web;SLP-601;Sleeping bag;1;899;0.1;809.1;completed
10023;17-12-2024;anna.rasmussen69@hotmail.com;SE;web;ACC-402;Beanie;2;199;0.1;358.2;completed
10113;17-12-2024;anna.madsen73@mail.dk;DK;web;ACC-402;Beanie;1;199;0.0;199.0;completed
10113;17-12-2024;anna.madsen73@mail.dk;DK;web;JKT-102;Down jacket;1;1899;0.0;1899.0;completed
12118;17-12-2024;freja.hansen84@gmail.com;DK;web;BAG-302;Trek pack 60L;1;1499;0.0;1499.0;completed
12118;17-12-2024;freja.hansen84@gmail.com;DK;web;ACC-403;Headlamp;2;349;0.0;698.0;completed
11205;18-12-2024;Anna.Jensen57@Hotmail.Com;SE;web;ACC-403;Headlamp;1;349;0.0;349.0;completed
11205;18-12-2024;anna.jensen57@hotmail.com;SE;web;BAG-302;Trek pack 60L;1;1499;0.0;1499.0;completed
10587;19-12-2024;mette.christensen66@gmail.com;DE;store;JKT-101;Shell jacket;1;1299;0.0;1299.0;completed
10811;19-12-2024;mette.andersen46@hotmail.com;DE;web;SLP-601;Sleeping bag;1;899;0.0;899.0;completed
11640;19-12-2024;laura.nielsen55@outlook.dk;DE;app;TNT-501;2p tent;1;2499;0.0;2499.0;completed
11640;19-12-2024;laura.nielsen55@outlook.dk;DE;app;ACC-403;Headlamp;1;349;0.0;349.0;completed
11094;20-12-2024;magnus.madsen56@yahoo.dk;SE;web;ACC-401;Merino socks;1;129;0.15;109.65;completed
11094;20-12-2024;magnus.madsen56@yahoo.dk;SE;web;ACC-402;Beanie;2;199;0.15;338.3;completed
11602;20-12-2024;mette.nielsen10@yahoo.dk;DK;store;SLP-601;Sleeping bag;2;899;0.15;1528.3;completed
11766;20-12-2024;lars.larsen42@mail.dk;DK;store;ACC-402;Beanie;1;199;0.1;179.1;completed
12085;20-12-2024;lars.christensen91@mail.dk;DK;web;JKT-101;Shell jacket;1;1299;0.0;1299.0;completed
12884;20-12-2024;Oliver.Larsen33@Mail.Dk;DK;web;ACC-401;Merino socks;1;129;0.0;129.0;completed
12884;20-12-2024;Oliver.Larsen33@Mail.Dk;DK;web;BAG-301;Daypack 25L;1;549;0.0;549.0;completed
11777;21-12-2024;noah.pedersen92@mail.dk;NO;web;BAG-302;Trek pack 60L;1;1499;0.0;1499.0;completed
12461;21-12-2024;sara.petersen89@hotmail.com;DK;store;JKT-101;Shell jacket;2;1299;0.0;2598.0;completed
12461;21-12-2024;sara.petersen89@hotmail.com;DK;store;ACC-402;Beanie;1;199;0.0;199.0;completed
10192;22-12-2024;laura.jensen2@mail.dk;DE;web;ACC-402;Beanie;1;199;0.0;199.0;completed
10192;22-12-2024;laura.jensen2@mail.dk;DE;web;BAG-302;Trek pack 60L;1;1499;0.0;1499.0;completed
10192;22-12-2024;Laura.Jensen2@Mail.Dk;DE;web;ACC-401;Merino socks;1;129;0.0;129.0;completed
10870;22-12-2024;sofie.hansen20@mail.dk;SE;web;BAG-302;Trek pack 60L;1;1499;0.15;1274.15;completed
10870;22-12-2024;sofie.hansen20@mail.dk;SE;web;ACC-403;Headlamp;1;349;0.15;296.65;completed
10870;22-12-2024;sofie.hansen20@mail.dk;SE;web;ACC-401;Merino socks;1;129;0.15;109.65;completed
11641;22-12-2024;;DE;app;JKT-102;Down jacket;2;1899;0.1;3418.2;completed
11671;22-12-2024;noah.jensen4@mail.dk;DK;web;ACC-401;Merino socks;1;129;0.1;116.1;completed
12146;22-12-2024;Freja.Pedersen94@Yahoo.Dk;DK;web;ACC-403;Headlamp;1;349;0.15;296.65;completed
12146;22-12-2024;freja.pedersen94@yahoo.dk;DK;web;ACC-401;Merino socks;1;129;0.15;109.65;completed
11416;23-12-2024;;SE;store;BAG-301;Daypack 25L;1;549;0.0;549.0;completed
11416;23-12-2024;;SE;store;ACC-402;Beanie;1;199;0.0;199.0;completed
12396;23-12-2024;Mette.Larsen42@Outlook.Dk;DE;web;BAG-301;Daypack 25L;1;549;0.1;494.1;completed
12396;23-12-2024;Mette.Larsen42@Outlook.Dk;DE;web;BOT-201;Hiking boots;1;1099;0.1;989.1;completed
12396;23-12-2024;mette.larsen42@outlook.dk;DE;web;ACC-403;Headlamp;2;349;0.1;628.2;completed
12777;23-12-2024;Oliver.Nielsen31@Outlook.Dk;DK;web;JKT-101;Shell jacket;1;1299;0.0;1299.0;completed
13041;23-12-2024;clara.jensen1@hotmail.com;DK;web;BAG-301;Daypack 25L;1;549;0.0;549.0;completed
13041;23-12-2024;clara.jensen1@hotmail.com;DK;web;JKT-101;Shell jacket;1;1299;0.0;1299.0;completed
13041;23-12-2024;clara.jensen1@hotmail.com;DK;web;ACC-401;Merino socks;1;129;0.0;129.0;completed
13041;23-12-2024;clara.jensen1@hotmail.com;DK;web;ACC-401;Merino socks;1;129;0.0;129.0;completed
10338;24-12-2024;mikkel.pedersen36@hotmail.com;DK;web;ACC-402;Beanie;2;199;0.15;338.3;completed
10338;24-12-2024;mikkel.pedersen36@hotmail.com;DK;web;ACC-403;Headlamp;1;349;0.15;296.65;completed
11273;24-12-2024;Magnus.Jensen39@Yahoo.Dk;DE;web;ACC-401;Merino socks;1;129;0.0;129.0;completed
11273;24-12-2024;magnus.jensen39@yahoo.dk;DE;web;SLP-601;Sleeping bag;1;899;0.0;899.0;completed
12540;24-12-2024;Clara.Hansen73@Yahoo.Dk;SE;web;ACC-401;Merino socks;2;129;0.0;258.0;completed
12803;24-12-2024;anna.pedersen23@hotmail.com;DK;store;BAG-301;Daypack 25L;1;549;0.0;549.0;completed
13009;24-12-2024;ida.larsen83@hotmail.com;DK;web;ACC-403;Headlamp;1;349;0.0;349.0;completed
10877;25-12-2024;magnus.nielsen94@yahoo.dk;NO;web;JKT-102;Down jacket;1;1899;0.0;1899.0;completed
10877;25-12-2024;Magnus.Nielsen94@Yahoo.Dk;NO;web;ACC-402;Beanie;2;199;0.0;398.0;completed
11056;25-12-2024;;DK;web;ACC-401;Merino socks;1;129;0.0;129.0;completed
11856;25-12-2024;Noah.Madsen19@Outlook.Dk;DK;web;ACC-401;Merino socks;-2;129;0.0;-258.0;refunded
10205;26-12-2024;lars.jensen69@outlook.dk;DK;web;ACC-402;Beanie;1;199;0.0;199.0;completed
10205;26-12-2024;lars.jensen69@outlook.dk;DK;web;ACC-401;Merino socks;2;129;0.0;258.0;completed
12025;26-12-2024;anna.pedersen53@gmail.com;DK;web;BAG-301;Daypack 25L;1;549;0.0;549.0;completed
12025;26-12-2024;anna.pedersen53@gmail.com;DK;web;BAG-302;Trek pack 60L;1;1499;0.0;1499.0;completed
12025;26-12-2024;anna.pedersen53@gmail.com;DK;web;ACC-403;Headlamp;1;349;0.0;349.0;completed
10187;27-12-2024;Mette.Petersen68@Hotmail.Com;DE;app;BAG-302;Trek pack 60L;1;1499;0.0;1499.0;completed
10303;27-12-2024;sofie.andersen3@hotmail.com;DE;web;ACC-401;Merino socks;1;129;0.15;109.65;completed
11947;27-12-2024;freja.petersen54@hotmail.com;DE;web;ACC-401;Merino socks;1;129;0.15;109.65;completed
12463;27-12-2024;sofie.rasmussen83@hotmail.com;DK;store;BAG-301;Daypack 25L;1;549;0.0;549.0;completed
10103;28-12-2024;Sofie.Madsen52@Hotmail.Com;DK;web;ACC-403;Headlamp;2;349;0.1;628.2;completed
10103;28-12-2024;sofie.madsen52@hotmail.com;DK;web;ACC-401;Merino socks;1;129;0.1;116.1;completed
11448;28-12-2024;freja.madsen9@mail.dk;DE;store;ACC-401;Merino socks;2;129;0.1;232.2;completed
11642;28-12-2024;Laura.Nielsen55@Outlook.Dk;DE;app;ACC-402;Beanie;1;199;0.1;179.1;completed
11642;28-12-2024;laura.nielsen55@outlook.dk;DE;app;BAG-301;Daypack 25L;2;549;0.1;988.2;completed
11795;28-12-2024;ida.jensen69@gmail.com;DK;web;TNT-501;2p tent;1;2499;0.0;2499.0;completed
11795;28-12-2024;ida.jensen69@gmail.com;DK;web;ACC-401;Merino socks;1;129;0.0;129.0;completed
11795;28-12-2024;Ida.Jensen69@Gmail.Com;DK;web;ACC-402;Beanie;1;199;0.0;199.0;completed
12227;28-12-2024;laura.rasmussen80@mail.dk;NO;web;ACC-401;Merino socks;2;129;0.15;219.3;completed
12227;28-12-2024;Laura.Rasmussen80@Mail.Dk;NO;web;ACC-402;Beanie;1;199;0.15;169.15;completed
10821;29-12-2024;clara.madsen1@yahoo.dk;DK;web;ACC-402;Beanie;1;199;0.0;199.0;completed
11067;29-12-2024;Emil.Larsen52@Hotmail.Com;DE;store;ACC-403;Headlamp;1;349;0.0;349.0;completed
11067;29-12-2024;Emil.Larsen52@Hotmail.Com;DE;store;ACC-402;Beanie;2;199;0.0;398.0;completed
11477;29-12-2024;sofie.pedersen55@hotmail.com;DE;store;ACC-401;Merino socks;1;129;0.0;129.0;completed
11477;29-12-2024;Sofie.Pedersen55@Hotmail.Com;DE;store;TNT-501;2p tent;1;2499;0.0;2499.0;completed
11587;29-12-2024;emil.andersen69@mail.dk;NO;web;BAG-301;Daypack 25L;1;549;0.0;549.0;completed
11587;29-12-2024;emil.andersen69@mail.dk;NO;web;JKT-102;Down jacket;1;1899;0.0;1899.0;completed
11948;29-12-2024;freja.petersen54@hotmail.com;DE;web;ACC-402;Beanie;1;199;0.1;179.1;completed
11948;29-12-2024;Freja.Petersen54@Hotmail.Com;DE;web;BAG-301;Daypack 25L;1;549;0.1;494.1;completed
12368;29-12-2024;jonas.christensen68@yahoo.dk;DK;web;BAG-302;Trek pack 60L;1;1499;0.15;1274.15;completed
12585;29-12-2024;lars.christensen4@yahoo.dk;DK;web;ACC-403;Headlamp;2;349;0.0;698.0;completed
12792;29-12-2024;Clara.Jensen76@Gmail.Com;DK;web;ACC-403;Headlamp;1;349;0.0;349.0;completed
10024;30-12-2024;Anna.Rasmussen69@Hotmail.Com;SE;web;ACC-401;Merino socks;1;129;0.1;116.1;completed
10104;30-12-2024;sofie.madsen52@hotmail.com;DK;web;ACC-402;Beanie;1;199;0.1;179.1;completed
10104;30-12-2024;Sofie.Madsen52@Hotmail.Com;DK;web;BOT-201;Hiking boots;1;1099;0.1;989.1;completed
10104;30-12-2024;sofie.madsen52@hotmail.com;DK;web;ACC-401;Merino socks;1;129;0.1;116.1;completed
12586;30-12-2024;Lars.Christensen4@Yahoo.Dk;DK;web;JKT-102;Down jacket;1;1899;0.0;1899.0;completed
12853;30-12-2024;Ida.Madsen39@Mail.Dk;DK;web;ACC-401;Merino socks;1;129;0.0;129.0;completed
12853;30-12-2024;ida.madsen39@mail.dk;DK;web;SLP-601;Sleeping bag;1;899;0.0;899.0;completed
10046;31-12-2024;noah.christensen91@yahoo.dk;NO;web;ACC-401;Merino socks;-1;129;0.1;-116.1;refunded
10105;31-12-2024;sofie.madsen52@hotmail.com;DK;web;BAG-302;Trek pack 60L;1;1499;0.15;1274.15;completed
10105;31-12-2024;sofie.madsen52@hotmail.com;DK;web;JKT-102;Down jacket;1;1899;0.15;1614.15;completed
11441;31-12-2024;emil.andersen50@hotmail.com;NO;app;BAG-302;Trek pack 60L;2;1499;0.0;2998.0;completed
11441;31-12-2024;emil.andersen50@hotmail.com;NO;app;JKT-101;Shell jacket;2;1299;0.0;2598.0;completed
12316;31-12-2024;anna.hansen35@yahoo.dk;DK;web;ACC-402;Beanie;1;199;0.0;199.0;completed
12316;31-12-2024;Anna.Hansen35@Yahoo.Dk;DK;web;JKT-102;Down jacket;1;1899;0.0;1899.0;completed
12316;31-12-2024;anna.hansen35@yahoo.dk;DK;web;BOT-201;Hiking boots;2;1099;0.0;2198.0;completed
12884;31-12-2024;Oliver.Larsen33@Mail.Dk;DK;web;ACC-401;Merino socks;-1;129;0.0;-129.0;refunded
13066;31-12-2024;Lars.Jensen28@Gmail.Com;DK;web;ACC-403;Headlamp;1;349;0.1;314.1;completed
13066;31-12-2024;lars.jensen28@gmail.com;DK;web;BAG-301;Daypack 25L;2;549;0.1;988.2;completed
10130;02-01-2025;noah.petersen53@gmail.com;DK;web;ACC-401;Merino socks;1;129;0.0;129.0;completed
11220;02-01-2025;sara.christensen46@gmail.com;SE;web;ACC-401;Merino socks;2;129;0.0;258.0;completed
11220;02-01-2025;sara.christensen46@gmail.com;SE;web;ACC-403;Headlamp;1;349;0.0;349.0;completed
11487;02-01-2025;laura.hansen12@outlook.dk;DK;web;ACC-402;Beanie;1;199;0.15;169.15;completed
11487;02-01-2025;laura.hansen12@outlook.dk;DK;web;ACC-403;Headlamp;1;349;0.15;296.65;completed
12147;02-01-2025;;DK;web;ACC-402;Beanie;2;199;0.1;358.2;completed
12147;02-01-2025;;DK;web;BAG-301;Daypack 25L;2;549;0.1;988.2;completed
12333;03-01-2025;Sara.Petersen38@Yahoo.Dk;NO;web;ACC-402;Beanie;1;199;0.0;199.0;completed
12228;04-01-2025;laura.rasmussen80@mail.dk;NO;web;ACC-403;Headlamp;1;349;0.0;349.0;completed
12228;04-01-2025;laura.rasmussen80@mail.dk;NO;web;ACC-401;Merino socks;2;129;0.0;258.0;completed
12228;04-01-2025;laura.rasmussen80@mail.dk;NO;web;SLP-601;Sleeping bag;1;899;0.0;899.0;completed
12587;04-01-2025;lars.christensen4@yahoo.dk;DK;web;BOT-201;Hiking boots;1;1099;0.0;1099.0;completed
12587;04-01-2025;lars.christensen4@yahoo.dk;DK;web;ACC-401;Merino socks;1;129;0.0;129.0;completed
12587;04-01-2025;lars.christensen4@yahoo.dk;DK;web;BAG-301;Daypack 25L;2;549;0.0;1098.0;completed
13010;04-01-2025;ida.larsen83@hotmail.com;DK;web;ACC-403;Headlamp;2;349;0.0;698.0;completed
10047;05-01-2025;noah.christensen91@yahoo.dk;NO;web;ACC-403;Headlamp;1;349;0.0;349.0;completed
10047;05-01-2025;Noah.Christensen91@Yahoo.Dk;NO;web;BAG-301;Daypack 25L;2;549;0.0;1098.0;completed
10520;05-01-2025;Freja.Petersen13@Mail.Dk;DE;store;SLP-601;Sleeping bag;1;899;0.15;764.15;completed
10520;05-01-2025;Freja.Petersen13@Mail.Dk;DE;store;ACC-401;Merino socks;1;129;0.15;109.65;completed
10520;05-01-2025;freja.petersen13@mail.dk;DE;store;TNT-501;2p tent;2;2499;0.15;4248.3;completed
10887;05-01-2025;freja.andersen29@outlook.dk;DK;web;BOT-201;Hiking boots;1;1099;0.0;1099.0;completed
10887;05-01-2025;freja.andersen29@outlook.dk;DK;web;ACC-403;Headlamp;1;349;0.0;349.0;completed
11260;05-01-2025;Jonas.Petersen92@Outlook.Dk;DK;web;BAG-301;Daypack 25L;1;549;0.0;549.0;completed
12662;05-01-2025;emil.madsen41@hotmail.com;NO;store;SLP-601;Sleeping bag;1;899;0.0;899.0;completed
12662;05-01-2025;Emil.Madsen41@Hotmail.Com;NO;store;TNT-501;2p tent;1;2499;0.0;2499.0;completed
10206;06-01-2025;lars.jensen69@outlook.dk;DK;web;SLP-601;Sleeping bag;1;899;0.1;809.1;completed
10206;06-01-2025;lars.jensen69@outlook.dk;DK;web;BAG-301;Daypack 25L;1;549;0.1;494.1;completed
10677;06-01-2025;ida.madsen91@mail.dk;SE;app;ACC-401;Merino socks;2;129;0.0;258.0;completed
10677;06-01-2025;ida.madsen91@mail.dk;SE;app;ACC-402;Beanie;1;199;0.0;199.0;completed
11808;06-01-2025;magnus.madsen38@yahoo.dk;DK;app;ACC-402;Beanie;1;199;0.1;179.1;completed
12334;06-01-2025;Sara.Petersen38@Yahoo.Dk;NO;web;ACC-403;Headlamp;1;349;0.0;349.0;completed
12334;06-01-2025;sara.petersen38@yahoo.dk;NO;web;SLP-601;Sleeping bag;1;899;0.0;899.0;completed
12334;06-01-2025;sara.petersen38@yahoo.dk;NO;web;ACC-401;Merino socks;1;129;0.0;129.0;completed
12335;06-01-2025;sara.jensen44@mail.dk;DK;store;ACC-401;Merino socks;1;129;0.15;109.65;completed
12835;06-01-2025;clara.nielsen16@outlook.dk;DK;web;BAG-301;Daypack 25L;1;549;0.0;549.0;completed
10408;07-01-2025;sofie.pedersen84@outlook.dk;DK;store;ACC-403;Headlamp;1;349;0.0;349.0;completed
10408;07-01-2025;Sofie.Pedersen84@Outlook.Dk;DK;store;ACC-402;Beanie;1;199;0.0;199.0;completed
10408;07-01-2025;sofie.pedersen84@outlook.dk;DK;store;ACC-401;Merino socks;1;129;0.0;129.0;completed
10606;07-01-2025;mette.madsen51@outlook.dk;DK;app;BAG-301;Daypack 25L;1;549;0.0;549.0;completed
10822;07-01-2025;clara.madsen1@yahoo.dk;DK;web;ACC-402;Beanie;1;199;0.0;199.0;completed
10822;07-01-2025;clara.madsen1@yahoo.dk;DK;web;ACC-401;Merino socks;1;129;0.0;129.0;completed
11713;07-01-2025;oliver.jensen51@yahoo.dk;DK;web;BAG-301;Daypack 25L;1;549;0.0;549.0;completed
11713;07-01-2025;oliver.jensen51@yahoo.dk;DK;web;SLP-601;Sleeping bag;1;899;0.0;899.0;completed
12336;07-01-2025;;DK;store;ACC-401;Merino socks;1;129;0.1;116.1;completed
12582;07-01-2025;;DE;web;JKT-101;Shell jacket;1;1299;0.1;1169.1;completed
12582;07-01-2025;;DE;web;ACC-403;Headlamp;2;349;0.1;628.2;completed
12582;07-01-2025;;DE;web;ACC-402;Beanie;1;199;0.1;179.1;completed
12625;07-01-2025;sofie.pedersen4@hotmail.com;DK;web;BAG-302;Trek pack 60L;2;1499;0.0;2998.0;completed
10117;08-01-2025;Mikkel.Larsen75@Yahoo.Dk;DE;store;JKT-102;Down jacket;2;1899;0.15;3228.3;completed
10117;08-01-2025;Mikkel.Larsen75@Yahoo.Dk;DE;store;BAG-302;Trek pack 60L;1;1499;0.15;1274.15;completed
10258;08-01-2025;sofie.jensen26@gmail.com;DK;app;ACC-401;Merino socks;1;129;0.1;116.1;completed
10258;08-01-2025;Sofie.Jensen26@Gmail.Com;DK;app;ACC-403;Headlamp;1;349;0.1;314.1;completed
10492;08-01-2025;jonas.larsen63@mail.dk;NO;web;BAG-301;Daypack 25L;1;549;0.1;494.1;completed
10492;08-01-2025;jonas.larsen63@mail.dk;NO;web;SLP-601;Sleeping bag;1;899;0.1;809.1;completed
12127;08-01-2025;Jonas.Christensen48@Hotmail.Com;SE;web;ACC-403;Headlamp;2;349;0.0;698.0;completed
12127;08-01-2025;jonas.christensen48@hotmail.com;SE;web;ACC-402;Beanie;1;199;0.0;199.0;completed
11247;09-01-2025;lars.andersen46@hotmail.com;DE;web;ACC-402;Beanie;1;199;0.0;199.0;completed
12564;09-01-2025;Jonas.Andersen42@Hotmail.Com;DE;web;BAG-301;Daypack 25L;1;549;0.0;549.0;completed
10823;10-01-2025;Clara.Madsen1@Yahoo.Dk;DK;web;SLP-601;Sleeping bag;1;899;0.1;809.1;completed
11284;10-01-2025;emil.petersen44@outlook.dk;NO;web;BAG-301;Daypack 25L;1;549;0.0;549.0;completed
11284;10-01-2025;emil.petersen44@outlook.dk;NO;web;JKT-102;Down jacket;2;1899;0.0;3798.0;completed
11284;10-01-2025;emil.petersen44@outlook.dk;NO;web;ACC-401;Merino socks;2;129;0.0;258.0;completed
12344;10-01-2025;;NO;app;ACC-403;Headlamp;1;349;0.15;296.65;completed
12537;10-01-2025;sara.christensen60@yahoo.dk;DK;web;BAG-301;Daypack 25L;2;549;0.1;988.2;completed
10355;11-01-2025;freja.larsen71@hotmail.com;DK;web;BOT-201;Hiking boots;1;1099;0.1;989.1;completed
10507;11-01-2025;mikkel.madsen47@mail.dk;NO;store;ACC-401;Merino socks;1;129;0.15;109.65;completed
10507;11-01-2025;Mikkel.Madsen47@Mail.Dk;NO;store;ACC-403;Headlamp;2;349;0.15;593.3;completed
10507;11-01-2025;Mikkel.Madsen47@Mail.Dk;NO;store;BAG-302;Trek pack 60L;1;1499;0.15;1274.15;completed
12818;11-01-2025;magnus.larsen7@mail.dk;SE;web;BAG-301;Daypack 25L;1;549;0.0;549.0;completed
12999;11-01-2025;ida.petersen78@hotmail.com;DK;web;ACC-401;Merino socks;1;129;0.15;109.65;completed
12999;11-01-2025;Ida.Petersen78@Hotmail.Com;DK;web;BAG-301;Daypack 25L;1;549;0.15;466.65;completed
10143;12-01-2025;sofie.petersen57@yahoo.dk;DE;web;ACC-402;Beanie;1;199;0.0;199.0;completed
10143;12-01-2025;sofie.petersen57@yahoo.dk;DE;web;JKT-102;Down jacket;1;1899;0.0;1899.0;completed
12853;12-01-2025;Ida.Madsen39@Mail.Dk;DK;web;ACC-401;Merino socks;-1;129;0.0;-129.0;refunded
10310;13-01-2025;sofie.jensen3@mail.dk;DK;web;ACC-401;Merino socks;1;129;0.0;129.0;completed
10409;13-01-2025;Sofie.Pedersen84@Outlook.Dk;DK;store;ACC-401;Merino socks;1;129;0.0;129.0;completed
10409;13-01-2025;Sofie.Pedersen84@Outlook.Dk;DK;store;SLP-601;Sleeping bag;1;899;0.0;899.0;completed
10517;13-01-2025;;DK;app;ACC-401;Merino socks;1;129;0.15;109.65;completed
11112;13-01-2025;oliver.petersen92@gmail.com;SE;web;ACC-403;Headlamp;1;349;0.15;296.65;completed
11285;13-01-2025;Emil.Petersen44@Outlook.Dk;NO;web;BOT-201;Hiking boots;1;1099;0.1;989.1;completed
11285;13-01-2025;emil.petersen44@outlook.dk;NO;web;ACC-401;Merino socks;1;129;0.1;116.1;completed
11285;13-01-2025;emil.petersen44@outlook.dk;NO;web;JKT-101;Shell jacket;2;1299;0.1;2338.2;completed
11587;13-01-2025;emil.andersen69@mail.dk;NO;web;BAG-301;Daypack 25L;-1;549;0.0;-549.0;refunded
12540;13-01-2025;Clara.Hansen73@Yahoo.Dk;SE;web;ACC-401;Merino socks;-2;129;0.0;-258.0;refunded
12778;13-01-2025;oliver.nielsen31@outlook.dk;DK;web;ACC-402;Beanie;2;199;0.15;338.3;completed
10094;14-01-2025;magnus.nielsen73@yahoo.dk;NO;web;ACC-401;Merino socks;2;129;0.0;258.0;completed
10131;14-01-2025;Magnus.Larsen88@Gmail.Com;DK;store;ACC-401;Merino socks;2;129;0.0;258.0;completed
12816;14-01-2025;mikkel.petersen42@gmail.com;DK;store;JKT-102;Down jacket;1;1899;0.0;1899.0;completed
12816;14-01-2025;mikkel.petersen42@gmail.com;DK;store;ACC-402;Beanie;1;199;0.0;199.0;completed
12816;14-01-2025;mikkel.petersen42@gmail.com;DK;store;BAG-302;Trek pack 60L;1;1499;0.0;1499.0;completed
13000;14-01-2025;ida.petersen78@hotmail.com;DK;web;BOT-201;Hiking boots;1;1099;0.0;1099.0;completed
10610;15-01-2025;freja.rasmussen60@gmail.com;DE;app;ACC-403;Headlamp;1;349;0.1;314.1;completed
10824;15-01-2025;clara.madsen1@yahoo.dk;DK;web;ACC-402;Beanie;1;199;0.15;169.15;completed
10888;15-01-2025;lars.rasmussen81@outlook.dk;DK;web;ACC-402;Beanie;1;199;0.0;199.0;completed
10888;15-01-2025;lars.rasmussen81@outlook.dk;DK;web;BAG-302;Trek pack 60L;1;1499;0.0;1499.0;completed
10888;15-01-2025;Lars.Rasmussen81@Outlook.Dk;DK;web;ACC-403;Headlamp;1;349;0.0;349.0;completed
11588;15-01-2025;Emil.Andersen69@Mail.Dk;NO;web;TNT-501;2p tent;1;2499;0.15;2124.15;completed
11588;15-01-2025;Emil.Andersen69@Mail.Dk;NO;web;ACC-403;Headlamp;1;349;0.15;296.65;completed
11588;15-01-2025;emil.andersen69@mail.dk;NO;web;JKT-101;Shell jacket;1;1299;0.15;1104.15;completed
11764;15-01-2025;magnus.nielsen82@outlook.dk;SE;app;ACC-401;Merino socks;2;129;0.15;219.3;completed
11764;15-01-2025;magnus.nielsen82@outlook.dk;SE;app;ACC-403;Headlamp;1;349;0.15;296.65;completed
12736;15-01-2025;clara.larsen7@outlook.dk;DK;web;BAG-302;Trek pack 60L;1;1499;0.0;1499.0;completed
12736;15-01-2025;Clara.Larsen7@Outlook.Dk;DK;web;BAG-301;Daypack 25L;1;549;0.0;549.0;completed
12736;15-01-2025;clara.larsen7@outlook.dk;DK;web;SLP-601;Sleeping bag;1;899;0.0;899.0;completed
12605;16-01-2025;sofie.larsen14@hotmail.com;DK;web;BAG-301;Daypack 25L;2;549;0.0;1098.0;completed
12605;16-01-2025;sofie.larsen14@hotmail.com;DK;web;SLP-601;Sleeping bag;1;899;0.0;899.0;completed
10025;17-01-2025;anna.rasmussen69@hotmail.com;SE;web;ACC-402;Beanie;1;199;0.0;199.0;completed
10025;17-01-2025;anna.rasmussen69@hotmail.com;SE;web;BOT-201;Hiking boots;1;1099;0.0;1099.0;completed
10025;17-01-2025;anna.rasmussen69@hotmail.com;SE;web;SLP-601;Sleeping bag;1;899;0.0;899.0;completed
11950;17-01-2025;ida.jensen21@mail.dk;DK;web;ACC-403;Headlamp;1;349;0.0;349.0;completed
12113;18-01-2025;oliver.madsen75@gmail.com;SE;app;ACC-401;Merino socks;2;129;0.1;232.2;completed
12292;18-01-2025;Laura.Andersen27@Mail.Dk;SE;web;ACC-402;Beanie;2;199;0.15;338.3;completed
12292;18-01-2025;laura.andersen27@mail.dk;SE;web;ACC-403;Headlamp;2;349;0.15;593.3;completed
10087;19-01-2025;jonas.madsen63@hotmail.com;DE;store;ACC-401;Merino socks;2;129;0.0;258.0;completed
10607;19-01-2025;mette.madsen51@outlook.dk;DK;app;ACC-401;Merino socks;1;129;0.0;129.0;completed
10086;20-01-2025;sofie.jensen61@mail.dk;DE;web;ACC-401;Merino socks;2;129;0.0;258.0;completed
10086;20-01-2025;sofie.jensen61@mail.dk;DE;web;ACC-403;Headlamp;1;349;0.0;349.0;completed
10863;20-01-2025;magnus.christensen44@yahoo.dk;NO;app;TNT-501;2p tent;1;2499;0.0;2499.0;completed
10863;20-01-2025;magnus.christensen44@yahoo.dk;NO;app;BAG-301;Daypack 25L;1;549;0.0;549.0;completed
11347;21-01-2025;Laura.Rasmussen52@Outlook.Dk;DE;web;ACC-403;Headlamp;1;349;0.0;349.0;completed
11347;21-01-2025;laura.rasmussen52@outlook.dk;DE;web;SLP-601;Sleeping bag;1;899;0.0;899.0;completed
12650;21-01-2025;magnus.christensen48@hotmail.com;DK;app;SLP-601;Sleeping bag;1;899;0.0;899.0;completed
12650;21-01-2025;magnus.christensen48@hotmail.com;DK;app;SLP-601;Sleeping bag;1;899;0.0;899.0;completed
10026;22-01-2025;anna.rasmussen69@hotmail.com;SE;web;ACC-402;Beanie;1;199;0.15;169.15;completed
10371;22-01-2025;magnus.pedersen6@yahoo.dk;DK;app;ACC-403;Headlamp;2;349;0.0;698.0;completed
12355;22-01-2025;Lars.Petersen7@Gmail.Com;DK;web;ACC-401;Merino socks;1;129;0.0;129.0;completed
12355;22-01-2025;Lars.Petersen7@Gmail.Com;DK;web;BOT-201;Hiking boots;1;1099;0.0;1099.0;completed
12523;22-01-2025;magnus.nielsen79@gmail.com;DK;web;BOT-201;Hiking boots;2;1099;0.0;2198.0;completed
12523;22-01-2025;magnus.nielsen79@gmail.com;DK;web;ACC-402;Beanie;1;199;0.0;199.0;completed
10068;23-01-2025;freja.jensen46@mail.dk;SE;web;ACC-401;Merino socks;1;129;0.0;129.0;completed
11433;23-01-2025;oliver.andersen42@yahoo.dk;NO;app;ACC-403;Headlamp;2;349;0.0;698.0;completed
11998;23-01-2025;noah.rasmussen59@yahoo.dk;DK;web;BAG-301;Daypack 25L;1;549;0.0;549.0;completed
11998;23-01-2025;noah.rasmussen59@yahoo.dk;DK;web;BOT-201;Hiking boots;1;1099;0.0;1099.0;completed
12324;23-01-2025;laura.jensen2@yahoo.dk;SE;web;ACC-403;Headlamp;1;349;0.0;349.0;completed
12324;23-01-2025;laura.jensen2@yahoo.dk;SE;web;SLP-601;Sleeping bag;2;899;0.0;1798.0;completed
12580;23-01-2025;mette.madsen79@mail.dk;DK;web;ACC-402;Beanie;1;199;0.0;199.0;completed
12580;23-01-2025;mette.madsen79@mail.dk;DK;web;ACC-403;Headlamp;1;349;0.0;349.0;completed
10316;24-01-2025;emil.andersen63@hotmail.com;DK;web;BAG-302;Trek pack 60L;1;1499;0.0;1499.0;completed
10316;24-01-2025;emil.andersen63@hotmail.com;DK;web;ACC-402;Beanie;1;199;0.0;199.0;completed
10769;24-01-2025;magnus.hansen76@yahoo.dk;SE;web;BOT-201;Hiking boots;1;1099;0.0;1099.0;completed
10769;24-01-2025;magnus.hansen76@yahoo.dk;SE;web;ACC-402;Beanie;1;199;0.0;199.0;completed
12828;24-01-2025;Magnus.Hansen20@Gmail.Com;DK;web;ACC-402;Beanie;2;199;0.0;398.0;completed
11050;25-01-2025;lars.hansen52@gmail.com;DK;app;JKT-102;Down jacket;2;1899;0.0;3798.0;completed
11817;25-01-2025;Laura.Madsen21@Outlook.Dk;DK;store;ACC-402;Beanie;1;199;0.15;169.15;completed
11359;26-01-2025;sofie.madsen32@mail.dk;DK;web;ACC-403;Headlamp;1;349;0.0;349.0;completed
11359;26-01-2025;sofie.madsen32@mail.dk;DK;web;ACC-401;Merino socks;2;129;0.0;258.0;completed
11359;26-01-2025;sofie.madsen32@mail.dk;DK;web;SLP-601;Sleeping bag;1;899;0.0;899.0;completed
11359;26-01-2025;sofie.madsen32@mail.dk;DK;web;ACC-403;Headlamp;1;349;0.0;349.0;completed
11449;26-01-2025;freja.madsen9@mail.dk;DE;store;JKT-101;Shell jacket;2;1299;0.15;2208.3;completed
11449;26-01-2025;freja.madsen9@mail.dk;DE;store;BAG-301;Daypack 25L;1;549;0.15;466.65;completed
11449;26-01-2025;freja.madsen9@mail.dk;DE;store;ACC-401;Merino socks;1;129;0.15;109.65;completed
11473;26-01-2025;lars.pedersen50@yahoo.dk;NO;store;BAG-302;Trek pack 60L;1;1499;0.0;1499.0;completed
11473;26-01-2025;Lars.Pedersen50@Yahoo.Dk;NO;store;ACC-403;Headlamp;2;349;0.0;698.0;completed
12229;26-01-2025;laura.rasmussen80@mail.dk;NO;web;JKT-102;Down jacket;2;1899;0.0;3798.0;completed
12229;26-01-2025;Laura.Rasmussen80@Mail.Dk;NO;web;JKT-101;Shell jacket;1;1299;0.0;1299.0;completed
12229;26-01-2025;laura.rasmussen80@mail.dk;NO;web;SLP-601;Sleeping bag;2;899;0.0;1798.0;completed
10798;27-01-2025;clara.petersen75@hotmail.com;DK;web;JKT-101;Shell jacket;1;1299;0.0;1299.0;completed
10798;27-01-2025;clara.petersen75@hotmail.com;DK;web;ACC-401;Merino socks;1;129;0.0;129.0;completed
12582;27-01-2025;;DE;web;JKT-101;Shell jacket;-1;1299;0.1;-1169.1;refunded
12794;27-01-2025;Jonas.Andersen74@Yahoo.Dk;NO;web;ACC-402;Beanie;1;199;0.15;169.15;completed
12859;27-01-2025;mikkel.christensen54@outlook.dk;DK;web;JKT-102;Down jacket;1;1899;0.1;1709.1;completed
12859;27-01-2025;mikkel.christensen54@outlook.dk;DK;web;ACC-401;Merino socks;1;129;0.1;116.1;completed
12992;27-01-2025;anna.pedersen61@hotmail.com;SE;web;SLP-601;Sleeping bag;2;899;0.15;1528.3;completed
10449;28-01-2025;emil.nielsen92@yahoo.dk;DK;web;ACC-401;Merino socks;2;129;0.0;258.0;completed
10449;28-01-2025;Emil.Nielsen92@Yahoo.Dk;DK;web;BOT-201;Hiking boots;1;1099;0.0;1099.0;completed
10449;28-01-2025;emil.nielsen92@yahoo.dk;DK;web;ACC-403;Headlamp;1;349;0.0;349.0;completed
11528;28-01-2025;;SE;web;BOT-201;Hiking boots;2;1099;0.15;1868.3;completed
11528;28-01-2025;;SE;web;BAG-301;Daypack 25L;1;549;0.15;466.65;completed
11528;28-01-2025;;SE;web;JKT-102;Down jacket;1;1899;0.15;1614.15;completed
12103;28-01-2025;mette.rasmussen28@mail.dk;DK;web;BAG-301;Daypack 25L;1;549;0.1;494.1;completed
12103;28-01-2025;mette.rasmussen28@mail.dk;DK;web;JKT-102;Down jacket;2;1899;0.1;3418.2;completed
12103;28-01-2025;mette.rasmussen28@mail.dk;DK;web;TNT-501;2p tent;1;2499;0.1;2249.1;completed
12230;28-01-2025;laura.rasmussen80@mail.dk;NO;web;TNT-501;2p tent;1;2499;0.0;2499.0;completed
12230;28-01-2025;Laura.Rasmussen80@Mail.Dk;NO;web;JKT-102;Down jacket;1;1899;0.0;1899.0;completed
12230;28-01-2025;laura.rasmussen80@mail.dk;NO;web;ACC-401;Merino socks;1;129;0.0;129.0;completed
12503;28-01-2025;magnus.madsen25@gmail.com;DK;web;ACC-401;Merino socks;1;129;0.0;129.0;completed
12836;28-01-2025;clara.nielsen16@outlook.dk;DK;web;ACC-401;Merino socks;1;129;0.15;109.65;completed
12836;28-01-2025;clara.nielsen16@outlook.dk;DK;web;SLP-601;Sleeping bag;1;899;0.15;764.15;completed
10322;29-01-2025;;DE;web;ACC-402;Beanie;1;199;0.1;179.1;completed
12088;29-01-2025;mikkel.rasmussen27@gmail.com;DK;store;TNT-501;2p tent;1;2499;0.0;2499.0;completed
12088;29-01-2025;mikkel.rasmussen27@gmail.com;DK;store;BAG-302;Trek pack 60L;1;1499;0.0;1499.0;completed
12088;29-01-2025;mikkel.rasmussen27@gmail.com;DK;store;ACC-401;Merino socks;1;129;0.0;129.0;completed
10069;30-01-2025;freja.jensen46@mail.dk;SE;web;ACC-403;Headlamp;1;349;0.1;314.1;completed
10493;30-01-2025;jonas.larsen63@mail.dk;NO;web;JKT-101;Shell jacket;1;1299;0.0;1299.0;completed
10493;30-01-2025;jonas.larsen63@mail.dk;NO;web;ACC-401;Merino socks;1;129;0.0;129.0;completed
10493;30-01-2025;jonas.larsen63@mail.dk;NO;web;BAG-301;Daypack 25L;1;549;0.0;549.0;completed
10517;30-01-2025;;DK;app;ACC-401;Merino socks;-1;129;0.15;-109.65;refunded
10915;30-01-2025;laura.christensen26@yahoo.dk;DK;web;ACC-401;Merino socks;1;129;0.0;129.0;completed
11816;30-01-2025;mikkel.hansen55@gmail.com;DK;web;SLP-601;Sleeping bag;1;899;0.0;899.0;completed
11816;30-01-2025;mikkel.hansen55@gmail.com;DK;web;BAG-301;Daypack 25L;1;549;0.0;549.0;completed
11999;30-01-2025;magnus.hansen97@outlook.dk;SE;web;ACC-401;Merino socks;1;129;0.0;129.0;completed
12109;30-01-2025;mikkel.christensen64@gmail.com;SE;web;ACC-402;Beanie;2;199;0.1;358.2;completed
12109;30-01-2025;mikkel.christensen64@gmail.com;SE;web;BAG-301;Daypack 25L;1;549;0.1;494.1;completed
12363;30-01-2025;;DK;web;ACC-401;Merino socks;2;129;0.15;219.3;completed
10132;31-01-2025;magnus.larsen88@gmail.com;DK;store;ACC-402;Beanie;1;199;0.0;199.0;completed
10385;31-01-2025;laura.jensen16@yahoo.dk;DK;web;BAG-301;Daypack 25L;1;549;0.0;549.0;completed
11191;31-01-2025;lars.madsen93@gmail.com;NO;app;ACC-403;Headlamp;1;349;0.0;349.0;completed
11191;31-01-2025;Lars.Madsen93@Gmail.Com;NO;app;ACC-401;Merino socks;2;129;0.0;258.0;completed
11339;31-01-2025;ida.petersen89@outlook.dk;DK;web;JKT-102;Down jacket;1;1899;0.15;1614.15;completed
11339;31-01-2025;ida.petersen89@outlook.dk;DK;web;ACC-401;Merino socks;2;129;0.15;219.3;completed
11339;31-01-2025;ida.petersen89@outlook.dk;DK;web;ACC-402;Beanie;2;199;0.15;338.3;completed
11563;31-01-2025;Noah.Jensen45@Outlook.Dk;DK;app;ACC-403;Headlamp;1;349;0.15;296.65;completed
11563;31-01-2025;noah.jensen45@outlook.dk;DK;app;ACC-401;Merino socks;1;129;0.15;109.65;completed
11563;31-01-2025;noah.jensen45@outlook.dk;DK;app;JKT-101;Shell jacket;1;1299;0.15;1104.15;completed
12317;31-01-2025;anna.hansen35@yahoo.dk;DK;web;BAG-301;Daypack 25L;2;549;0.1;988.2;completed
12638;31-01-2025;Sofie.Rasmussen75@Outlook.Dk;DK;web;BAG-301;Daypack 25L;1;549;0.1;494.1;completed
12638;31-01-2025;sofie.rasmussen75@outlook.dk;DK;web;BAG-302;Trek pack 60L;2;1499;0.1;2698.2;completed
13058;31-01-2025;Noah.Madsen85@Hotmail.Com;DK;app;JKT-101;Shell jacket;1;1299;0.0;1299.0;completed
13067;31-01-2025;Lars.Jensen28@Gmail.Com;DK;web;SLP-601;Sleeping bag;1;899;0.15;764.15;completed
10646;01-02-2025;;SE;store;BOT-201;Hiking boots;1;1099;0.0;1099.0;completed
10646;01-02-2025;;SE;store;BAG-301;Daypack 25L;1;549;0.0;549.0;completed
11643;01-02-2025;laura.nielsen55@outlook.dk;DE;app;ACC-401;Merino socks;1;129;0.0;129.0;completed
12076;01-02-2025;anna.jensen75@hotmail.com;DK;web;BAG-301;Daypack 25L;1;549;0.15;466.65;completed
10401;02-02-2025;Sofie.Christensen90@Mail.Dk;NO;store;SLP-601;Sleeping bag;1;899;0.15;764.15;completed
10401;02-02-2025;sofie.christensen90@mail.dk;NO;store;JKT-101;Shell jacket;1;1299;0.15;1104.15;completed
10603;02-02-2025;ida.andersen24@hotmail.com;DK;web;BAG-301;Daypack 25L;1;549;0.0;549.0;completed
10799;02-02-2025;clara.petersen75@hotmail.com;DK;web;ACC-403;Headlamp;2;349;0.15;593.3;completed
10799;02-02-2025;clara.petersen75@hotmail.com;DK;web;BAG-302;Trek pack 60L;2;1499;0.15;2548.3;completed
10809;02-02-2025;ida.hansen96@hotmail.com;NO;web;ACC-402;Beanie;1;199;0.0;199.0;completed
11554;02-02-2025;emil.andersen65@mail.dk;NO;app;JKT-101;Shell jacket;2;1299;0.0;2598.0;completed
11554;02-02-2025;emil.andersen65@mail.dk;NO;app;SLP-601;Sleeping bag;2;899;0.0;1798.0;completed
11981;02-02-2025;sofie.rasmussen25@gmail.com;DE;web;ACC-401;Merino socks;2;129;0.0;258.0;completed
11981;02-02-2025;sofie.rasmussen25@gmail.com;DE;web;JKT-101;Shell jacket;1;1299;0.0;1299.0;completed
12504;02-02-2025;magnus.madsen25@gmail.com;DK;web;BAG-301;Daypack 25L;1;549;0.0;549.0;completed
12872;02-02-2025;laura.nielsen46@gmail.com;NO;web;JKT-101;Shell jacket;2;1299;0.15;2208.3;completed
11095;03-02-2025;magnus.madsen56@yahoo.dk;SE;web;BAG-301;Daypack 25L;1;549;0.1;494.1;completed
11095;03-02-2025;magnus.madsen56@yahoo.dk;SE;web;BOT-201;Hiking boots;2;1099;0.1;1978.2;completed
11095;03-02-2025;Magnus.Madsen56@Yahoo.Dk;SE;web;SLP-601;Sleeping bag;1;899;0.1;809.1;completed
10313;04-02-2025;jonas.madsen55@outlook.dk;DK;web;SLP-601;Sleeping bag;1;899;0.1;809.1;completed
10313;04-02-2025;jonas.madsen55@outlook.dk;DK;web;ACC-403;Headlamp;2;349;0.1;628.2;completed
10313;04-02-2025;jonas.madsen55@outlook.dk;DK;web;BAG-301;Daypack 25L;1;549;0.1;494.1;completed
10313;04-02-2025;jonas.madsen55@outlook.dk;DK;web;BAG-301;Daypack 25L;1;549;0.1;494.1;completed
11818;04-02-2025;laura.madsen21@outlook.dk;DK;store;JKT-102;Down jacket;2;1899;0.0;3798.0;completed
12536;04-02-2025;mette.larsen89@yahoo.dk;DK;store;ACC-401;Merino socks;1;129;0.0;129.0;completed
10545;05-02-2025;oliver.christensen79@hotmail.com;SE;store;ACC-402;Beanie;1;199;0.0;199.0;completed
10545;05-02-2025;oliver.christensen79@hotmail.com;SE;store;ACC-403;Headlamp;1;349;0.0;349.0;completed
11286;05-02-2025;emil.petersen44@outlook.dk;NO;web;ACC-403;Headlamp;1;349;0.0;349.0;completed
11348;05-02-2025;laura.rasmussen52@outlook.dk;DE;web;ACC-402;Beanie;1;199;0.0;199.0;completed
12629;05-02-2025;oliver.rasmussen70@yahoo.dk;DK;web;BOT-201;Hiking boots;1;1099;0.0;1099.0;completed
12927;05-02-2025;Ida.Rasmussen6@Yahoo.Dk;DK;app;ACC-401;Merino socks;1;129;0.15;109.65;completed
10048;06-02-2025;noah.christensen91@yahoo.dk;NO;web;ACC-403;Headlamp;1;349;0.0;349.0;completed
10765;06-02-2025;oliver.larsen75@hotmail.com;DK;app;BOT-201;Hiking boots;1;1099;0.0;1099.0;completed
10765;06-02-2025;oliver.larsen75@hotmail.com;DK;app;ACC-401;Merino socks;1;129;0.0;129.0;completed
10871;06-02-2025;sofie.hansen20@mail.dk;SE;web;ACC-401;Merino socks;1;129;0.15;109.65;completed
10871;06-02-2025;Sofie.Hansen20@Mail.Dk;SE;web;BAG-301;Daypack 25L;1;549;0.15;466.65;completed
11401;06-02-2025;Emil.Hansen28@Hotmail.Com;NO;web;ACC-401;Merino socks;1;129;0.0;129.0;completed
11401;06-02-2025;emil.hansen28@hotmail.com;NO;web;BOT-201;Hiking boots;1;1099;0.0;1099.0;completed
11401;06-02-2025;Emil.Hansen28@Hotmail.Com;NO;web;ACC-401;Merino socks;1;129;0.0;129.0;completed
12167;06-02-2025;laura.hansen76@outlook.dk;DK;web;JKT-102;Down jacket;1;1899;0.1;1709.1;completed
10500;07-02-2025;anna.andersen23@mail.dk;DK;web;ACC-403;Headlamp;1;349;0.0;349.0;completed
10500;07-02-2025;anna.andersen23@mail.dk;DK;web;BOT-201;Hiking boots;1;1099;0.0;1099.0;completed
11433;07-02-2025;oliver.andersen42@yahoo.dk;NO;app;ACC-403;Headlamp;-2;349;0.0;-698.0;refunded
12819;07-02-2025;magnus.larsen7@mail.dk;SE;web;ACC-401;Merino socks;1;129;0.15;109.65;completed
12819;07-02-2025;magnus.larsen7@mail.dk;SE;web;BAG-301;Daypack 25L;2;549;0.15;933.3;completed
12819;07-02-2025;magnus.larsen7@mail.dk;SE;web;JKT-101;Shell jacket;1;1299;0.15;1104.15;completed
12819;07-02-2025;magnus.larsen7@mail.dk;SE;web;JKT-101;Shell jacket;1;1299;0.15;1104.15;completed
10430;08-02-2025;jonas.nielsen37@yahoo.dk;DK;app;JKT-101;Shell jacket;1;1299;0.15;1104.15;completed
12110;08-02-2025;mikkel.christensen64@gmail.com;SE;web;BOT-201;Hiking boots;2;1099;0.15;1868.3;completed
12110;08-02-2025;Mikkel.Christensen64@Gmail.Com;SE;web;JKT-102;Down jacket;1;1899;0.15;1614.15;completed
12421;08-02-2025;mikkel.petersen19@gmail.com;NO;web;ACC-403;Headlamp;1;349;0.0;349.0;completed
12421;08-02-2025;mikkel.petersen19@gmail.com;NO;web;ACC-402;Beanie;2;199;0.0;398.0;completed
12421;08-02-2025;mikkel.petersen19@gmail.com;NO;web;SLP-601;Sleeping bag;1;899;0.0;899.0;completed
12421;08-02-2025;mikkel.petersen19@gmail.com;NO;web;ACC-402;Beanie;2;199;0.0;398.0;completed
12820;09-02-2025;magnus.larsen7@mail.dk;SE;web;ACC-402;Beanie;1;199;0.0;199.0;completed
12820;09-02-2025;magnus.larsen7@mail.dk;SE;web;BAG-301;Daypack 25L;1;549;0.0;549.0;completed
10604;10-02-2025;ida.andersen24@hotmail.com;DK;web;BAG-301;Daypack 25L;2;549;0.0;1098.0;completed
10668;10-02-2025;Sara.Jensen40@Yahoo.Dk;DE;web;ACC-402;Beanie;1;199;0.0;199.0;completed
11068;10-02-2025;Emil.Larsen52@Hotmail.Com;DE;store;ACC-401;Merino socks;2;129;0.1;232.2;completed
10193;11-02-2025;laura.jensen2@mail.dk;DE;web;ACC-402;Beanie;1;199;0.0;199.0;completed
10297;11-02-2025;freja.nielsen97@outlook.dk;DE;app;BAG-302;Trek pack 60L;1;1499;0.0;1499.0;completed
10297;11-02-2025;Freja.Nielsen97@Outlook.Dk;DE;app;ACC-402;Beanie;1;199;0.0;199.0;completed
11580;11-02-2025;freja.petersen43@gmail.com;DK;web;JKT-101;Shell jacket;1;1299;0.15;1104.15;completed
11580;11-02-2025;freja.petersen43@gmail.com;DK;web;ACC-402;Beanie;1;199;0.15;169.15;completed
12373;11-02-2025;Sara.Hansen83@Outlook.Dk;DK;web;BOT-201;Hiking boots;1;1099;0.1;989.1;completed
12373;11-02-2025;Sara.Hansen83@Outlook.Dk;DK;web;BAG-301;Daypack 25L;1;549;0.1;494.1;completed
12373;11-02-2025;Sara.Hansen83@Outlook.Dk;DK;web;BOT-201;Hiking boots;1;1099;0.1;989.1;completed
12565;11-02-2025;jonas.andersen42@hotmail.com;DE;web;TNT-501;2p tent;1;2499;0.0;2499.0;completed
12723;11-02-2025;Mette.Pedersen46@Yahoo.Dk;DK;app;ACC-401;Merino socks;1;129;0.0;129.0;completed
12723;11-02-2025;Mette.Pedersen46@Yahoo.Dk;DK;app;ACC-403;Headlamp;1;349;0.0;349.0;completed
10596;12-02-2025;anna.madsen17@outlook.dk;DK;web;ACC-402;Beanie;2;199;0.15;338.3;completed
10596;12-02-2025;anna.madsen17@outlook.dk;DK;web;BOT-201;Hiking boots;2;1099;0.15;1868.3;completed
10596;12-02-2025;anna.madsen17@outlook.dk;DK;web;SLP-601;Sleeping bag;2;899;0.15;1528.3;completed
10596;12-02-2025;anna.madsen17@outlook.dk;DK;web;ACC-402;Beanie;2;199;0.15;338.3;completed
11555;12-02-2025;emil.andersen65@mail.dk;NO;app;JKT-102;Down jacket;1;1899;0.0;1899.0;completed
11644;12-02-2025;Laura.Nielsen55@Outlook.Dk;DE;app;JKT-101;Shell jacket;1;1299;0.1;1169.1;completed
12150;12-02-2025;sara.larsen41@gmail.com;SE;web;BOT-201;Hiking boots;2;1099;0.1;1978.2;completed
10059;13-02-2025;lars.nielsen76@yahoo.dk;DK;web;SLP-601;Sleeping bag;2;899;0.0;1798.0;completed
10059;13-02-2025;lars.nielsen76@yahoo.dk;DK;web;ACC-403;Headlamp;1;349;0.0;349.0;completed
10059;13-02-2025;Lars.Nielsen76@Yahoo.Dk;DK;web;BOT-201;Hiking boots;1;1099;0.0;1099.0;completed
10788;13-02-2025;clara.madsen48@hotmail.com;DK;store;ACC-401;Merino socks;1;129;0.15;109.65;completed
11951;13-02-2025;ida.jensen21@mail.dk;DK;web;JKT-101;Shell jacket;1;1299;0.0;1299.0;completed
11951;13-02-2025;ida.jensen21@mail.dk;DK;web;ACC-403;Headlamp;1;349;0.0;349.0;completed
12161;13-02-2025;oliver.rasmussen8@gmail.com;DK;app;ACC-402;Beanie;1;199;0.0;199.0;completed
12161;13-02-2025;oliver.rasmussen8@gmail.com;DK;app;SLP-601;Sleeping bag;2;899;0.0;1798.0;completed
12252;13-02-2025;;DE;web;SLP-601;Sleeping bag;1;899;0.0;899.0;completed
12252;13-02-2025;;DE;web;ACC-401;Merino socks;2;129;0.0;258.0;completed
11521;14-02-2025;oliver.madsen57@gmail.com;NO;web;BOT-201;Hiking boots;2;1099;0.0;2198.0;completed
11521;14-02-2025;oliver.madsen57@gmail.com;NO;web;ACC-402;Beanie;1;199;0.0;199.0;completed
11521;14-02-2025;oliver.madsen57@gmail.com;NO;web;ACC-402;Beanie;1;199;0.0;199.0;completed
11667;14-02-2025;clara.larsen32@outlook.dk;NO;store;ACC-402;Beanie;1;199;0.0;199.0;completed
11962;14-02-2025;freja.pedersen11@outlook.dk;SE;store;ACC-403;Headlamp;1;349;0.0;349.0;completed
11962;14-02-2025;freja.pedersen11@outlook.dk;SE;store;BAG-301;Daypack 25L;2;549;0.0;1098.0;completed
11962;14-02-2025;freja.pedersen11@outlook.dk;SE;store;TNT-501;2p tent;1;2499;0.0;2499.0;completed
12169;14-02-2025;mikkel.hansen95@hotmail.com;DK;web;ACC-401;Merino socks;2;129;0.15;219.3;completed
12821;14-02-2025;magnus.larsen7@mail.dk;SE;web;ACC-403;Headlamp;2;349;0.0;698.0;completed
12860;14-02-2025;mikkel.christensen54@outlook.dk;DK;web;ACC-403;Headlamp;1;349;0.1;314.1;completed
13011;14-02-2025;ida.larsen83@hotmail.com;DK;web;ACC-402;Beanie;1;199;0.0;199.0;completed
13011;14-02-2025;ida.larsen83@hotmail.com;DK;web;BAG-301;Daypack 25L;1;549;0.0;549.0;completed
10027;16-02-2025;anna.rasmussen69@hotmail.com;SE;web;BAG-301;Daypack 25L;1;549;0.15;466.65;completed
11702;16-02-2025;lars.petersen51@mail.dk;DK;web;BAG-302;Trek pack 60L;1;1499;0.15;1274.15;completed
11702;16-02-2025;lars.petersen51@mail.dk;DK;web;TNT-501;2p tent;1;2499;0.15;2124.15;completed
12000;16-02-2025;magnus.hansen97@outlook.dk;SE;web;JKT-101;Shell jacket;1;1299;0.0;1299.0;completed
12089;16-02-2025;Mikkel.Rasmussen27@Gmail.Com;DK;store;BOT-201;Hiking boots;1;1099;0.15;934.15;completed
12667;16-02-2025;laura.madsen65@hotmail.com;DK;web;JKT-101;Shell jacket;1;1299;0.0;1299.0;completed
12667;16-02-2025;laura.madsen65@hotmail.com;DK;web;ACC-401;Merino socks;2;129;0.0;258.0;completed
12978;16-02-2025;Clara.Petersen73@Outlook.Dk;DE;web;JKT-101;Shell jacket;1;1299;0.1;1169.1;completed
12978;16-02-2025;Clara.Petersen73@Outlook.Dk;DE;web;ACC-403;Headlamp;1;349;0.1;314.1;completed
10028;17-02-2025;anna.rasmussen69@hotmail.com;SE;web;BAG-301;Daypack 25L;2;549;0.0;1098.0;completed
10245;17-02-2025;anna.andersen98@outlook.dk;SE;web;BAG-301;Daypack 25L;1;549;0.0;549.0;completed
10245;17-02-2025;anna.andersen98@outlook.dk;SE;web;SLP-601;Sleeping bag;1;899;0.0;899.0;completed
10501;17-02-2025;anna.andersen23@mail.dk;DK;web;ACC-401;Merino socks;2;129;0.1;232.2;completed
10501;17-02-2025;Anna.Andersen23@Mail.Dk;DK;web;ACC-402;Beanie;1;199;0.1;179.1;completed
10501;17-02-2025;anna.andersen23@mail.dk;DK;web;ACC-403;Headlamp;2;349;0.1;628.2;completed
11775;17-02-2025;Magnus.Andersen22@Gmail.Com;DK;app;ACC-401;Merino socks;2;129;0.1;232.2;completed
11775;17-02-2025;magnus.andersen22@gmail.com;DK;app;ACC-403;Headlamp;1;349;0.1;314.1;completed
10029;18-02-2025;anna.rasmussen69@hotmail.com;SE;web;ACC-402;Beanie;2;199;0.0;398.0;completed
10029;18-02-2025;Anna.Rasmussen69@Hotmail.Com;SE;web;ACC-401;Merino socks;1;129;0.0;129.0;completed
11765;18-02-2025;magnus.nielsen82@outlook.dk;SE;app;JKT-101;Shell jacket;1;1299;0.1;1169.1;completed
12111;18-02-2025;mikkel.christensen64@gmail.com;SE;web;ACC-401;Merino socks;2;129;0.0;258.0;completed
12346;18-02-2025;laura.madsen77@outlook.dk;DK;web;JKT-101;Shell jacket;1;1299;0.15;1104.15;completed
12346;18-02-2025;laura.madsen77@outlook.dk;DK;web;ACC-401;Merino socks;2;129;0.15;219.3;completed
12475;18-02-2025;Jonas.Pedersen13@Outlook.Dk;SE;web;ACC-401;Merino socks;1;129;0.1;116.1;completed
12475;18-02-2025;Jonas.Pedersen13@Outlook.Dk;SE;web;ACC-402;Beanie;1;199;0.1;179.1;completed
12475;18-02-2025;jonas.pedersen13@outlook.dk;SE;web;ACC-403;Headlamp;1;349;0.1;314.1;completed
12980;18-02-2025;;DE;web;TNT-501;2p tent;1;2499;0.0;2499.0;completed
10626;20-02-2025;sara.petersen93@gmail.com;NO;store;ACC-401;Merino socks;1;129;0.0;129.0;completed
10626;20-02-2025;sara.petersen93@gmail.com;NO;store;ACC-402;Beanie;1;199;0.0;199.0;completed
10878;20-02-2025;Magnus.Nielsen94@Yahoo.Dk;NO;web;SLP-601;Sleeping bag;1;899;0.1;809.1;completed
11213;20-02-2025;jonas.jensen97@gmail.com;DK;web;ACC-403;Headlamp;2;349;0.15;593.3;completed
12166;20-02-2025;emil.hansen11@yahoo.dk;DK;app;JKT-101;Shell jacket;1;1299;0.0;1299.0;completed
12166;20-02-2025;Emil.Hansen11@Yahoo.Dk;DK;app;BAG-301;Daypack 25L;1;549;0.0;549.0;completed
12231;20-02-2025;laura.rasmussen80@mail.dk;NO;web;JKT-102;Down jacket;1;1899;0.0;1899.0;completed
12231;20-02-2025;laura.rasmussen80@mail.dk;NO;web;ACC-402;Beanie;2;199;0.0;398.0;completed
12231;20-02-2025;laura.rasmussen80@mail.dk;NO;web;ACC-401;Merino socks;1;129;0.0;129.0;completed
12413;20-02-2025;oliver.madsen35@yahoo.dk;SE;store;ACC-403;Headlamp;2;349;0.0;698.0;completed
12413;20-02-2025;oliver.madsen35@yahoo.dk;SE;store;ACC-401;Merino socks;1;129;0.0;129.0;completed
10381;21-02-2025;noah.rasmussen39@outlook.dk;DK;web;ACC-401;Merino socks;1;129;0.0;129.0;completed
10693;21-02-2025;oliver.petersen13@gmail.com;DK;app;ACC-402;Beanie;1;199;0.1;179.1;completed
10693;21-02-2025;oliver.petersen13@gmail.com;DK;app;JKT-102;Down jacket;2;1899;0.1;3418.2;completed
10980;21-02-2025;sara.hansen54@outlook.dk;DK;web;BOT-201;Hiking boots;1;1099;0.0;1099.0;completed
11352;21-02-2025;ida.andersen96@mail.dk;DK;web;JKT-101;Shell jacket;1;1299;0.0;1299.0;completed
12643;21-02-2025;mikkel.larsen73@gmail.com;NO;store;ACC-403;Headlamp;2;349;0.15;593.3;completed
12937;21-02-2025;sara.nielsen38@mail.dk;NO;web;JKT-101;Shell jacket;1;1299;0.1;1169.1;completed
12937;21-02-2025;sara.nielsen38@mail.dk;NO;web;ACC-401;Merino socks;1;129;0.1;116.1;completed
10546;22-02-2025;oliver.christensen79@hotmail.com;SE;store;BAG-302;Trek pack 60L;1;1499;0.0;1499.0;completed
10546;22-02-2025;oliver.christensen79@hotmail.com;SE;store;ACC-401;Merino socks;1;129;0.0;129.0;completed
10722;22-02-2025;;NO;web;BAG-301;Daypack 25L;2;549;0.0;1098.0;completed
10722;22-02-2025;;NO;web;ACC-402;Beanie;1;199;0.0;199.0;completed
10722;22-02-2025;;NO;web;JKT-101;Shell jacket;2;1299;0.0;2598.0;completed
12479;22-02-2025;lars.larsen86@hotmail.com;DK;app;ACC-403;Headlamp;1;349;0.1;314.1;completed
12479;22-02-2025;lars.larsen86@hotmail.com;DK;app;ACC-402;Beanie;2;199;0.1;358.2;completed
12566;22-02-2025;jonas.andersen42@hotmail.com;DE;web;BOT-201;Hiking boots;1;1099;0.15;934.15;completed
12566;22-02-2025;jonas.andersen42@hotmail.com;DE;web;JKT-102;Down jacket;1;1899;0.15;1614.15;completed
12566;22-02-2025;Jonas.Andersen42@Hotmail.Com;DE;web;SLP-601;Sleeping bag;1;899;0.15;764.15;completed
10281;23-02-2025;Laura.Rasmussen73@Outlook.Dk;DK;web;JKT-101;Shell jacket;2;1299;0.1;2338.2;completed
10348;23-02-2025;ida.larsen52@gmail.com;DE;web;JKT-102;Down jacket;1;1899;0.0;1899.0;completed
10348;23-02-2025;ida.larsen52@gmail.com;DE;web;SLP-601;Sleeping bag;1;899;0.0;899.0;completed
10509;23-02-2025;magnus.jensen28@gmail.com;NO;web;BOT-201;Hiking boots;1;1099;0.15;934.15;completed
10763;23-02-2025;ida.nielsen45@hotmail.com;DK;web;BOT-201;Hiking boots;1;1099;0.1;989.1;completed
10825;23-02-2025;clara.madsen1@yahoo.dk;DK;web;BAG-301;Daypack 25L;1;549;0.0;549.0;completed
11431;23-02-2025;Ida.Christensen11@Outlook.Dk;SE;app;ACC-402;Beanie;2;199;0.0;398.0;completed
11431;23-02-2025;ida.christensen11@outlook.dk;SE;app;ACC-401;Merino socks;1;129;0.0;129.0;completed
11781;23-02-2025;magnus.petersen50@gmail.com;DK;web;BAG-302;Trek pack 60L;2;1499;0.0;2998.0;completed
12265;23-02-2025;mikkel.larsen51@yahoo.dk;DE;store;BAG-301;Daypack 25L;1;549;0.0;549.0;completed
10194;24-02-2025;laura.jensen2@mail.dk;DE;web;ACC-402;Beanie;2;199;0.0;398.0;completed
10194;24-02-2025;laura.jensen2@mail.dk;DE;web;JKT-101;Shell jacket;2;1299;0.0;2598.0;completed
10233;24-02-2025;ida.petersen70@mail.dk;DK;web;ACC-401;Merino socks;1;129;0.0;129.0;completed
10276;24-02-2025;mette.petersen73@yahoo.dk;NO;web;BAG-302;Trek pack 60L;1;1499;0.15;1274.15;completed
11043;24-02-2025;Jonas.Rasmussen10@Outlook.Dk;DK;web;ACC-401;Merino socks;1;129;0.1;116.1;completed
11043;24-02-2025;jonas.rasmussen10@outlook.dk;DK;web;BAG-302;Trek pack 60L;1;1499;0.1;1349.1;completed
11043;24-02-2025;jonas.rasmussen10@outlook.dk;DK;web;BAG-302;Trek pack 60L;1;1499;0.1;1349.1;completed
11274;24-02-2025;magnus.jensen39@yahoo.dk;DE;web;BOT-201;Hiking boots;2;1099;0.0;2198.0;completed
11274;24-02-2025;magnus.jensen39@yahoo.dk;DE;web;ACC-401;Merino socks;2;129;0.0;258.0;completed
11545;24-02-2025;Mette.Pedersen65@Hotmail.Com;NO;store;TNT-501;2p tent;2;2499;0.0;4998.0;completed
12232;24-02-2025;Laura.Rasmussen80@Mail.Dk;NO;web;ACC-401;Merino socks;2;129;0.15;219.3;completed
10106;25-02-2025;;DK;web;JKT-101;Shell jacket;1;1299;0.0;1299.0;completed
10172;25-02-2025;noah.petersen81@yahoo.dk;SE;web;BAG-301;Daypack 25L;1;549;0.0;549.0;completed
10773;25-02-2025;mette.jensen21@gmail.com;DE;web;SLP-601;Sleeping bag;2;899;0.0;1798.0;completed
10897;25-02-2025;jonas.christensen57@gmail.com;DK;app;ACC-401;Merino socks;1;129;0.0;129.0;completed
10897;25-02-2025;jonas.christensen57@gmail.com;DK;app;ACC-403;Headlamp;1;349;0.0;349.0;completed
11025;25-02-2025;noah.petersen69@yahoo.dk;NO;app;JKT-101;Shell jacket;1;1299;0.1;1169.1;completed
11340;25-02-2025;ida.petersen89@outlook.dk;DK;web;ACC-402;Beanie;1;199;0.0;199.0;completed
11340;25-02-2025;ida.petersen89@outlook.dk;DK;web;ACC-401;Merino socks;1;129;0.0;129.0;completed
11139;26-02-2025;Mikkel.Rasmussen59@Outlook.Dk;SE;web;TNT-501;2p tent;1;2499;0.1;2249.1;completed
11139;26-02-2025;mikkel.rasmussen59@outlook.dk;SE;web;JKT-102;Down jacket;1;1899;0.1;1709.1;completed
11248;26-02-2025;Lars.Andersen46@Hotmail.Com;DE;web;ACC-402;Beanie;2;199;0.1;358.2;completed
11248;26-02-2025;lars.andersen46@hotmail.com;DE;web;BAG-301;Daypack 25L;2;549;0.1;988.2;completed
12410;26-02-2025;Lars.Petersen49@Outlook.Dk;DK;store;BOT-201;Hiking boots;1;1099;0.0;1099.0;completed
12737;26-02-2025;clara.larsen7@outlook.dk;DK;web;JKT-102;Down jacket;1;1899;0.0;1899.0;completed
12737;26-02-2025;clara.larsen7@outlook.dk;DK;web;ACC-403;Headlamp;1;349;0.0;349.0;completed
10479;27-02-2025;sara.pedersen87@mail.dk;DK;web;ACC-401;Merino socks;2;129;0.0;258.0;completed
10479;27-02-2025;sara.pedersen87@mail.dk;DK;web;JKT-102;Down jacket;1;1899;0.0;1899.0;completed
11221;27-02-2025;sara.christensen46@gmail.com;SE;web;JKT-102;Down jacket;2;1899;0.15;3228.3;completed
11221;27-02-2025;sara.christensen46@gmail.com;SE;web;BAG-301;Daypack 25L;1;549;0.15;466.65;completed
11221;27-02-2025;sara.christensen46@gmail.com;SE;web;SLP-601;Sleeping bag;1;899;0.15;764.15;completed
12524;27-02-2025;;DK;web;ACC-401;Merino socks;2;129;0.0;258.0;completed
12524;27-02-2025;;DK;web;ACC-402;Beanie;1;199;0.0;199.0;completed
12779;27-02-2025;noah.larsen16@gmail.com;DK;web;ACC-401;Merino socks;1;129;0.0;129.0;completed
10357;28-02-2025;ida.larsen39@outlook.dk;DK;web;JKT-101;Shell jacket;1;1299;0.0;1299.0;completed
10357;28-02-2025;ida.larsen39@outlook.dk;DK;web;BOT-201;Hiking boots;1;1099;0.0;1099.0;completed
12233;28-02-2025;Laura.Rasmussen80@Mail.Dk;NO;web;ACC-401;Merino socks;1;129;0.0;129.0;completed
10762;01-03-2025;Jonas.Andersen68@Outlook.Dk;NO;web;ACC-401;Merino socks;1;129;0.0;129.0;completed
10762;01-03-2025;Jonas.Andersen68@Outlook.Dk;NO;web;BAG-301;Daypack 25L;2;549;0.0;1098.0;completed
11943;01-03-2025;Anna.Madsen59@Hotmail.Com;NO;web;ACC-403;Headlamp;1;349;0.0;349.0;completed
11943;01-03-2025;anna.madsen59@hotmail.com;NO;web;ACC-401;Merino socks;1;129;0.0;129.0;completed
12417;01-03-2025;sara.christensen81@gmail.com;NO;web;SLP-601;Sleeping bag;2;899;0.0;1798.0;completed
13076;01-03-2025;magnus.rasmussen48@gmail.com;DK;web;TNT-501;2p tent;1;2499;0.0;2499.0;completed
13076;01-03-2025;magnus.rasmussen48@gmail.com;DK;web;JKT-102;Down jacket;2;1899;0.0;3798.0;completed
13076;01-03-2025;magnus.rasmussen48@gmail.com;DK;web;ACC-401;Merino socks;1;129;0.0;129.0;completed
10911;02-03-2025;emil.larsen74@hotmail.com;DK;web;ACC-402;Beanie;2;199;0.1;358.2;completed
11313;02-03-2025;Mette.Christensen80@Outlook.Dk;DK;web;ACC-403;Headlamp;1;349;0.0;349.0;completed
11313;02-03-2025;Mette.Christensen80@Outlook.Dk;DK;web;ACC-402;Beanie;1;199;0.0;199.0;completed
11480;02-03-2025;Anna.Pedersen27@Mail.Dk;SE;web;JKT-101;Shell jacket;1;1299;0.15;1104.15;completed
11682;02-03-2025;mikkel.petersen23@mail.dk;DK;web;ACC-403;Headlamp;1;349;0.0;349.0;completed
12822;02-03-2025;magnus.larsen7@mail.dk;SE;web;ACC-402;Beanie;1;199;0.1;179.1;completed
12822;02-03-2025;magnus.larsen7@mail.dk;SE;web;ACC-403;Headlamp;2;349;0.1;628.2;completed
12822;02-03-2025;Magnus.Larsen7@Mail.Dk;SE;web;ACC-401;Merino socks;1;129;0.1;116.1;completed
13062;02-03-2025;clara.petersen53@gmail.com;DK;store;JKT-102;Down jacket;1;1899;0.1;1709.1;completed
10107;03-03-2025;sofie.madsen52@hotmail.com;DK;web;ACC-402;Beanie;2;199;0.0;398.0;completed
10107;03-03-2025;sofie.madsen52@hotmail.com;DK;web;ACC-401;Merino socks;2;129;0.0;258.0;completed
10107;03-03-2025;sofie.madsen52@hotmail.com;DK;web;BAG-301;Daypack 25L;1;549;0.0;549.0;completed
10685;03-03-2025;magnus.larsen79@gmail.com;DK;store;ACC-403;Headlamp;1;349;0.0;349.0;completed
10685;03-03-2025;magnus.larsen79@gmail.com;DK;store;ACC-401;Merino socks;1;129;0.0;129.0;completed
12348;03-03-2025;mette.petersen76@hotmail.com;NO;app;SLP-601;Sleeping bag;1;899;0.0;899.0;completed
12760;03-03-2025;freja.larsen96@yahoo.dk;DE;web;JKT-101;Shell jacket;1;1299;0.0;1299.0;completed
10030;04-03-2025;anna.rasmussen69@hotmail.com;SE;web;ACC-401;Merino socks;1;129;0.0;129.0;completed
10030;04-03-2025;Anna.Rasmussen69@Hotmail.Com;SE;web;TNT-501;2p tent;2;2499;0.0;4998.0;completed
10030;04-03-2025;anna.rasmussen69@hotmail.com;SE;web;ACC-402;Beanie;1;199;0.0;199.0;completed
12128;04-03-2025;jonas.christensen48@hotmail.com;SE;web;ACC-401;Merino socks;2;129;0.0;258.0;completed
12128;04-03-2025;jonas.christensen48@hotmail.com;SE;web;BAG-302;Trek pack 60L;1;1499;0.0;1499.0;completed
12128;04-03-2025;Jonas.Christensen48@Hotmail.Com;SE;web;JKT-101;Shell jacket;1;1299;0.0;1299.0;completed
12860;04-03-2025;mikkel.christensen54@outlook.dk;DK;web;ACC-403;Headlamp;-1;349;0.1;-314.1;refunded
10343;05-03-2025;jonas.christensen67@outlook.dk;DK;store;ACC-402;Beanie;1;199;0.1;179.1;completed
10343;05-03-2025;Jonas.Christensen67@Outlook.Dk;DK;store;ACC-401;Merino socks;1;129;0.1;116.1;completed
10454;05-03-2025;noah.christensen77@gmail.com;DK;web;ACC-401;Merino socks;1;129;0.0;129.0;completed
10454;05-03-2025;noah.christensen77@gmail.com;DK;web;ACC-403;Headlamp;1;349;0.0;349.0;completed
10752;05-03-2025;noah.rasmussen14@hotmail.com;DK;app;BAG-302;Trek pack 60L;1;1499;0.1;1349.1;completed
10752;05-03-2025;noah.rasmussen14@hotmail.com;DK;app;BAG-301;Daypack 25L;2;549;0.1;988.2;completed
10755;05-03-2025;Anna.Jensen35@Mail.Dk;DK;web;JKT-102;Down jacket;2;1899;0.0;3798.0;completed
11175;05-03-2025;sofie.pedersen61@hotmail.com;SE;web;ACC-402;Beanie;2;199;0.0;398.0;completed
11275;05-03-2025;magnus.jensen39@yahoo.dk;DE;web;JKT-101;Shell jacket;2;1299;0.0;2598.0;completed
11275;05-03-2025;magnus.jensen39@yahoo.dk;DE;web;BAG-301;Daypack 25L;1;549;0.0;549.0;completed
11450;05-03-2025;freja.madsen9@mail.dk;DE;store;BAG-301;Daypack 25L;1;549;0.15;466.65;completed
11450;05-03-2025;freja.madsen9@mail.dk;DE;store;ACC-403;Headlamp;1;349;0.15;296.65;completed
12663;05-03-2025;Emil.Madsen41@Hotmail.Com;NO;store;BAG-301;Daypack 25L;1;549;0.0;549.0;completed
12761;05-03-2025;freja.larsen96@yahoo.dk;DE;web;BAG-301;Daypack 25L;1;549;0.0;549.0;completed
10298;06-03-2025;Freja.Nielsen97@Outlook.Dk;DE;app;SLP-601;Sleeping bag;1;899;0.1;809.1;completed
10298;06-03-2025;freja.nielsen97@outlook.dk;DE;app;TNT-501;2p tent;1;2499;0.1;2249.1;completed
10298;06-03-2025;freja.nielsen97@outlook.dk;DE;app;ACC-403;Headlamp;1;349;0.1;314.1;completed
10556;06-03-2025;noah.christensen30@hotmail.com;DK;web;ACC-403;Headlamp;1;349;0.0;349.0;completed
10556;06-03-2025;noah.christensen30@hotmail.com;DK;web;ACC-402;Beanie;2;199;0.0;398.0;completed
10800;06-03-2025;Clara.Petersen75@Hotmail.Com;DK;web;ACC-402;Beanie;1;199;0.15;169.15;completed
10800;06-03-2025;clara.petersen75@hotmail.com;DK;web;ACC-401;Merino socks;1;129;0.15;109.65;completed
11585;06-03-2025;sofie.pedersen61@mail.dk;DE;web;JKT-101;Shell jacket;1;1299;0.15;1104.15;completed
11585;06-03-2025;sofie.pedersen61@mail.dk;DE;web;ACC-402;Beanie;2;199;0.15;338.3;completed
11585;06-03-2025;sofie.pedersen61@mail.dk;DE;web;BAG-301;Daypack 25L;2;549;0.15;933.3;completed
12077;06-03-2025;anna.jensen75@hotmail.com;DK;web;JKT-102;Down jacket;2;1899;0.15;3228.3;completed
12077;06-03-2025;anna.jensen75@hotmail.com;DK;web;BAG-302;Trek pack 60L;1;1499;0.15;1274.15;completed
12300;06-03-2025;freja.hansen62@hotmail.com;NO;web;BOT-201;Hiking boots;2;1099;0.15;1868.3;completed
10898;07-03-2025;jonas.christensen57@gmail.com;DK;app;BOT-201;Hiking boots;2;1099;0.0;2198.0;completed
11204;08-03-2025;mette.larsen62@mail.dk;DK;store;JKT-102;Down jacket;1;1899;0.0;1899.0;completed
11683;08-03-2025;sara.nielsen78@outlook.dk;DK;store;ACC-402;Beanie;1;199;0.0;199.0;completed
11683;08-03-2025;sara.nielsen78@outlook.dk;DK;store;ACC-401;Merino socks;1;129;0.0;129.0;completed
11683;08-03-2025;sara.nielsen78@outlook.dk;DK;store;JKT-102;Down jacket;1;1899;0.0;1899.0;completed
10521;09-03-2025;freja.petersen13@mail.dk;DE;store;JKT-102;Down jacket;1;1899;0.1;1709.1;completed
12411;09-03-2025;Lars.Petersen49@Outlook.Dk;DK;store;ACC-403;Headlamp;2;349;0.0;698.0;completed
12411;09-03-2025;lars.petersen49@outlook.dk;DK;store;ACC-401;Merino socks;1;129;0.0;129.0;completed
10031;10-03-2025;Anna.Rasmussen69@Hotmail.Com;SE;web;ACC-401;Merino socks;1;129;0.0;129.0;completed
10031;10-03-2025;anna.rasmussen69@hotmail.com;SE;web;BAG-301;Daypack 25L;2;549;0.0;1098.0;completed
10031;10-03-2025;anna.rasmussen69@hotmail.com;SE;web;BOT-201;Hiking boots;1;1099;0.0;1099.0;completed
10157;10-03-2025;emil.petersen91@gmail.com;DE;store;ACC-401;Merino socks;1;129;0.0;129.0;completed
10428;10-03-2025;mette.madsen3@mail.dk;DK;web;BOT-201;Hiking boots;1;1099;0.1;989.1;completed
11752;10-03-2025;oliver.pedersen60@yahoo.dk;DE;web;SLP-601;Sleeping bag;1;899;0.0;899.0;completed
11752;10-03-2025;oliver.pedersen60@yahoo.dk;DE;web;JKT-101;Shell jacket;1;1299;0.0;1299.0;completed
11752;10-03-2025;Oliver.Pedersen60@Yahoo.Dk;DE;web;ACC-403;Headlamp;1;349;0.0;349.0;completed
12078;10-03-2025;anna.jensen75@hotmail.com;DK;web;ACC-402;Beanie;2;199;0.0;398.0;completed
12078;10-03-2025;anna.jensen75@hotmail.com;DK;web;BAG-301;Daypack 25L;1;549;0.0;549.0;completed
12417;11-03-2025;sara.christensen81@gmail.com;NO;web;SLP-601;Sleeping bag;-2;899;0.0;-1798.0;refunded
12001;12-03-2025;magnus.hansen97@outlook.dk;SE;web;ACC-401;Merino socks;1;129;0.0;129.0;completed
12001;12-03-2025;magnus.hansen97@outlook.dk;SE;web;ACC-403;Headlamp;1;349;0.0;349.0;completed
12001;12-03-2025;magnus.hansen97@outlook.dk;SE;web;ACC-403;Headlamp;1;349;0.0;349.0;completed
12014;12-03-2025;Emil.Madsen65@Mail.Dk;NO;web;ACC-402;Beanie;1;199;0.15;169.15;completed
12014;12-03-2025;emil.madsen65@mail.dk;NO;web;BOT-201;Hiking boots;1;1099;0.15;934.15;completed
12014;12-03-2025;emil.madsen65@mail.dk;NO;web;ACC-401;Merino socks;1;129;0.15;109.65;completed
12221;12-03-2025;anna.nielsen32@yahoo.dk;SE;web;ACC-401;Merino socks;1;129;0.0;129.0;completed
10434;13-03-2025;Lars.Andersen84@Yahoo.Dk;DK;store;BAG-302;Trek pack 60L;1;1499;0.0;1499.0;completed
11668;13-03-2025;clara.larsen32@outlook.dk;NO;store;ACC-401;Merino socks;1;129;0.0;129.0;completed
12079;13-03-2025;Anna.Jensen75@Hotmail.Com;DK;web;JKT-101;Shell jacket;1;1299;0.15;1104.15;completed
12090;13-03-2025;Mikkel.Rasmussen27@Gmail.Com;DK;store;ACC-402;Beanie;2;199;0.15;338.3;completed
12450;13-03-2025;Laura.Petersen74@Outlook.Dk;DE;app;ACC-403;Headlamp;1;349;0.0;349.0;completed
12450;13-03-2025;laura.petersen74@outlook.dk;DE;app;ACC-402;Beanie;2;199;0.0;398.0;completed
12929;13-03-2025;sara.petersen54@hotmail.com;SE;store;ACC-403;Headlamp;1;349;0.0;349.0;completed
12929;13-03-2025;Sara.Petersen54@Hotmail.Com;SE;store;BOT-201;Hiking boots;1;1099;0.0;1099.0;completed
12929;13-03-2025;sara.petersen54@hotmail.com;SE;store;JKT-101;Shell jacket;1;1299;0.0;1299.0;completed
10195;14-03-2025;laura.jensen2@mail.dk;DE;web;BOT-201;Hiking boots;1;1099;0.15;934.15;completed
11072;14-03-2025;sara.madsen92@yahoo.dk;SE;web;ACC-402;Beanie;1;199;0.0;199.0;completed
11072;14-03-2025;sara.madsen92@yahoo.dk;SE;web;ACC-403;Headlamp;1;349;0.0;349.0;completed
11072;14-03-2025;sara.madsen92@yahoo.dk;SE;web;JKT-101;Shell jacket;2;1299;0.0;2598.0;completed
11367;14-03-2025;mette.pedersen23@mail.dk;DK;web;BOT-201;Hiking boots;1;1099;0.15;934.15;completed
10382;15-03-2025;Noah.Rasmussen39@Outlook.Dk;DK;web;BOT-201;Hiking boots;1;1099;0.1;989.1;completed
10382;15-03-2025;noah.rasmussen39@outlook.dk;DK;web;ACC-401;Merino socks;1;129;0.1;116.1;completed
10382;15-03-2025;Noah.Rasmussen39@Outlook.Dk;DK;web;BAG-302;Trek pack 60L;1;1499;0.1;1349.1;completed
10774;15-03-2025;Mette.Jensen21@Gmail.Com;DE;web;ACC-401;Merino socks;1;129;0.1;116.1;completed
10774;15-03-2025;mette.jensen21@gmail.com;DE;web;ACC-403;Headlamp;1;349;0.1;314.1;completed
11481;15-03-2025;Anna.Pedersen27@Mail.Dk;SE;web;SLP-601;Sleeping bag;1;899;0.0;899.0;completed
11481;15-03-2025;anna.pedersen27@mail.dk;SE;web;ACC-403;Headlamp;2;349;0.0;698.0;completed
11682;15-03-2025;mikkel.petersen23@mail.dk;DK;web;ACC-403;Headlamp;-1;349;0.0;-349.0;refunded
12358;15-03-2025;mikkel.jensen53@outlook.dk;DK;web;ACC-401;Merino socks;1;129;0.0;129.0;completed
10158;16-03-2025;emil.petersen91@gmail.com;DE;store;JKT-101;Shell jacket;2;1299;0.1;2338.2;completed
11546;16-03-2025;mette.pedersen65@hotmail.com;NO;store;ACC-403;Headlamp;1;349;0.0;349.0;completed
13016;16-03-2025;ida.christensen90@mail.dk;DE;app;BAG-301;Daypack 25L;1;549;0.15;466.65;completed
10386;17-03-2025;laura.jensen16@yahoo.dk;DK;web;BOT-201;Hiking boots;1;1099;0.1;989.1;completed
10773;17-03-2025;mette.jensen21@gmail.com;DE;web;SLP-601;Sleeping bag;-2;899;0.0;-1798.0;refunded
12091;17-03-2025;mikkel.rasmussen27@gmail.com;DK;store;JKT-101;Shell jacket;1;1299;0.0;1299.0;completed
12091;17-03-2025;Mikkel.Rasmussen27@Gmail.Com;DK;store;JKT-102;Down jacket;1;1899;0.0;1899.0;completed
12891;17-03-2025;mette.andersen9@hotmail.com;DK;store;ACC-402;Beanie;2;199;0.15;338.3;completed
12891;17-03-2025;Mette.Andersen9@Hotmail.Com;DK;store;BAG-301;Daypack 25L;2;549;0.15;933.3;completed
12891;17-03-2025;mette.andersen9@hotmail.com;DK;store;JKT-102;Down jacket;1;1899;0.15;1614.15;completed
12891;17-03-2025;Mette.Andersen9@Hotmail.Com;DK;store;BAG-301;Daypack 25L;2;549;0.15;933.3;completed
10259;18-03-2025;Sofie.Jensen26@Gmail.Com;DK;app;BOT-201;Hiking boots;1;1099;0.0;1099.0;completed
10259;18-03-2025;sofie.jensen26@gmail.com;DK;app;ACC-401;Merino socks;1;129;0.0;129.0;completed
10686;18-03-2025;Magnus.Larsen79@Gmail.Com;DK;store;BAG-301;Daypack 25L;2;549;0.0;1098.0;completed
10686;18-03-2025;magnus.larsen79@gmail.com;DK;store;SLP-601;Sleeping bag;1;899;0.0;899.0;completed
10032;19-03-2025;anna.rasmussen69@hotmail.com;SE;web;BOT-201;Hiking boots;2;1099;0.15;1868.3;completed
10032;19-03-2025;anna.rasmussen69@hotmail.com;SE;web;ACC-401;Merino socks;2;129;0.15;219.3;completed
11921;19-03-2025;laura.andersen20@hotmail.com;NO;web;BAG-301;Daypack 25L;1;549;0.1;494.1;completed
10616;20-03-2025;mette.petersen16@yahoo.dk;DE;web;BAG-301;Daypack 25L;2;549;0.0;1098.0;completed
10616;20-03-2025;mette.petersen16@yahoo.dk;DE;web;SLP-601;Sleeping bag;1;899;0.0;899.0;completed
11827;20-03-2025;ida.nielsen32@outlook.dk;DK;web;ACC-402;Beanie;1;199;0.0;199.0;completed
12829;20-03-2025;noah.larsen22@outlook.dk;DK;app;SLP-601;Sleeping bag;1;899;0.15;764.15;completed
12829;20-03-2025;noah.larsen22@outlook.dk;DK;app;TNT-501;2p tent;1;2499;0.15;2124.15;completed
12829;20-03-2025;noah.larsen22@outlook.dk;DK;app;ACC-403;Headlamp;1;349;0.15;296.65;completed
12837;20-03-2025;clara.nielsen16@outlook.dk;DK;web;ACC-401;Merino socks;1;129;0.0;129.0;completed
10387;21-03-2025;laura.jensen16@yahoo.dk;DK;web;BAG-302;Trek pack 60L;1;1499;0.1;1349.1;completed
12304;21-03-2025;anna.rasmussen81@hotmail.com;DK;store;ACC-401;Merino socks;1;129;0.1;116.1;completed
12304;21-03-2025;anna.rasmussen81@hotmail.com;DK;store;ACC-402;Beanie;1;199;0.1;179.1;completed
12304;21-03-2025;Anna.Rasmussen81@Hotmail.Com;DK;store;JKT-101;Shell jacket;1;1299;0.1;1169.1;completed
12337;21-03-2025;sara.jensen44@mail.dk;DK;store;ACC-401;Merino socks;2;129;0.0;258.0;completed
12337;21-03-2025;sara.jensen44@mail.dk;DK;store;ACC-403;Headlamp;1;349;0.0;349.0;completed
10925;22-03-2025;laura.larsen96@mail.dk;DK;web;BAG-301;Daypack 25L;1;549;0.0;549.0;completed
11402;22-03-2025;;NO;web;SLP-601;Sleeping bag;1;899;0.0;899.0;completed
11402;22-03-2025;;NO;web;JKT-101;Shell jacket;1;1299;0.0;1299.0;completed
11402;22-03-2025;;NO;web;BOT-201;Hiking boots;1;1099;0.0;1099.0;completed
11603;22-03-2025;mette.nielsen10@yahoo.dk;DK;store;ACC-402;Beanie;1;199;0.15;169.15;completed
12080;22-03-2025;anna.jensen75@hotmail.com;DK;web;ACC-403;Headlamp;2;349;0.1;628.2;completed
12080;22-03-2025;Anna.Jensen75@Hotmail.Com;DK;web;JKT-101;Shell jacket;1;1299;0.1;1169.1;completed
12080;22-03-2025;anna.jensen75@hotmail.com;DK;web;JKT-102;Down jacket;1;1899;0.1;1709.1;completed
12400;22-03-2025;mikkel.jensen53@outlook.dk;DE;web;BAG-301;Daypack 25L;2;549;0.0;1098.0;completed
12795;22-03-2025;jonas.andersen74@yahoo.dk;NO;web;SLP-601;Sleeping bag;2;899;0.0;1798.0;completed
10549;23-03-2025;Noah.Rasmussen89@Gmail.Com;DK;web;BAG-301;Daypack 25L;1;549;0.0;549.0;completed
11442;23-03-2025;ida.nielsen2@outlook.dk;DK;web;ACC-401;Merino socks;1;129;0.1;116.1;completed
11442;23-03-2025;Ida.Nielsen2@Outlook.Dk;DK;web;ACC-402;Beanie;1;199;0.1;179.1;completed
12318;23-03-2025;anna.hansen35@yahoo.dk;DK;web;ACC-401;Merino socks;1;129;0.0;129.0;completed
10908;24-03-2025;anna.madsen96@hotmail.com;DK;web;SLP-601;Sleeping bag;1;899;0.0;899.0;completed
11096;24-03-2025;magnus.madsen56@yahoo.dk;SE;web;JKT-101;Shell jacket;1;1299;0.0;1299.0;completed
11096;24-03-2025;magnus.madsen56@yahoo.dk;SE;web;JKT-102;Down jacket;2;1899;0.0;3798.0;completed
11096;24-03-2025;magnus.madsen56@yahoo.dk;SE;web;ACC-401;Merino socks;2;129;0.0;258.0;completed
11249;24-03-2025;lars.andersen46@hotmail.com;DE;web;ACC-401;Merino socks;1;129;0.0;129.0;completed
11249;24-03-2025;Lars.Andersen46@Hotmail.Com;DE;web;ACC-403;Headlamp;1;349;0.0;349.0;completed
10837;25-03-2025;sofie.hansen17@mail.dk;DK;web;ACC-403;Headlamp;1;349;0.1;314.1;completed
11716;25-03-2025;sara.pedersen79@mail.dk;DK;web;TNT-501;2p tent;1;2499;0.0;2499.0;completed
12369;25-03-2025;;DK;web;JKT-101;Shell jacket;1;1299;0.15;1104.15;completed
12557;25-03-2025;noah.christensen57@mail.dk;SE;app;TNT-501;2p tent;1;2499;0.15;2124.15;completed
12557;25-03-2025;noah.christensen57@mail.dk;SE;app;ACC-403;Headlamp;1;349;0.15;296.65;completed
12651;25-03-2025;magnus.christensen48@hotmail.com;DK;app;ACC-402;Beanie;1;199;0.1;179.1;completed
10774;26-03-2025;Mette.Jensen21@Gmail.Com;DE;web;ACC-401;Merino socks;-1;129;0.1;-116.1;refunded
11113;26-03-2025;oliver.petersen92@gmail.com;SE;web;BAG-302;Trek pack 60L;1;1499;0.1;1349.1;completed
11388;26-03-2025;laura.andersen87@yahoo.dk;DK;app;BAG-301;Daypack 25L;1;549;0.0;549.0;completed
11388;26-03-2025;laura.andersen87@yahoo.dk;DK;app;ACC-403;Headlamp;1;349;0.0;349.0;completed
11388;26-03-2025;laura.andersen87@yahoo.dk;DK;app;BOT-201;Hiking boots;1;1099;0.0;1099.0;completed
12551;26-03-2025;oliver.petersen64@outlook.dk;SE;web;TNT-501;2p tent;1;2499;0.0;2499.0;completed
12551;26-03-2025;oliver.petersen64@outlook.dk;SE;web;BOT-201;Hiking boots;1;1099;0.0;1099.0;completed
12551;26-03-2025;oliver.petersen64@outlook.dk;SE;web;JKT-101;Shell jacket;1;1299;0.0;1299.0;completed
10114;27-03-2025;anna.madsen73@mail.dk;DK;web;JKT-101;Shell jacket;1;1299;0.0;1299.0;completed
10565;27-03-2025;laura.jensen39@hotmail.com;DK;app;JKT-102;Down jacket;1;1899;0.1;1709.1;completed
10794;27-03-2025;ida.pedersen97@hotmail.com;DK;store;BAG-301;Daypack 25L;1;549;0.0;549.0;completed
10794;27-03-2025;Ida.Pedersen97@Hotmail.Com;DK;store;ACC-402;Beanie;1;199;0.0;199.0;completed
10794;27-03-2025;ida.pedersen97@hotmail.com;DK;store;BOT-201;Hiking boots;2;1099;0.0;2198.0;completed
11451;27-03-2025;freja.madsen9@mail.dk;DE;store;ACC-401;Merino socks;1;129;0.0;129.0;completed
11451;27-03-2025;freja.madsen9@mail.dk;DE;store;ACC-402;Beanie;1;199;0.0;199.0;completed
13037;27-03-2025;ida.christensen33@yahoo.dk;DK;web;JKT-101;Shell jacket;1;1299;0.1;1169.1;completed
12327;28-03-2025;ida.pedersen53@mail.dk;DE;store;BAG-302;Trek pack 60L;1;1499;0.0;1499.0;completed
11669;29-03-2025;clara.larsen32@outlook.dk;NO;store;BAG-302;Trek pack 60L;1;1499;0.0;1499.0;completed
11378;30-03-2025;Clara.Rasmussen28@Hotmail.Com;SE;web;ACC-402;Beanie;1;199;0.0;199.0;completed
12668;30-03-2025;laura.madsen65@hotmail.com;DK;web;ACC-401;Merino socks;1;129;0.0;129.0;completed
11482;31-03-2025;Noah.Larsen24@Outlook.Dk;NO;web;BAG-301;Daypack 25L;1;549;0.0;549.0;completed
11488;31-03-2025;Laura.Hansen12@Outlook.Dk;DK;web;JKT-101;Shell jacket;1;1299;0.1;1169.1;completed
11955;31-03-2025;Lars.Madsen3@Outlook.Dk;NO;web;BAG-301;Daypack 25L;1;549;0.0;549.0;completed
11955;31-03-2025;lars.madsen3@outlook.dk;NO;web;ACC-401;Merino socks;1;129;0.0;129.0;completed
12182;31-03-2025;jonas.larsen9@gmail.com;SE;web;BAG-301;Daypack 25L;2;549;0.15;933.3;completed
12182;31-03-2025;jonas.larsen9@gmail.com;SE;web;ACC-401;Merino socks;1;129;0.15;109.65;completed
12182;31-03-2025;jonas.larsen9@gmail.com;SE;web;ACC-402;Beanie;1;199;0.15;169.15;completed
12182;31-03-2025;jonas.larsen9@gmail.com;SE;web;ACC-402;Beanie;1;199;0.15;169.15;completed
12588;31-03-2025;lars.christensen4@yahoo.dk;DK;web;ACC-401;Merino socks;1;129;0.0;129.0;completed
10246;01-04-2025;anna.andersen98@outlook.dk;SE;web;ACC-401;Merino socks;1;129;0.1;116.1;completed
10246;01-04-2025;anna.andersen98@outlook.dk;SE;web;ACC-402;Beanie;1;199;0.1;179.1;completed
10329;01-04-2025;mikkel.madsen27@gmail.com;SE;store;ACC-402;Beanie;1;199;0.15;169.15;completed
10329;01-04-2025;mikkel.madsen27@gmail.com;SE;store;BOT-201;Hiking boots;2;1099;0.15;1868.3;completed
10329;01-04-2025;mikkel.madsen27@gmail.com;SE;store;ACC-401;Merino socks;2;129;0.15;219.3;completed
11073;01-04-2025;jonas.petersen75@yahoo.dk;DK;web;BOT-201;Hiking boots;2;1099;0.0;2198.0;completed
11073;01-04-2025;jonas.petersen75@yahoo.dk;DK;web;BAG-301;Daypack 25L;1;549;0.0;549.0;completed
11073;01-04-2025;jonas.petersen75@yahoo.dk;DK;web;SLP-601;Sleeping bag;1;899;0.0;899.0;completed
11586;01-04-2025;;DE;web;SLP-601;Sleeping bag;1;899;0.15;764.15;completed
12315;01-04-2025;ida.christensen31@hotmail.com;DK;app;BOT-201;Hiking boots;1;1099;0.0;1099.0;completed
12315;01-04-2025;Ida.Christensen31@Hotmail.Com;DK;app;ACC-403;Headlamp;1;349;0.0;349.0;completed
12315;01-04-2025;Ida.Christensen31@Hotmail.Com;DK;app;ACC-402;Beanie;1;199;0.0;199.0;completed
12891;01-04-2025;mette.andersen9@hotmail.com;DK;store;ACC-402;Beanie;-2;199;0.15;-338.3;refunded
10033;02-04-2025;anna.rasmussen69@hotmail.com;SE;web;JKT-101;Shell jacket;2;1299;0.0;2598.0;completed
10133;02-04-2025;magnus.larsen88@gmail.com;DK;store;ACC-401;Merino socks;1;129;0.0;129.0;completed
10133;02-04-2025;magnus.larsen88@gmail.com;DK;store;ACC-402;Beanie;2;199;0.0;398.0;completed
10133;02-04-2025;magnus.larsen88@gmail.com;DK;store;ACC-403;Headlamp;2;349;0.0;698.0;completed
12345;02-04-2025;magnus.madsen37@mail.dk;NO;app;ACC-401;Merino socks;2;129;0.0;258.0;completed
11005;03-04-2025;magnus.madsen35@mail.dk;NO;web;BAG-301;Daypack 25L;1;549;0.1;494.1;completed
11005;03-04-2025;magnus.madsen35@mail.dk;NO;web;BOT-201;Hiking boots;1;1099;0.1;989.1;completed
11134;03-04-2025;;DK;web;SLP-601;Sleeping bag;2;899;0.1;1618.2;completed
11134;03-04-2025;;DK;web;ACC-403;Headlamp;1;349;0.1;314.1;completed
11318;03-04-2025;;SE;web;SLP-601;Sleeping bag;2;899;0.1;1618.2;completed
12151;03-04-2025;sara.larsen41@gmail.com;SE;web;ACC-401;Merino socks;1;129;0.0;129.0;completed
10988;04-04-2025;magnus.jensen14@mail.dk;DE;web;JKT-101;Shell jacket;1;1299;0.0;1299.0;completed
11276;04-04-2025;magnus.jensen39@yahoo.dk;DE;web;ACC-402;Beanie;1;199;0.0;199.0;completed
11276;04-04-2025;Magnus.Jensen39@Yahoo.Dk;DE;web;ACC-403;Headlamp;1;349;0.0;349.0;completed
12444;04-04-2025;mette.larsen7@outlook.dk;DK;web;ACC-402;Beanie;1;199;0.1;179.1;completed
12444;04-04-2025;Mette.Larsen7@Outlook.Dk;DK;web;ACC-403;Headlamp;1;349;0.1;314.1;completed
12444;04-04-2025;mette.larsen7@outlook.dk;DK;web;ACC-401;Merino socks;1;129;0.1;116.1;completed
13063;04-04-2025;;DK;store;ACC-403;Headlamp;1;349;0.0;349.0;completed
13063;04-04-2025;;DK;store;BOT-201;Hiking boots;1;1099;0.0;1099.0;completed
10846;05-04-2025;freja.madsen65@mail.dk;DE;web;BOT-201;Hiking boots;1;1099;0.1;989.1;completed
10846;05-04-2025;freja.madsen65@mail.dk;DE;web;ACC-401;Merino socks;1;129;0.1;116.1;completed
10846;05-04-2025;Freja.Madsen65@Mail.Dk;DE;web;ACC-403;Headlamp;1;349;0.1;314.1;completed
11360;05-04-2025;magnus.andersen28@hotmail.com;SE;app;TNT-501;2p tent;1;2499;0.1;2249.1;completed
12222;05-04-2025;anna.nielsen32@yahoo.dk;SE;web;BAG-301;Daypack 25L;1;549;0.1;494.1;completed
12222;05-04-2025;Anna.Nielsen32@Yahoo.Dk;SE;web;JKT-101;Shell jacket;2;1299;0.1;2338.2;completed
10804;06-04-2025;clara.rasmussen73@yahoo.dk;SE;web;ACC-403;Headlamp;1;349;0.1;314.1;completed
10804;06-04-2025;Clara.Rasmussen73@Yahoo.Dk;SE;web;ACC-401;Merino socks;1;129;0.1;116.1;completed
10804;06-04-2025;clara.rasmussen73@yahoo.dk;SE;web;SLP-601;Sleeping bag;1;899;0.1;809.1;completed
12183;06-04-2025;jonas.larsen9@gmail.com;SE;web;ACC-402;Beanie;2;199;0.0;398.0;completed
12183;06-04-2025;Jonas.Larsen9@Gmail.Com;SE;web;TNT-501;2p tent;1;2499;0.0;2499.0;completed
12720;06-04-2025;sara.madsen86@hotmail.com;DE;web;ACC-401;Merino socks;1;129;0.0;129.0;completed
12720;06-04-2025;Sara.Madsen86@Hotmail.Com;DE;web;ACC-403;Headlamp;1;349;0.0;349.0;completed
11594;07-04-2025;lars.petersen75@yahoo.dk;DK;web;BAG-301;Daypack 25L;1;549;0.0;549.0;completed
11778;07-04-2025;noah.pedersen92@mail.dk;NO;web;BOT-201;Hiking boots;1;1099;0.1;989.1;completed
11778;07-04-2025;Noah.Pedersen92@Mail.Dk;NO;web;ACC-401;Merino socks;1;129;0.1;116.1;completed
11389;08-04-2025;ida.petersen80@mail.dk;NO;app;BOT-201;Hiking boots;1;1099;0.0;1099.0;completed
11389;08-04-2025;ida.petersen80@mail.dk;NO;app;BAG-301;Daypack 25L;2;549;0.0;1098.0;completed
11451;08-04-2025;freja.madsen9@mail.dk;DE;store;ACC-401;Merino socks;-1;129;0.0;-129.0;refunded
12112;08-04-2025;mikkel.christensen64@gmail.com;SE;web;BAG-301;Daypack 25L;2;549;0.1;988.2;completed
12429;08-04-2025;lars.rasmussen31@mail.dk;DE;web;BOT-201;Hiking boots;1;1099;0.15;934.15;completed
10455;09-04-2025;noah.christensen77@gmail.com;DK;web;JKT-101;Shell jacket;1;1299;0.0;1299.0;completed
10455;09-04-2025;noah.christensen77@gmail.com;DK;web;ACC-403;Headlamp;2;349;0.0;698.0;completed
12162;09-04-2025;oliver.rasmussen8@gmail.com;DK;app;BOT-201;Hiking boots;1;1099;0.0;1099.0;completed
11250;10-04-2025;Lars.Andersen46@Hotmail.Com;DE;web;ACC-402;Beanie;1;199;0.0;199.0;completed
12015;10-04-2025;Emil.Madsen65@Mail.Dk;NO;web;ACC-401;Merino socks;1;129;0.15;109.65;completed
12015;10-04-2025;Emil.Madsen65@Mail.Dk;NO;web;BOT-201;Hiking boots;1;1099;0.15;934.15;completed
12015;10-04-2025;emil.madsen65@mail.dk;NO;web;JKT-101;Shell jacket;2;1299;0.15;2208.3;completed
12121;10-04-2025;ida.jensen66@outlook.dk;DK;web;SLP-601;Sleeping bag;1;899;0.0;899.0;completed
12121;10-04-2025;Ida.Jensen66@Outlook.Dk;DK;web;ACC-402;Beanie;1;199;0.0;199.0;completed
12152;10-04-2025;sara.larsen41@gmail.com;SE;web;ACC-403;Headlamp;2;349;0.0;698.0;completed
12329;10-04-2025;mette.petersen36@mail.dk;SE;app;ACC-401;Merino socks;1;129;0.0;129.0;completed
10469;11-04-2025;mette.larsen57@hotmail.com;NO;web;BAG-301;Daypack 25L;1;549;0.1;494.1;completed
10994;11-04-2025;mikkel.andersen92@mail.dk;NO;web;ACC-403;Headlamp;2;349;0.1;628.2;completed
10994;11-04-2025;mikkel.andersen92@mail.dk;NO;web;SLP-601;Sleeping bag;1;899;0.1;809.1;completed
11020;11-04-2025;Noah.Larsen39@Outlook.Dk;DK;web;ACC-403;Headlamp;2;349;0.0;698.0;completed
11020;11-04-2025;Noah.Larsen39@Outlook.Dk;DK;web;BAG-301;Daypack 25L;1;549;0.0;549.0;completed
11020;11-04-2025;noah.larsen39@outlook.dk;DK;web;ACC-402;Beanie;1;199;0.0;199.0;completed
11767;11-04-2025;lars.larsen42@mail.dk;DK;store;ACC-401;Merino socks;1;129;0.15;109.65;completed
11767;11-04-2025;lars.larsen42@mail.dk;DK;store;JKT-101;Shell jacket;1;1299;0.15;1104.15;completed
11825;11-04-2025;Oliver.Madsen91@Mail.Dk;DK;web;BAG-301;Daypack 25L;1;549;0.1;494.1;completed
10260;12-04-2025;sofie.jensen26@gmail.com;DK;app;BAG-301;Daypack 25L;1;549;0.0;549.0;completed
10260;12-04-2025;Sofie.Jensen26@Gmail.Com;DK;app;ACC-401;Merino socks;1;129;0.0;129.0;completed
10260;12-04-2025;sofie.jensen26@gmail.com;DK;app;BOT-201;Hiking boots;1;1099;0.0;1099.0;completed
11860;12-04-2025;lars.christensen42@gmail.com;NO;app;ACC-401;Merino socks;1;129;0.0;129.0;completed
12266;12-04-2025;;DE;store;ACC-403;Headlamp;1;349;0.1;314.1;completed
12266;12-04-2025;;DE;store;BOT-201;Hiking boots;1;1099;0.1;989.1;completed
12266;12-04-2025;;DE;store;JKT-101;Shell jacket;2;1299;0.1;2338.2;completed
12684;12-04-2025;laura.rasmussen91@yahoo.dk;DK;web;ACC-401;Merino socks;1;129;0.0;129.0;completed
12684;12-04-2025;Laura.Rasmussen91@Yahoo.Dk;DK;web;BAG-301;Daypack 25L;1;549;0.0;549.0;completed
12684;12-04-2025;laura.rasmussen91@yahoo.dk;DK;web;JKT-101;Shell jacket;1;1299;0.0;1299.0;completed
10159;13-04-2025;emil.petersen91@gmail.com;DE;store;ACC-401;Merino socks;1;129;0.1;116.1;completed
10937;13-04-2025;clara.hansen83@gmail.com;DE;web;JKT-101;Shell jacket;1;1299;0.15;1104.15;completed
10937;13-04-2025;clara.hansen83@gmail.com;DE;web;TNT-501;2p tent;1;2499;0.15;2124.15;completed
10937;13-04-2025;clara.hansen83@gmail.com;DE;web;TNT-501;2p tent;1;2499;0.15;2124.15;completed
11227;13-04-2025;sara.andersen67@gmail.com;DK;app;ACC-403;Headlamp;1;349;0.0;349.0;completed
11227;13-04-2025;sara.andersen67@gmail.com;DK;app;ACC-401;Merino socks;2;129;0.0;258.0;completed
11403;13-04-2025;;NO;web;ACC-401;Merino socks;1;129;0.0;129.0;completed
12325;13-04-2025;laura.jensen2@yahoo.dk;SE;web;ACC-401;Merino socks;1;129;0.1;116.1;completed
12338;13-04-2025;Sara.Jensen44@Mail.Dk;DK;store;ACC-401;Merino socks;1;129;0.0;129.0;completed
10261;14-04-2025;Sofie.Jensen26@Gmail.Com;DK;app;ACC-402;Beanie;1;199;0.15;169.15;completed
10261;14-04-2025;Sofie.Jensen26@Gmail.Com;DK;app;ACC-401;Merino socks;1;129;0.15;109.65;completed
12950;14-04-2025;Sara.Pedersen96@Yahoo.Dk;DK;app;ACC-403;Headlamp;2;349;0.1;628.2;completed
12950;14-04-2025;sara.pedersen96@yahoo.dk;DK;app;JKT-101;Shell jacket;2;1299;0.1;2338.2;completed
12950;14-04-2025;sara.pedersen96@yahoo.dk;DK;app;ACC-401;Merino socks;2;129;0.1;232.2;completed
10049;15-04-2025;noah.christensen91@yahoo.dk;NO;web;BOT-201;Hiking boots;2;1099;0.1;1978.2;completed
10049;15-04-2025;noah.christensen91@yahoo.dk;NO;web;ACC-402;Beanie;2;199;0.1;358.2;completed
10049;15-04-2025;noah.christensen91@yahoo.dk;NO;web;BAG-302;Trek pack 60L;1;1499;0.1;1349.1;completed
10872;15-04-2025;Sofie.Hansen20@Mail.Dk;SE;web;SLP-601;Sleeping bag;1;899;0.15;764.15;completed
10872;15-04-2025;sofie.hansen20@mail.dk;SE;web;BAG-301;Daypack 25L;2;549;0.15;933.3;completed
10995;15-04-2025;Mikkel.Andersen92@Mail.Dk;NO;web;ACC-402;Beanie;1;199;0.15;169.15;completed
11974;15-04-2025;sofie.andersen8@hotmail.com;SE;web;ACC-403;Headlamp;1;349;0.0;349.0;completed
11974;15-04-2025;Sofie.Andersen8@Hotmail.Com;SE;web;ACC-402;Beanie;1;199;0.0;199.0;completed
12881;15-04-2025;Mette.Petersen46@Yahoo.Dk;SE;app;BOT-201;Hiking boots;2;1099;0.0;2198.0;completed
12881;15-04-2025;Mette.Petersen46@Yahoo.Dk;SE;app;BAG-301;Daypack 25L;1;549;0.0;549.0;completed
11088;16-04-2025;Sofie.Larsen31@Hotmail.Com;DK;web;BAG-302;Trek pack 60L;1;1499;0.0;1499.0;completed
10360;17-04-2025;oliver.jensen83@mail.dk;SE;web;ACC-402;Beanie;2;199;0.0;398.0;completed
10360;17-04-2025;oliver.jensen83@mail.dk;SE;web;JKT-102;Down jacket;1;1899;0.0;1899.0;completed
11424;17-04-2025;Mette.Nielsen81@Gmail.Com;DK;web;BOT-201;Hiking boots;2;1099;0.15;1868.3;completed
11625;17-04-2025;jonas.pedersen7@outlook.dk;DK;app;JKT-102;Down jacket;1;1899;0.0;1899.0;completed
11625;17-04-2025;Jonas.Pedersen7@Outlook.Dk;DK;app;ACC-403;Headlamp;1;349;0.0;349.0;completed
11705;17-04-2025;jonas.christensen5@hotmail.com;NO;app;JKT-101;Shell jacket;2;1299;0.1;2338.2;completed
11797;17-04-2025;ida.petersen76@yahoo.dk;DK;web;SLP-601;Sleeping bag;1;899;0.1;809.1;completed
11986;17-04-2025;lars.petersen33@gmail.com;DK;store;ACC-403;Headlamp;1;349;0.0;349.0;completed
11179;18-04-2025;anna.jensen75@yahoo.dk;DK;web;ACC-401;Merino socks;2;129;0.0;258.0;completed
11179;18-04-2025;anna.jensen75@yahoo.dk;DK;web;BAG-302;Trek pack 60L;2;1499;0.0;2998.0;completed
12453;18-04-2025;;DK;web;BAG-301;Daypack 25L;1;549;0.15;466.65;completed
10858;19-04-2025;;SE;app;TNT-501;2p tent;1;2499;0.15;2124.15;completed
10858;19-04-2025;;SE;app;BOT-201;Hiking boots;1;1099;0.15;934.15;completed
10858;19-04-2025;;SE;app;SLP-601;Sleeping bag;1;899;0.15;764.15;completed
11975;19-04-2025;Sofie.Andersen8@Hotmail.Com;SE;web;JKT-101;Shell jacket;1;1299;0.0;1299.0;completed
11975;19-04-2025;sofie.andersen8@hotmail.com;SE;web;BOT-201;Hiking boots;2;1099;0.0;2198.0;completed
10262;20-04-2025;sofie.jensen26@gmail.com;DK;app;SLP-601;Sleeping bag;1;899;0.0;899.0;completed
10262;20-04-2025;sofie.jensen26@gmail.com;DK;app;ACC-403;Headlamp;1;349;0.0;349.0;completed
12480;20-04-2025;lars.larsen86@hotmail.com;DK;app;ACC-402;Beanie;1;199;0.15;169.15;completed
10034;21-04-2025;Anna.Rasmussen69@Hotmail.Com;SE;web;ACC-401;Merino socks;1;129;0.1;116.1;completed
10034;21-04-2025;anna.rasmussen69@hotmail.com;SE;web;BAG-301;Daypack 25L;2;549;0.1;988.2;completed
10034;21-04-2025;anna.rasmussen69@hotmail.com;SE;web;ACC-402;Beanie;1;199;0.1;179.1;completed
10118;21-04-2025;Mikkel.Larsen75@Yahoo.Dk;DE;store;ACC-401;Merino socks;1;129;0.0;129.0;completed
10859;21-04-2025;laura.andersen2@gmail.com;SE;app;ACC-401;Merino socks;1;129;0.0;129.0;completed
10859;21-04-2025;laura.andersen2@gmail.com;SE;app;BAG-302;Trek pack 60L;2;1499;0.0;2998.0;completed
10859;21-04-2025;laura.andersen2@gmail.com;SE;app;ACC-403;Headlamp;1;349;0.0;349.0;completed
11976;21-04-2025;Sofie.Andersen8@Hotmail.Com;SE;web;BAG-301;Daypack 25L;1;549;0.0;549.0;completed
12430;21-04-2025;lars.rasmussen31@mail.dk;DE;web;ACC-403;Headlamp;1;349;0.1;314.1;completed
10687;22-04-2025;magnus.larsen79@gmail.com;DK;store;ACC-401;Merino socks;2;129;0.15;219.3;completed
10687;22-04-2025;Magnus.Larsen79@Gmail.Com;DK;store;ACC-402;Beanie;2;199;0.15;338.3;completed
10726;22-04-2025;freja.madsen52@yahoo.dk;DK;store;ACC-401;Merino socks;1;129;0.15;109.65;completed
11140;22-04-2025;mikkel.rasmussen59@outlook.dk;SE;web;ACC-402;Beanie;1;199;0.0;199.0;completed
11140;22-04-2025;mikkel.rasmussen59@outlook.dk;SE;web;ACC-403;Headlamp;1;349;0.0;349.0;completed
11277;22-04-2025;Magnus.Jensen39@Yahoo.Dk;DE;web;BAG-301;Daypack 25L;1;549;0.0;549.0;completed
11277;22-04-2025;magnus.jensen39@yahoo.dk;DE;web;ACC-403;Headlamp;1;349;0.0;349.0;completed
11489;22-04-2025;laura.hansen12@outlook.dk;DK;web;JKT-101;Shell jacket;1;1299;0.0;1299.0;completed
11489;22-04-2025;laura.hansen12@outlook.dk;DK;web;BAG-301;Daypack 25L;1;549;0.0;549.0;completed
10998;23-04-2025;noah.christensen6@hotmail.com;SE;store;ACC-401;Merino socks;2;129;0.1;232.2;completed
10998;23-04-2025;noah.christensen6@hotmail.com;SE;store;ACC-403;Headlamp;1;349;0.1;314.1;completed
10998;23-04-2025;noah.christensen6@hotmail.com;SE;store;BAG-301;Daypack 25L;1;549;0.1;494.1;completed
11360;23-04-2025;magnus.andersen28@hotmail.com;SE;app;TNT-501;2p tent;-1;2499;0.1;-2249.1;refunded
11360;23-04-2025;magnus.andersen28@hotmail.com;SE;app;TNT-501;2p tent;-1;2499;0.1;-2249.1;refunded
11717;23-04-2025;sara.pedersen79@mail.dk;DK;web;JKT-101;Shell jacket;1;1299;0.0;1299.0;completed
11717;23-04-2025;sara.pedersen79@mail.dk;DK;web;SLP-601;Sleeping bag;1;899;0.0;899.0;completed
11717;23-04-2025;sara.pedersen79@mail.dk;DK;web;SLP-601;Sleeping bag;1;899;0.0;899.0;completed
10237;24-04-2025;Laura.Rasmussen5@Outlook.Dk;DK;web;BAG-302;Trek pack 60L;2;1499;0.0;2998.0;completed
10237;24-04-2025;laura.rasmussen5@outlook.dk;DK;web;ACC-402;Beanie;1;199;0.0;199.0;completed
10237;24-04-2025;laura.rasmussen5@outlook.dk;DK;web;BAG-301;Daypack 25L;1;549;0.0;549.0;completed
10119;25-04-2025;Mikkel.Larsen75@Yahoo.Dk;DE;store;TNT-501;2p tent;1;2499;0.15;2124.15;completed
10119;25-04-2025;mikkel.larsen75@yahoo.dk;DE;store;JKT-101;Shell jacket;1;1299;0.15;1104.15;completed
10119;25-04-2025;Mikkel.Larsen75@Yahoo.Dk;DE;store;ACC-402;Beanie;1;199;0.15;169.15;completed
10196;25-04-2025;sofie.petersen24@gmail.com;DK;web;ACC-401;Merino socks;2;129;0.0;258.0;completed
10388;25-04-2025;laura.jensen16@yahoo.dk;DK;web;JKT-102;Down jacket;1;1899;0.15;1614.15;completed
10456;25-04-2025;Noah.Christensen77@Gmail.Com;DK;web;ACC-402;Beanie;1;199;0.0;199.0;completed
10766;25-04-2025;Oliver.Larsen75@Hotmail.Com;DK;app;ACC-402;Beanie;1;199;0.0;199.0;completed
10766;25-04-2025;oliver.larsen75@hotmail.com;DK;app;JKT-101;Shell jacket;1;1299;0.0;1299.0;completed
11040;25-04-2025;emil.larsen91@mail.dk;DK;web;BAG-301;Daypack 25L;1;549;0.1;494.1;completed
12016;25-04-2025;emil.madsen65@mail.dk;NO;web;TNT-501;2p tent;1;2499;0.0;2499.0;completed
12370;25-04-2025;jonas.christensen68@yahoo.dk;DK;web;ACC-401;Merino socks;1;129;0.0;129.0;completed
10263;26-04-2025;sofie.jensen26@gmail.com;DK;app;BAG-301;Daypack 25L;2;549;0.15;933.3;completed
10389;26-04-2025;laura.jensen16@yahoo.dk;DK;web;JKT-102;Down jacket;2;1899;0.0;3798.0;completed
10723;26-04-2025;clara.rasmussen18@mail.dk;NO;web;ACC-403;Headlamp;1;349;0.0;349.0;completed
12129;26-04-2025;mette.madsen70@yahoo.dk;DK;app;ACC-403;Headlamp;1;349;0.0;349.0;completed
12129;26-04-2025;mette.madsen70@yahoo.dk;DK;app;JKT-101;Shell jacket;1;1299;0.0;1299.0;completed
12129;26-04-2025;mette.madsen70@yahoo.dk;DK;app;BAG-301;Daypack 25L;2;549;0.0;1098.0;completed
12274;26-04-2025;lars.andersen54@yahoo.dk;NO;store;ACC-401;Merino socks;1;129;0.1;116.1;completed
12274;26-04-2025;Lars.Andersen54@Yahoo.Dk;NO;store;JKT-101;Shell jacket;1;1299;0.1;1169.1;completed
12892;26-04-2025;mette.andersen9@hotmail.com;DK;store;TNT-501;2p tent;1;2499;0.0;2499.0;completed
12930;26-04-2025;sara.petersen54@hotmail.com;SE;store;SLP-601;Sleeping bag;1;899;0.0;899.0;completed
12951;26-04-2025;sara.pedersen96@yahoo.dk;DK;app;JKT-102;Down jacket;1;1899;0.0;1899.0;completed
12951;26-04-2025;Sara.Pedersen96@Yahoo.Dk;DK;app;ACC-401;Merino socks;1;129;0.0;129.0;completed
11192;27-04-2025;lars.madsen93@gmail.com;NO;app;ACC-401;Merino socks;2;129;0.0;258.0;completed
11192;27-04-2025;lars.madsen93@gmail.com;NO;app;ACC-403;Headlamp;1;349;0.0;349.0;completed
11192;27-04-2025;Lars.Madsen93@Gmail.Com;NO;app;JKT-101;Shell jacket;1;1299;0.0;1299.0;completed
11539;27-04-2025;ida.christensen69@yahoo.dk;NO;web;ACC-403;Headlamp;1;349;0.0;349.0;completed
11718;27-04-2025;sara.pedersen79@mail.dk;DK;web;ACC-401;Merino socks;1;129;0.0;129.0;completed
12887;27-04-2025;Magnus.Pedersen47@Outlook.Dk;SE;web;ACC-402;Beanie;1;199;0.0;199.0;completed
12887;27-04-2025;magnus.pedersen47@outlook.dk;SE;web;BOT-201;Hiking boots;2;1099;0.0;2198.0;completed
10323;28-04-2025;anna.larsen52@hotmail.com;DE;web;ACC-401;Merino socks;1;129;0.0;129.0;completed
11319;28-04-2025;sofie.larsen28@outlook.dk;SE;web;ACC-401;Merino socks;2;129;0.0;258.0;completed
11738;28-04-2025;sofie.rasmussen18@gmail.com;DK;web;ACC-402;Beanie;2;199;0.15;338.3;completed
11738;28-04-2025;sofie.rasmussen18@gmail.com;DK;web;JKT-101;Shell jacket;2;1299;0.15;2208.3;completed
11738;28-04-2025;Sofie.Rasmussen18@Gmail.Com;DK;web;ACC-403;Headlamp;1;349;0.15;296.65;completed
12514;28-04-2025;;SE;web;ACC-401;Merino socks;1;129;0.0;129.0;completed
12952;28-04-2025;Sara.Pedersen96@Yahoo.Dk;DK;app;ACC-401;Merino socks;1;129;0.0;129.0;completed
10085;29-04-2025;mikkel.petersen1@mail.dk;DE;app;ACC-402;Beanie;2;199;0.0;398.0;completed
10085;29-04-2025;Mikkel.Petersen1@Mail.Dk;DE;app;ACC-401;Merino socks;1;129;0.0;129.0;completed
11645;29-04-2025;laura.nielsen55@outlook.dk;DE;app;ACC-401;Merino socks;1;129;0.0;129.0;completed
11645;29-04-2025;laura.nielsen55@outlook.dk;DE;app;ACC-402;Beanie;1;199;0.0;199.0;completed
11645;29-04-2025;laura.nielsen55@outlook.dk;DE;app;TNT-501;2p tent;2;2499;0.0;4998.0;completed
12953;29-04-2025;sara.pedersen96@yahoo.dk;DK;app;JKT-101;Shell jacket;1;1299;0.0;1299.0;completed
11684;30-04-2025;Sara.Nielsen78@Outlook.Dk;DK;store;ACC-402;Beanie;1;199;0.0;199.0;completed
11684;30-04-2025;Sara.Nielsen78@Outlook.Dk;DK;store;TNT-501;2p tent;1;2499;0.0;2499.0;completed
12253;30-04-2025;Mikkel.Jensen17@Gmail.Com;DE;web;ACC-401;Merino socks;1;129;0.1;116.1;completed
12253;30-04-2025;Mikkel.Jensen17@Gmail.Com;DE;web;JKT-102;Down jacket;2;1899;0.1;3418.2;completed
12893;30-04-2025;Mette.Andersen9@Hotmail.Com;DK;store;BOT-201;Hiking boots;1;1099;0.15;934.15;completed
12893;30-04-2025;mette.andersen9@hotmail.com;DK;store;JKT-102;Down jacket;1;1899;0.15;1614.15;completed
12893;30-04-2025;Mette.Andersen9@Hotmail.Com;DK;store;ACC-402;Beanie;1;199;0.15;169.15;completed
10548;01-05-2025;laura.pedersen32@yahoo.dk;NO;web;ACC-402;Beanie;1;199;0.0;199.0;completed
12081;01-05-2025;anna.jensen75@hotmail.com;DK;web;ACC-401;Merino socks;2;129;0.1;232.2;completed
12081;01-05-2025;anna.jensen75@hotmail.com;DK;web;JKT-101;Shell jacket;1;1299;0.1;1169.1;completed
12267;01-05-2025;magnus.larsen87@outlook.dk;DK;store;ACC-401;Merino socks;2;129;0.0;258.0;completed
10264;02-05-2025;sofie.jensen26@gmail.com;DK;app;ACC-402;Beanie;1;199;0.0;199.0;completed
12702;02-05-2025;;DK;store;ACC-402;Beanie;1;199;0.15;169.15;completed
12702;02-05-2025;;DK;store;BAG-302;Trek pack 60L;2;1499;0.15;2548.3;completed
12702;02-05-2025;;DK;store;SLP-601;Sleeping bag;1;899;0.15;764.15;completed
12931;02-05-2025;sara.petersen54@hotmail.com;SE;store;ACC-402;Beanie;1;199;0.15;169.15;completed
12931;02-05-2025;sara.petersen54@hotmail.com;SE;store;ACC-402;Beanie;1;199;0.15;169.15;completed
12170;03-05-2025;mikkel.hansen95@hotmail.com;DK;web;ACC-401;Merino socks;2;129;0.0;258.0;completed
12170;03-05-2025;Mikkel.Hansen95@Hotmail.Com;DK;web;ACC-402;Beanie;1;199;0.0;199.0;completed
10726;04-05-2025;freja.madsen52@yahoo.dk;DK;store;ACC-401;Merino socks;-1;129;0.15;-109.65;refunded
12153;04-05-2025;;SE;web;SLP-601;Sleeping bag;1;899;0.0;899.0;completed
12153;04-05-2025;;SE;web;JKT-101;Shell jacket;1;1299;0.0;1299.0;completed
12192;04-05-2025;oliver.christensen54@yahoo.dk;DK;store;ACC-403;Headlamp;1;349;0.0;349.0;completed
12192;04-05-2025;oliver.christensen54@yahoo.dk;DK;store;BAG-301;Daypack 25L;1;549;0.0;549.0;completed
12192;04-05-2025;oliver.christensen54@yahoo.dk;DK;store;ACC-402;Beanie;1;199;0.0;199.0;completed
12476;04-05-2025;jonas.pedersen13@outlook.dk;SE;web;ACC-403;Headlamp;2;349;0.0;698.0;completed
11797;05-05-2025;ida.petersen76@yahoo.dk;DK;web;SLP-601;Sleeping bag;-1;899;0.1;-809.1;refunded
11243;06-05-2025;oliver.christensen47@gmail.com;DK;web;ACC-403;Headlamp;1;349;0.0;349.0;completed
10097;07-05-2025;mikkel.larsen71@mail.dk;DE;web;BAG-301;Daypack 25L;2;549;0.1;988.2;completed
10097;07-05-2025;mikkel.larsen71@mail.dk;DE;web;ACC-402;Beanie;1;199;0.1;179.1;completed
10097;07-05-2025;Mikkel.Larsen71@Mail.Dk;DE;web;JKT-101;Shell jacket;2;1299;0.1;2338.2;completed
11377;07-05-2025;freja.petersen8@hotmail.com;DK;web;ACC-403;Headlamp;2;349;0.0;698.0;completed
11377;07-05-2025;freja.petersen8@hotmail.com;DK;web;ACC-401;Merino socks;1;129;0.0;129.0;completed
12738;07-05-2025;clara.larsen7@outlook.dk;DK;web;ACC-403;Headlamp;1;349;0.0;349.0;completed
12793;07-05-2025;jonas.hansen13@mail.dk;DK;app;ACC-401;Merino socks;1;129;0.1;116.1;completed
12793;07-05-2025;Jonas.Hansen13@Mail.Dk;DK;app;ACC-402;Beanie;1;199;0.1;179.1;completed
12796;07-05-2025;jonas.andersen74@yahoo.dk;NO;web;ACC-401;Merino socks;1;129;0.0;129.0;completed
10801;08-05-2025;clara.petersen75@hotmail.com;DK;web;BOT-201;Hiking boots;1;1099;0.1;989.1;completed
10801;08-05-2025;Clara.Petersen75@Hotmail.Com;DK;web;ACC-402;Beanie;1;199;0.1;179.1;completed
11233;08-05-2025;sofie.nielsen2@outlook.dk;DE;store;BOT-201;Hiking boots;2;1099;0.0;2198.0;completed
11233;08-05-2025;Sofie.Nielsen2@Outlook.Dk;DE;store;ACC-401;Merino socks;1;129;0.0;129.0;completed
11375;08-05-2025;jonas.christensen90@yahoo.dk;DK;web;ACC-401;Merino socks;1;129;0.0;129.0;completed
11375;08-05-2025;jonas.christensen90@yahoo.dk;DK;web;ACC-403;Headlamp;1;349;0.0;349.0;completed
11478;08-05-2025;sofie.pedersen55@hotmail.com;DE;store;BOT-201;Hiking boots;1;1099;0.0;1099.0;completed
11977;08-05-2025;sofie.andersen8@hotmail.com;SE;web;ACC-403;Headlamp;1;349;0.15;296.65;completed
12893;08-05-2025;Mette.Andersen9@Hotmail.Com;DK;store;BOT-201;Hiking boots;-1;1099;0.15;-934.15;refunded
11006;09-05-2025;;NO;web;ACC-402;Beanie;1;199;0.1;179.1;completed
11006;09-05-2025;;NO;web;BAG-301;Daypack 25L;1;549;0.1;494.1;completed
12983;09-05-2025;clara.andersen26@hotmail.com;DK;web;SLP-601;Sleeping bag;1;899;0.0;899.0;completed
11515;10-05-2025;mikkel.pedersen52@gmail.com;DK;web;TNT-501;2p tent;2;2499;0.1;4498.2;completed
12481;10-05-2025;lars.larsen86@hotmail.com;DK;app;JKT-101;Shell jacket;1;1299;0.15;1104.15;completed
10826;11-05-2025;clara.madsen1@yahoo.dk;DK;web;BAG-301;Daypack 25L;1;549;0.15;466.65;completed
10826;11-05-2025;clara.madsen1@yahoo.dk;DK;web;SLP-601;Sleeping bag;1;899;0.15;764.15;completed
10826;11-05-2025;clara.madsen1@yahoo.dk;DK;web;BAG-302;Trek pack 60L;2;1499;0.15;2548.3;completed
11595;11-05-2025;;DK;web;ACC-402;Beanie;1;199;0.0;199.0;completed
12581;11-05-2025;mette.hansen72@hotmail.com;DK;web;ACC-403;Headlamp;2;349;0.0;698.0;completed
10999;12-05-2025;noah.christensen6@hotmail.com;SE;store;JKT-102;Down jacket;2;1899;0.0;3798.0;completed
10999;12-05-2025;noah.christensen6@hotmail.com;SE;store;BAG-301;Daypack 25L;1;549;0.0;549.0;completed
11516;12-05-2025;mikkel.pedersen52@gmail.com;DK;web;ACC-403;Headlamp;1;349;0.0;349.0;completed
11978;12-05-2025;sofie.andersen8@hotmail.com;SE;web;ACC-403;Headlamp;1;349;0.1;314.1;completed
12456;12-05-2025;Ida.Hansen86@Yahoo.Dk;NO;web;ACC-402;Beanie;1;199;0.0;199.0;completed
12456;12-05-2025;Ida.Hansen86@Yahoo.Dk;NO;web;BOT-201;Hiking boots;1;1099;0.0;1099.0;completed
12456;12-05-2025;ida.hansen86@yahoo.dk;NO;web;BAG-302;Trek pack 60L;1;1499;0.0;1499.0;completed
10425;13-05-2025;mette.andersen40@yahoo.dk;DK;store;ACC-401;Merino socks;1;129;0.15;109.65;completed
10425;13-05-2025;mette.andersen40@yahoo.dk;DK;store;BOT-201;Hiking boots;1;1099;0.15;934.15;completed
10425;13-05-2025;mette.andersen40@yahoo.dk;DK;store;JKT-102;Down jacket;2;1899;0.15;3228.3;completed
11869;13-05-2025;mikkel.hansen21@outlook.dk;DK;web;JKT-102;Down jacket;1;1899;0.15;1614.15;completed
12371;13-05-2025;jonas.christensen68@yahoo.dk;DK;web;ACC-403;Headlamp;2;349;0.0;698.0;completed
12809;13-05-2025;clara.larsen2@hotmail.com;NO;web;JKT-101;Shell jacket;1;1299;0.15;1104.15;completed
12809;13-05-2025;clara.larsen2@hotmail.com;NO;web;TNT-501;2p tent;2;2499;0.15;4248.3;completed
11055;14-05-2025;emil.christensen84@hotmail.com;SE;web;BAG-302;Trek pack 60L;1;1499;0.0;1499.0;completed
11055;14-05-2025;emil.christensen84@hotmail.com;SE;web;ACC-402;Beanie;1;199;0.0;199.0;completed
11189;14-05-2025;lars.nielsen27@mail.dk;DK;web;ACC-401;Merino socks;2;129;0.0;258.0;completed
11189;14-05-2025;lars.nielsen27@mail.dk;DK;web;ACC-402;Beanie;1;199;0.0;199.0;completed
11189;14-05-2025;Lars.Nielsen27@Mail.Dk;DK;web;SLP-601;Sleeping bag;1;899;0.0;899.0;completed
12797;14-05-2025;jonas.andersen74@yahoo.dk;NO;web;ACC-401;Merino socks;2;129;0.0;258.0;completed
12797;14-05-2025;jonas.andersen74@yahoo.dk;NO;web;ACC-403;Headlamp;2;349;0.0;698.0;completed
10597;15-05-2025;;DK;web;ACC-401;Merino socks;1;129;0.15;109.65;completed
10597;15-05-2025;;DK;web;ACC-402;Beanie;1;199;0.15;169.15;completed
10661;15-05-2025;freja.jensen42@hotmail.com;DK;store;BOT-201;Hiking boots;1;1099;0.0;1099.0;completed
11130;16-05-2025;Noah.Hansen49@Gmail.Com;DE;web;BAG-302;Trek pack 60L;1;1499;0.1;1349.1;completed
11470;16-05-2025;sara.christensen73@hotmail.com;DK;web;BOT-201;Hiking boots;2;1099;0.15;1868.3;completed
11470;16-05-2025;sara.christensen73@hotmail.com;DK;web;ACC-403;Headlamp;1;349;0.15;296.65;completed
11613;16-05-2025;lars.larsen34@yahoo.dk;DK;web;ACC-401;Merino socks;1;129;0.1;116.1;completed
11613;16-05-2025;lars.larsen34@yahoo.dk;DK;web;ACC-401;Merino socks;1;129;0.1;116.1;completed
12163;16-05-2025;oliver.rasmussen8@gmail.com;DK;app;ACC-402;Beanie;1;199;0.1;179.1;completed
12163;16-05-2025;oliver.rasmussen8@gmail.com;DK;app;BAG-301;Daypack 25L;2;549;0.1;988.2;completed
12705;16-05-2025;Sofie.Hansen53@Hotmail.Com;DK;web;ACC-401;Merino socks;1;129;0.0;129.0;completed
13001;16-05-2025;ida.petersen78@hotmail.com;DK;web;ACC-401;Merino socks;1;129;0.15;109.65;completed
10061;17-05-2025;jonas.pedersen68@yahoo.dk;DK;app;JKT-102;Down jacket;1;1899;0.15;1614.15;completed
10756;17-05-2025;;DK;web;JKT-102;Down jacket;1;1899;0.0;1899.0;completed
12347;17-05-2025;laura.madsen77@outlook.dk;DK;web;ACC-403;Headlamp;2;349;0.0;698.0;completed
12347;17-05-2025;laura.madsen77@outlook.dk;DK;web;BOT-201;Hiking boots;1;1099;0.0;1099.0;completed
12347;17-05-2025;laura.madsen77@outlook.dk;DK;web;BAG-301;Daypack 25L;1;549;0.0;549.0;completed
12558;17-05-2025;noah.christensen57@mail.dk;SE;app;SLP-601;Sleeping bag;1;899;0.1;809.1;completed
12278;18-05-2025;clara.rasmussen30@gmail.com;NO;app;ACC-402;Beanie;2;199;0.0;398.0;completed
12278;18-05-2025;Clara.Rasmussen30@Gmail.Com;NO;app;SLP-601;Sleeping bag;1;899;0.0;899.0;completed
12278;18-05-2025;Clara.Rasmussen30@Gmail.Com;NO;app;ACC-401;Merino socks;1;129;0.0;129.0;completed
12431;18-05-2025;;DE;web;BOT-201;Hiking boots;1;1099;0.0;1099.0;completed
12431;18-05-2025;;DE;web;JKT-102;Down jacket;1;1899;0.0;1899.0;completed
12431;18-05-2025;;DE;web;SLP-601;Sleeping bag;1;899;0.0;899.0;completed
11217;19-05-2025;oliver.nielsen81@hotmail.com;NO;store;BOT-201;Hiking boots;1;1099;0.0;1099.0;completed
11217;19-05-2025;oliver.nielsen81@hotmail.com;NO;store;ACC-403;Headlamp;1;349;0.0;349.0;completed
11425;19-05-2025;Mette.Nielsen81@Gmail.Com;DK;web;JKT-102;Down jacket;1;1899;0.0;1899.0;completed
11425;19-05-2025;mette.nielsen81@gmail.com;DK;web;ACC-402;Beanie;1;199;0.0;199.0;completed
12482;19-05-2025;lars.larsen86@hotmail.com;DK;app;ACC-402;Beanie;2;199;0.15;338.3;completed
12482;19-05-2025;lars.larsen86@hotmail.com;DK;app;ACC-403;Headlamp;1;349;0.15;296.65;completed
12482;19-05-2025;lars.larsen86@hotmail.com;DK;app;ACC-401;Merino socks;2;129;0.15;219.3;completed
12541;19-05-2025;clara.hansen73@yahoo.dk;SE;web;BAG-301;Daypack 25L;2;549;0.0;1098.0;completed
12541;19-05-2025;clara.hansen73@yahoo.dk;SE;web;JKT-101;Shell jacket;1;1299;0.0;1299.0;completed
12541;19-05-2025;Clara.Hansen73@Yahoo.Dk;SE;web;ACC-401;Merino socks;1;129;0.0;129.0;completed
10593;20-05-2025;mikkel.rasmussen16@hotmail.com;NO;app;ACC-401;Merino socks;1;129;0.0;129.0;completed
11404;20-05-2025;emil.hansen28@hotmail.com;NO;web;BOT-201;Hiking boots;1;1099;0.15;934.15;completed
11485;20-05-2025;mikkel.nielsen91@gmail.com;DE;store;ACC-403;Headlamp;1;349;0.0;349.0;completed
11490;20-05-2025;laura.hansen12@outlook.dk;DK;web;SLP-601;Sleeping bag;1;899;0.0;899.0;completed
12889;20-05-2025;oliver.christensen86@mail.dk;DK;web;BAG-301;Daypack 25L;1;549;0.0;549.0;completed
12913;20-05-2025;clara.petersen56@gmail.com;DK;web;ACC-403;Headlamp;2;349;0.0;698.0;completed
12913;20-05-2025;clara.petersen56@gmail.com;DK;web;ACC-401;Merino socks;1;129;0.0;129.0;completed
10153;21-05-2025;sara.petersen48@yahoo.dk;SE;app;BOT-201;Hiking boots;1;1099;0.0;1099.0;completed
10543;21-05-2025;magnus.madsen4@hotmail.com;DK;web;BAG-301;Daypack 25L;2;549;0.0;1098.0;completed
10543;21-05-2025;magnus.madsen4@hotmail.com;DK;web;ACC-402;Beanie;1;199;0.0;199.0;completed
10805;21-05-2025;clara.rasmussen73@yahoo.dk;SE;web;ACC-402;Beanie;1;199;0.0;199.0;completed
10805;21-05-2025;clara.rasmussen73@yahoo.dk;SE;web;BAG-302;Trek pack 60L;1;1499;0.0;1499.0;completed
11287;21-05-2025;emil.petersen44@outlook.dk;NO;web;ACC-403;Headlamp;1;349;0.15;296.65;completed
11287;21-05-2025;emil.petersen44@outlook.dk;NO;web;BOT-201;Hiking boots;1;1099;0.15;934.15;completed
11287;21-05-2025;emil.petersen44@outlook.dk;NO;web;ACC-401;Merino socks;1;129;0.15;109.65;completed
12445;21-05-2025;mette.larsen7@outlook.dk;DK;web;JKT-101;Shell jacket;1;1299;0.1;1169.1;completed
12445;21-05-2025;mette.larsen7@outlook.dk;DK;web;BAG-302;Trek pack 60L;1;1499;0.1;1349.1;completed
10424;22-05-2025;ida.rasmussen14@mail.dk;DE;web;ACC-401;Merino socks;1;129;0.0;129.0;completed
11218;22-05-2025;oliver.nielsen81@hotmail.com;NO;store;ACC-403;Headlamp;1;349;0.0;349.0;completed
11218;22-05-2025;Oliver.Nielsen81@Hotmail.Com;NO;store;ACC-401;Merino socks;2;129;0.0;258.0;completed
12154;22-05-2025;sara.larsen41@gmail.com;SE;web;BOT-201;Hiking boots;1;1099;0.1;989.1;completed
12154;22-05-2025;sara.larsen41@gmail.com;SE;web;ACC-401;Merino socks;2;129;0.1;232.2;completed
10827;23-05-2025;Clara.Madsen1@Yahoo.Dk;DK;web;ACC-403;Headlamp;1;349;0.1;314.1;completed
10827;23-05-2025;clara.madsen1@yahoo.dk;DK;web;JKT-101;Shell jacket;2;1299;0.1;2338.2;completed
10827;23-05-2025;clara.madsen1@yahoo.dk;DK;web;BAG-302;Trek pack 60L;1;1499;0.1;1349.1;completed
10909;23-05-2025;anna.madsen96@hotmail.com;DK;web;ACC-402;Beanie;1;199;0.1;179.1;completed
10909;23-05-2025;anna.madsen96@hotmail.com;DK;web;BOT-201;Hiking boots;2;1099;0.1;1978.2;completed
11052;23-05-2025;clara.larsen57@mail.dk;DK;web;ACC-402;Beanie;2;199;0.0;398.0;completed
11106;23-05-2025;;NO;web;BOT-201;Hiking boots;1;1099;0.1;989.1;completed
11106;23-05-2025;;NO;web;ACC-402;Beanie;2;199;0.1;358.2;completed
11106;23-05-2025;;NO;web;JKT-102;Down jacket;1;1899;0.1;1709.1;completed
11106;23-05-2025;;NO;web;BOT-201;Hiking boots;1;1099;0.1;989.1;completed
11789;23-05-2025;ida.jensen29@yahoo.dk;DE;web;ACC-401;Merino socks;1;129;0.15;109.65;completed
11789;23-05-2025;Ida.Jensen29@Yahoo.Dk;DE;web;JKT-101;Shell jacket;1;1299;0.15;1104.15;completed
11952;23-05-2025;jonas.andersen93@outlook.dk;DE;store;BAG-301;Daypack 25L;1;549;0.0;549.0;completed
11952;23-05-2025;jonas.andersen93@outlook.dk;DE;store;ACC-401;Merino socks;1;129;0.0;129.0;completed
11952;23-05-2025;jonas.andersen93@outlook.dk;DE;store;TNT-501;2p tent;1;2499;0.0;2499.0;completed
11997;23-05-2025;Noah.Andersen92@Gmail.Com;DK;web;ACC-402;Beanie;2;199;0.1;358.2;completed
11997;23-05-2025;Noah.Andersen92@Gmail.Com;DK;web;ACC-403;Headlamp;2;349;0.1;628.2;completed
11997;23-05-2025;noah.andersen92@gmail.com;DK;web;ACC-401;Merino socks;2;129;0.1;232.2;completed
12495;23-05-2025;ida.pedersen69@yahoo.dk;DK;app;ACC-402;Beanie;2;199;0.1;358.2;completed
13031;23-05-2025;oliver.hansen80@outlook.dk;SE;web;JKT-101;Shell jacket;1;1299;0.1;1169.1;completed
13031;23-05-2025;oliver.hansen80@outlook.dk;SE;web;ACC-402;Beanie;1;199;0.1;179.1;completed
11646;24-05-2025;laura.nielsen55@outlook.dk;DE;app;ACC-402;Beanie;1;199;0.0;199.0;completed
11646;24-05-2025;laura.nielsen55@outlook.dk;DE;app;BOT-201;Hiking boots;2;1099;0.0;2198.0;completed
11646;24-05-2025;Laura.Nielsen55@Outlook.Dk;DE;app;BAG-301;Daypack 25L;1;549;0.0;549.0;completed
12155;24-05-2025;sara.larsen41@gmail.com;SE;web;ACC-402;Beanie;1;199;0.0;199.0;completed
12155;24-05-2025;sara.larsen41@gmail.com;SE;web;BAG-301;Daypack 25L;1;549;0.0;549.0;completed
12155;24-05-2025;Sara.Larsen41@Gmail.Com;SE;web;ACC-403;Headlamp;1;349;0.0;349.0;completed
12894;24-05-2025;Mette.Andersen9@Hotmail.Com;DK;store;BAG-301;Daypack 25L;1;549;0.15;466.65;completed
12894;24-05-2025;mette.andersen9@hotmail.com;DK;store;ACC-401;Merino socks;1;129;0.15;109.65;completed
11000;25-05-2025;noah.christensen6@hotmail.com;SE;store;ACC-401;Merino socks;1;129;0.1;116.1;completed
11000;25-05-2025;noah.christensen6@hotmail.com;SE;store;BOT-201;Hiking boots;1;1099;0.1;989.1;completed
11000;25-05-2025;Noah.Christensen6@Hotmail.Com;SE;store;BAG-301;Daypack 25L;1;549;0.1;494.1;completed
11000;25-05-2025;noah.christensen6@hotmail.com;SE;store;ACC-401;Merino socks;1;129;0.1;116.1;completed
11222;25-05-2025;sara.christensen46@gmail.com;SE;web;ACC-403;Headlamp;2;349;0.1;628.2;completed
11685;25-05-2025;sara.nielsen78@outlook.dk;DK;store;BAG-302;Trek pack 60L;1;1499;0.0;1499.0;completed
11768;25-05-2025;lars.larsen42@mail.dk;DK;store;ACC-402;Beanie;2;199;0.15;338.3;completed
11790;25-05-2025;ida.jensen29@yahoo.dk;DE;web;ACC-401;Merino socks;2;129;0.15;219.3;completed
11908;25-05-2025;;NO;web;ACC-403;Headlamp;1;349;0.0;349.0;completed
12721;25-05-2025;sara.madsen86@hotmail.com;DE;web;TNT-501;2p tent;1;2499;0.0;2499.0;completed
13077;25-05-2025;magnus.rasmussen48@gmail.com;DK;web;ACC-401;Merino socks;1;129;0.0;129.0;completed
10340;26-05-2025;Emil.Rasmussen58@Mail.Dk;DK;store;BAG-301;Daypack 25L;1;549;0.1;494.1;completed
10340;26-05-2025;emil.rasmussen58@mail.dk;DK;store;ACC-403;Headlamp;1;349;0.1;314.1;completed
10340;26-05-2025;emil.rasmussen58@mail.dk;DK;store;JKT-102;Down jacket;2;1899;0.1;3418.2;completed
11100;26-05-2025;magnus.jensen51@outlook.dk;DK;app;BOT-201;Hiking boots;1;1099;0.1;989.1;completed
11100;26-05-2025;magnus.jensen51@outlook.dk;DK;app;SLP-601;Sleeping bag;1;899;0.1;809.1;completed
11228;26-05-2025;sara.andersen67@gmail.com;DK;app;BOT-201;Hiking boots;1;1099;0.15;934.15;completed
11228;26-05-2025;sara.andersen67@gmail.com;DK;app;ACC-402;Beanie;1;199;0.15;169.15;completed
11491;26-05-2025;laura.hansen12@outlook.dk;DK;web;ACC-401;Merino socks;2;129;0.0;258.0;completed
12136;27-05-2025;Sofie.Petersen86@Hotmail.Com;DK;web;SLP-601;Sleeping bag;1;899;0.1;809.1;completed
12136;27-05-2025;sofie.petersen86@hotmail.com;DK;web;JKT-102;Down jacket;1;1899;0.1;1709.1;completed
12136;27-05-2025;sofie.petersen86@hotmail.com;DK;web;ACC-401;Merino socks;1;129;0.1;116.1;completed
12483;27-05-2025;Lars.Larsen86@Hotmail.Com;DK;app;BAG-301;Daypack 25L;1;549;0.1;494.1;completed
10144;28-05-2025;sofie.petersen57@yahoo.dk;DE;web;BOT-201;Hiking boots;1;1099;0.1;989.1;completed
10268;28-05-2025;Emil.Rasmussen80@Outlook.Dk;SE;app;ACC-403;Headlamp;2;349;0.0;698.0;completed
10899;28-05-2025;jonas.christensen57@gmail.com;DK;app;BAG-301;Daypack 25L;1;549;0.0;549.0;completed
10899;28-05-2025;jonas.christensen57@gmail.com;DK;app;ACC-401;Merino socks;1;129;0.0;129.0;completed
11288;28-05-2025;Emil.Petersen44@Outlook.Dk;NO;web;SLP-601;Sleeping bag;1;899;0.15;764.15;completed
11288;28-05-2025;emil.petersen44@outlook.dk;NO;web;ACC-402;Beanie;1;199;0.15;169.15;completed
11757;28-05-2025;anna.nielsen41@mail.dk;DK;web;ACC-401;Merino socks;2;129;0.1;232.2;completed
11757;28-05-2025;anna.nielsen41@mail.dk;DK;web;JKT-101;Shell jacket;2;1299;0.1;2338.2;completed
11757;28-05-2025;anna.nielsen41@mail.dk;DK;web;ACC-402;Beanie;2;199;0.1;358.2;completed
11861;28-05-2025;lars.christensen42@gmail.com;NO;app;ACC-403;Headlamp;1;349;0.15;296.65;completed
11861;28-05-2025;Lars.Christensen42@Gmail.Com;NO;app;ACC-401;Merino socks;2;129;0.15;219.3;completed
12484;28-05-2025;lars.larsen86@hotmail.com;DK;app;JKT-102;Down jacket;1;1899;0.0;1899.0;completed
10134;29-05-2025;magnus.larsen88@gmail.com;DK;store;ACC-403;Headlamp;2;349;0.15;593.3;completed
10134;29-05-2025;magnus.larsen88@gmail.com;DK;store;JKT-102;Down jacket;2;1899;0.15;3228.3;completed
10853;29-05-2025;sofie.larsen27@mail.dk;SE;store;BAG-301;Daypack 25L;2;549;0.0;1098.0;completed
10853;29-05-2025;Sofie.Larsen27@Mail.Dk;SE;store;ACC-403;Headlamp;2;349;0.0;698.0;completed
10853;29-05-2025;sofie.larsen27@mail.dk;SE;store;ACC-401;Merino socks;1;129;0.0;129.0;completed
12414;29-05-2025;oliver.madsen35@yahoo.dk;SE;store;ACC-401;Merino socks;1;129;0.15;109.65;completed
10135;30-05-2025;magnus.larsen88@gmail.com;DK;store;BOT-201;Hiking boots;1;1099;0.0;1099.0;completed
11101;30-05-2025;magnus.jensen51@outlook.dk;DK;app;SLP-601;Sleeping bag;1;899;0.0;899.0;completed
11101;30-05-2025;magnus.jensen51@outlook.dk;DK;app;ACC-401;Merino socks;2;129;0.0;258.0;completed
11101;30-05-2025;magnus.jensen51@outlook.dk;DK;app;BAG-301;Daypack 25L;1;549;0.0;549.0;completed
11229;30-05-2025;sara.andersen67@gmail.com;DK;app;ACC-402;Beanie;2;199;0.0;398.0;completed
11229;30-05-2025;sara.andersen67@gmail.com;DK;app;ACC-401;Merino socks;1;129;0.0;129.0;completed
13002;30-05-2025;ida.petersen78@hotmail.com;DK;web;BOT-201;Hiking boots;1;1099;0.1;989.1;completed
13002;30-05-2025;ida.petersen78@hotmail.com;DK;web;TNT-501;2p tent;1;2499;0.1;2249.1;completed
13002;30-05-2025;ida.petersen78@hotmail.com;DK;web;JKT-101;Shell jacket;1;1299;0.1;1169.1;completed
11265;31-05-2025;laura.larsen13@hotmail.com;SE;web;JKT-102;Down jacket;2;1899;0.0;3798.0;completed
12525;31-05-2025;magnus.nielsen79@gmail.com;DK;web;ACC-401;Merino socks;1;129;0.0;129.0;completed
12525;31-05-2025;magnus.nielsen79@gmail.com;DK;web;ACC-403;Headlamp;1;349;0.0;349.0;completed
11193;01-06-2025;Sofie.Madsen65@Yahoo.Dk;NO;web;JKT-102;Down jacket;1;1899;0.15;1614.15;completed
11193;01-06-2025;sofie.madsen65@yahoo.dk;NO;web;BAG-302;Trek pack 60L;2;1499;0.15;2548.3;completed
12017;01-06-2025;emil.madsen65@mail.dk;NO;web;BAG-301;Daypack 25L;1;549;0.1;494.1;completed
13003;01-06-2025;Ida.Petersen78@Hotmail.Com;DK;web;ACC-403;Headlamp;2;349;0.0;698.0;completed
13003;01-06-2025;ida.petersen78@hotmail.com;DK;web;ACC-401;Merino socks;1;129;0.0;129.0;completed
13003;01-06-2025;ida.petersen78@hotmail.com;DK;web;BOT-201;Hiking boots;1;1099;0.0;1099.0;completed
10050;02-06-2025;noah.christensen91@yahoo.dk;NO;web;BAG-301;Daypack 25L;2;549;0.1;988.2;completed
10050;02-06-2025;noah.christensen91@yahoo.dk;NO;web;BAG-302;Trek pack 60L;1;1499;0.1;1349.1;completed
10557;02-06-2025;Noah.Christensen30@Hotmail.Com;DK;web;SLP-601;Sleeping bag;2;899;0.15;1528.3;completed
10557;02-06-2025;noah.christensen30@hotmail.com;DK;web;ACC-401;Merino socks;1;129;0.15;109.65;completed
10557;02-06-2025;noah.christensen30@hotmail.com;DK;web;BAG-301;Daypack 25L;1;549;0.15;466.65;completed
11596;02-06-2025;lars.petersen75@yahoo.dk;DK;web;JKT-102;Down jacket;1;1899;0.0;1899.0;completed
11596;02-06-2025;lars.petersen75@yahoo.dk;DK;web;BAG-302;Trek pack 60L;2;1499;0.0;2998.0;completed
11647;02-06-2025;;DE;app;ACC-401;Merino socks;2;129;0.0;258.0;completed
11647;02-06-2025;;DE;app;ACC-402;Beanie;2;199;0.0;398.0;completed
12739;02-06-2025;clara.larsen7@outlook.dk;DK;web;ACC-401;Merino socks;2;129;0.0;258.0;completed
12739;02-06-2025;clara.larsen7@outlook.dk;DK;web;ACC-402;Beanie;1;199;0.0;199.0;completed
12739;02-06-2025;clara.larsen7@outlook.dk;DK;web;BAG-301;Daypack 25L;1;549;0.0;549.0;completed
10828;03-06-2025;Clara.Madsen1@Yahoo.Dk;DK;web;ACC-401;Merino socks;1;129;0.0;129.0;completed
11001;03-06-2025;noah.christensen6@hotmail.com;SE;store;BAG-302;Trek pack 60L;1;1499;0.0;1499.0;completed
11452;03-06-2025;freja.madsen9@mail.dk;DE;store;SLP-601;Sleeping bag;1;899;0.1;809.1;completed
11452;03-06-2025;freja.madsen9@mail.dk;DE;store;ACC-401;Merino socks;1;129;0.1;116.1;completed
11452;03-06-2025;Freja.Madsen9@Mail.Dk;DE;store;ACC-402;Beanie;1;199;0.1;179.1;completed
11922;03-06-2025;laura.andersen20@hotmail.com;NO;web;SLP-601;Sleeping bag;1;899;0.1;809.1;completed
11922;03-06-2025;laura.andersen20@hotmail.com;NO;web;JKT-101;Shell jacket;2;1299;0.1;2338.2;completed
12137;03-06-2025;sofie.petersen86@hotmail.com;DK;web;BAG-301;Daypack 25L;1;549;0.0;549.0;completed
10127;04-06-2025;sofie.andersen53@hotmail.com;DK;web;ACC-403;Headlamp;1;349;0.0;349.0;completed
10127;04-06-2025;sofie.andersen53@hotmail.com;DK;web;ACC-402;Beanie;1;199;0.0;199.0;completed
10480;04-06-2025;jonas.madsen8@mail.dk;SE;web;JKT-101;Shell jacket;1;1299;0.1;1169.1;completed
10480;04-06-2025;Jonas.Madsen8@Mail.Dk;SE;web;ACC-401;Merino socks;1;129;0.1;116.1;completed
10700;04-06-2025;Oliver.Madsen53@Gmail.Com;DK;store;SLP-601;Sleeping bag;1;899;0.15;764.15;completed
10926;04-06-2025;;NO;web;JKT-101;Shell jacket;1;1299;0.0;1299.0;completed
11753;04-06-2025;oliver.pedersen60@yahoo.dk;DE;web;ACC-402;Beanie;2;199;0.0;398.0;completed
11753;04-06-2025;Oliver.Pedersen60@Yahoo.Dk;DE;web;JKT-102;Down jacket;1;1899;0.0;1899.0;completed
12928;04-06-2025;ida.rasmussen6@yahoo.dk;DK;app;BOT-201;Hiking boots;1;1099;0.0;1099.0;completed
12928;04-06-2025;ida.rasmussen6@yahoo.dk;DK;app;ACC-403;Headlamp;1;349;0.0;349.0;completed
12928;04-06-2025;Ida.Rasmussen6@Yahoo.Dk;DK;app;JKT-101;Shell jacket;1;1299;0.0;1299.0;completed
10701;05-06-2025;oliver.madsen53@gmail.com;DK;store;TNT-501;2p tent;1;2499;0.0;2499.0;completed
10701;05-06-2025;Oliver.Madsen53@Gmail.Com;DK;store;ACC-402;Beanie;1;199;0.0;199.0;completed
10481;06-06-2025;Jonas.Madsen8@Mail.Dk;SE;web;SLP-601;Sleeping bag;1;899;0.0;899.0;completed
10481;06-06-2025;jonas.madsen8@mail.dk;SE;web;ACC-402;Beanie;2;199;0.0;398.0;completed
10481;06-06-2025;jonas.madsen8@mail.dk;SE;web;ACC-401;Merino socks;1;129;0.0;129.0;completed
11206;06-06-2025;anna.jensen57@hotmail.com;SE;web;ACC-401;Merino socks;1;129;0.0;129.0;completed
11206;06-06-2025;Anna.Jensen57@Hotmail.Com;SE;web;ACC-403;Headlamp;2;349;0.0;698.0;completed
11474;06-06-2025;lars.pedersen50@yahoo.dk;NO;store;BOT-201;Hiking boots;1;1099;0.0;1099.0;completed
11474;06-06-2025;lars.pedersen50@yahoo.dk;NO;store;ACC-401;Merino socks;1;129;0.0;129.0;completed
11474;06-06-2025;Lars.Pedersen50@Yahoo.Dk;NO;store;BAG-301;Daypack 25L;1;549;0.0;549.0;completed
11517;06-06-2025;mikkel.pedersen52@gmail.com;DK;web;ACC-402;Beanie;1;199;0.1;179.1;completed
11517;06-06-2025;Mikkel.Pedersen52@Gmail.Com;DK;web;ACC-403;Headlamp;1;349;0.1;314.1;completed
11517;06-06-2025;mikkel.pedersen52@gmail.com;DK;web;ACC-402;Beanie;1;199;0.1;179.1;completed
10062;07-06-2025;jonas.pedersen68@yahoo.dk;DK;app;ACC-402;Beanie;1;199;0.0;199.0;completed
10304;07-06-2025;sofie.andersen3@hotmail.com;DE;web;JKT-102;Down jacket;1;1899;0.0;1899.0;completed
10320;07-06-2025;freja.larsen39@gmail.com;DK;web;JKT-101;Shell jacket;1;1299;0.15;1104.15;completed
12104;07-06-2025;emil.rasmussen88@gmail.com;SE;app;BAG-301;Daypack 25L;1;549;0.0;549.0;completed
12954;07-06-2025;sara.pedersen96@yahoo.dk;DK;app;BOT-201;Hiking boots;2;1099;0.15;1868.3;completed
11126;08-06-2025;anna.christensen67@yahoo.dk;DK;web;ACC-402;Beanie;2;199;0.0;398.0;completed
11492;08-06-2025;Laura.Hansen12@Outlook.Dk;DK;web;BAG-302;Trek pack 60L;1;1499;0.0;1499.0;completed
12184;08-06-2025;jonas.larsen9@gmail.com;SE;web;ACC-402;Beanie;1;199;0.0;199.0;completed
12184;08-06-2025;Jonas.Larsen9@Gmail.Com;SE;web;ACC-401;Merino socks;1;129;0.0;129.0;completed
12184;08-06-2025;jonas.larsen9@gmail.com;SE;web;ACC-403;Headlamp;2;349;0.0;698.0;completed
12955;08-06-2025;Sara.Pedersen96@Yahoo.Dk;DK;app;JKT-101;Shell jacket;1;1299;0.15;1104.15;completed
12955;08-06-2025;sara.pedersen96@yahoo.dk;DK;app;BOT-201;Hiking boots;1;1099;0.15;934.15;completed
13078;08-06-2025;magnus.rasmussen48@gmail.com;DK;web;SLP-601;Sleeping bag;1;899;0.0;899.0;completed
13078;08-06-2025;Magnus.Rasmussen48@Gmail.Com;DK;web;ACC-403;Headlamp;1;349;0.0;349.0;completed
10088;09-06-2025;jonas.madsen63@hotmail.com;DE;store;BOT-201;Hiking boots;1;1099;0.0;1099.0;completed
10247;09-06-2025;;SE;web;ACC-403;Headlamp;1;349;0.0;349.0;completed
10247;09-06-2025;;SE;web;ACC-402;Beanie;1;199;0.0;199.0;completed
10659;09-06-2025;sara.rasmussen12@gmail.com;SE;web;JKT-102;Down jacket;2;1899;0.0;3798.0;completed
10659;09-06-2025;sara.rasmussen12@gmail.com;SE;web;ACC-402;Beanie;2;199;0.0;398.0;completed
10900;09-06-2025;jonas.christensen57@gmail.com;DK;app;ACC-401;Merino socks;1;129;0.15;109.65;completed
12652;09-06-2025;magnus.christensen48@hotmail.com;DK;app;ACC-402;Beanie;2;199;0.0;398.0;completed
12652;09-06-2025;magnus.christensen48@hotmail.com;DK;app;ACC-401;Merino socks;2;129;0.0;258.0;completed
13012;09-06-2025;ida.larsen83@hotmail.com;DK;web;BAG-301;Daypack 25L;1;549;0.15;466.65;completed
10184;10-06-2025;clara.petersen43@hotmail.com;DK;store;ACC-402;Beanie;1;199;0.0;199.0;completed
10482;10-06-2025;jonas.madsen8@mail.dk;SE;web;SLP-601;Sleeping bag;1;899;0.0;899.0;completed
10482;10-06-2025;jonas.madsen8@mail.dk;SE;web;BAG-301;Daypack 25L;1;549;0.0;549.0;completed
10482;10-06-2025;jonas.madsen8@mail.dk;SE;web;ACC-401;Merino socks;1;129;0.0;129.0;completed
11316;10-06-2025;;DK;store;JKT-101;Shell jacket;1;1299;0.15;1104.15;completed
11453;10-06-2025;freja.madsen9@mail.dk;DE;store;ACC-402;Beanie;2;199;0.0;398.0;completed
11453;10-06-2025;freja.madsen9@mail.dk;DE;store;ACC-401;Merino socks;2;129;0.0;258.0;completed
12082;10-06-2025;anna.jensen75@hotmail.com;DK;web;BOT-201;Hiking boots;2;1099;0.0;2198.0;completed
10429;11-06-2025;mette.madsen3@mail.dk;DK;web;ACC-401;Merino socks;1;129;0.15;109.65;completed
11225;11-06-2025;lars.jensen87@outlook.dk;DK;web;BAG-301;Daypack 25L;1;549;0.0;549.0;completed
11225;11-06-2025;lars.jensen87@outlook.dk;DK;web;ACC-402;Beanie;1;199;0.0;199.0;completed
11349;11-06-2025;mikkel.petersen95@outlook.dk;SE;web;ACC-401;Merino socks;1;129;0.1;116.1;completed
11349;11-06-2025;Mikkel.Petersen95@Outlook.Dk;SE;web;SLP-601;Sleeping bag;2;899;0.1;1618.2;completed
11349;11-06-2025;Mikkel.Petersen95@Outlook.Dk;SE;web;SLP-601;Sleeping bag;2;899;0.1;1618.2;completed
10702;12-06-2025;oliver.madsen53@gmail.com;DK;store;JKT-101;Shell jacket;1;1299;0.15;1104.15;completed
10702;12-06-2025;oliver.madsen53@gmail.com;DK;store;ACC-401;Merino socks;1;129;0.15;109.65;completed
10702;12-06-2025;oliver.madsen53@gmail.com;DK;store;ACC-401;Merino socks;1;129;0.15;109.65;completed
10279;13-06-2025;clara.petersen60@yahoo.dk;DK;web;BAG-302;Trek pack 60L;1;1499;0.0;1499.0;completed
10864;13-06-2025;Magnus.Christensen44@Yahoo.Dk;NO;app;BOT-201;Hiking boots;1;1099;0.15;934.15;completed
10864;13-06-2025;magnus.christensen44@yahoo.dk;NO;app;ACC-402;Beanie;2;199;0.15;338.3;completed
11429;13-06-2025;magnus.larsen22@gmail.com;SE;app;SLP-601;Sleeping bag;1;899;0.0;899.0;completed
11429;13-06-2025;magnus.larsen22@gmail.com;SE;app;ACC-403;Headlamp;1;349;0.0;349.0;completed
11937;13-06-2025;ida.pedersen72@outlook.dk;DK;web;ACC-403;Headlamp;2;349;0.0;698.0;completed
10390;14-06-2025;laura.jensen16@yahoo.dk;DK;web;ACC-402;Beanie;2;199;0.15;338.3;completed
10938;14-06-2025;Clara.Hansen83@Gmail.Com;DE;web;BAG-301;Daypack 25L;1;549;0.15;466.65;completed
12312;14-06-2025;noah.christensen90@hotmail.com;DK;web;ACC-403;Headlamp;1;349;0.1;314.1;completed
12312;14-06-2025;Noah.Christensen90@Hotmail.Com;DK;web;BOT-201;Hiking boots;1;1099;0.1;989.1;completed
12610;14-06-2025;ida.hansen3@yahoo.dk;DE;web;TNT-501;2p tent;1;2499;0.0;2499.0;completed
12610;14-06-2025;ida.hansen3@yahoo.dk;DE;web;JKT-101;Shell jacket;1;1299;0.0;1299.0;completed
11491;15-06-2025;laura.hansen12@outlook.dk;DK;web;ACC-401;Merino socks;-2;129;0.0;-258.0;refunded
12092;15-06-2025;mikkel.rasmussen27@gmail.com;DK;store;ACC-402;Beanie;1;199;0.0;199.0;completed
12467;15-06-2025;magnus.jensen31@hotmail.com;DK;app;ACC-403;Headlamp;1;349;0.1;314.1;completed
12467;15-06-2025;magnus.jensen31@hotmail.com;DK;app;BAG-301;Daypack 25L;2;549;0.1;988.2;completed
11820;16-06-2025;laura.larsen16@outlook.dk;DK;web;BAG-301;Daypack 25L;1;549;0.15;466.65;completed
11820;16-06-2025;Laura.Larsen16@Outlook.Dk;DK;web;JKT-101;Shell jacket;1;1299;0.15;1104.15;completed
12093;16-06-2025;Mikkel.Rasmussen27@Gmail.Com;DK;store;ACC-401;Merino socks;1;129;0.0;129.0;completed
12093;16-06-2025;Mikkel.Rasmussen27@Gmail.Com;DK;store;BOT-201;Hiking boots;1;1099;0.0;1099.0;completed
12093;16-06-2025;Mikkel.Rasmussen27@Gmail.Com;DK;store;BOT-201;Hiking boots;1;1099;0.0;1099.0;completed
12567;16-06-2025;Jonas.Andersen42@Hotmail.Com;DE;web;JKT-102;Down jacket;1;1899;0.0;1899.0;completed
12567;16-06-2025;Jonas.Andersen42@Hotmail.Com;DE;web;ACC-402;Beanie;1;199;0.0;199.0;completed
11007;17-06-2025;sara.nielsen58@outlook.dk;DK;store;ACC-402;Beanie;1;199;0.0;199.0;completed
11007;17-06-2025;Sara.Nielsen58@Outlook.Dk;DK;store;BAG-301;Daypack 25L;2;549;0.0;1098.0;completed
12185;17-06-2025;jonas.larsen9@gmail.com;SE;web;ACC-401;Merino socks;1;129;0.0;129.0;completed
12568;17-06-2025;jonas.andersen42@hotmail.com;DE;web;ACC-402;Beanie;2;199;0.15;338.3;completed
12349;18-06-2025;mette.petersen76@hotmail.com;NO;app;ACC-401;Merino socks;1;129;0.1;116.1;completed
12349;18-06-2025;mette.petersen76@hotmail.com;NO;app;ACC-402;Beanie;1;199;0.1;179.1;completed
12440;18-06-2025;lars.christensen44@mail.dk;DK;app;ACC-402;Beanie;1;199;0.0;199.0;completed
12440;18-06-2025;lars.christensen44@mail.dk;DK;app;BOT-201;Hiking boots;1;1099;0.0;1099.0;completed
12440;18-06-2025;lars.christensen44@mail.dk;DK;app;JKT-101;Shell jacket;1;1299;0.0;1299.0;completed
12693;18-06-2025;sara.pedersen97@yahoo.dk;DK;store;ACC-401;Merino socks;1;129;0.1;116.1;completed
10255;19-06-2025;sofie.larsen12@mail.dk;DK;web;ACC-401;Merino socks;2;129;0.0;258.0;completed
10280;19-06-2025;lars.hansen54@mail.dk;DK;store;JKT-102;Down jacket;1;1899;0.1;1709.1;completed
10280;19-06-2025;Lars.Hansen54@Mail.Dk;DK;store;JKT-101;Shell jacket;1;1299;0.1;1169.1;completed
10391;19-06-2025;Laura.Jensen16@Yahoo.Dk;DK;web;ACC-401;Merino socks;1;129;0.1;116.1;completed
10391;19-06-2025;laura.jensen16@yahoo.dk;DK;web;BOT-201;Hiking boots;2;1099;0.1;1978.2;completed
10482;19-06-2025;jonas.madsen8@mail.dk;SE;web;SLP-601;Sleeping bag;-1;899;0.0;-899.0;refunded
11531;19-06-2025;jonas.larsen64@hotmail.com;DK;store;JKT-102;Down jacket;1;1899;0.1;1709.1;completed
11531;19-06-2025;Jonas.Larsen64@Hotmail.Com;DK;store;ACC-403;Headlamp;1;349;0.1;314.1;completed
11531;19-06-2025;jonas.larsen64@hotmail.com;DK;store;ACC-401;Merino socks;1;129;0.1;116.1;completed
12130;19-06-2025;mette.madsen70@yahoo.dk;DK;app;JKT-102;Down jacket;1;1899;0.15;1614.15;completed
12130;19-06-2025;mette.madsen70@yahoo.dk;DK;app;JKT-101;Shell jacket;2;1299;0.15;2208.3;completed
12310;19-06-2025;Jonas.Christensen62@Outlook.Dk;SE;web;ACC-401;Merino socks;2;129;0.0;258.0;completed
12653;19-06-2025;magnus.christensen48@hotmail.com;DK;app;BOT-201;Hiking boots;1;1099;0.0;1099.0;completed
12653;19-06-2025;magnus.christensen48@hotmail.com;DK;app;ACC-402;Beanie;1;199;0.0;199.0;completed
12653;19-06-2025;magnus.christensen48@hotmail.com;DK;app;JKT-102;Down jacket;2;1899;0.0;3798.0;completed
10051;20-06-2025;noah.christensen91@yahoo.dk;NO;web;ACC-401;Merino socks;1;129;0.0;129.0;completed
10051;20-06-2025;noah.christensen91@yahoo.dk;NO;web;BAG-301;Daypack 25L;1;549;0.0;549.0;completed
10392;20-06-2025;Laura.Jensen16@Yahoo.Dk;DK;web;JKT-101;Shell jacket;1;1299;0.0;1299.0;completed
11428;20-06-2025;sofie.hansen8@hotmail.com;DE;web;JKT-101;Shell jacket;2;1299;0.0;2598.0;completed
11428;20-06-2025;sofie.hansen8@hotmail.com;DE;web;ACC-402;Beanie;1;199;0.0;199.0;completed
11428;20-06-2025;sofie.hansen8@hotmail.com;DE;web;BAG-301;Daypack 25L;1;549;0.0;549.0;completed
11428;20-06-2025;sofie.hansen8@hotmail.com;DE;web;JKT-101;Shell jacket;2;1299;0.0;2598.0;completed
13059;20-06-2025;noah.madsen85@hotmail.com;DK;app;BAG-301;Daypack 25L;2;549;0.0;1098.0;completed
13059;20-06-2025;noah.madsen85@hotmail.com;DK;app;BAG-302;Trek pack 60L;1;1499;0.0;1499.0;completed
13059;20-06-2025;noah.madsen85@hotmail.com;DK;app;SLP-601;Sleeping bag;1;899;0.0;899.0;completed
13079;20-06-2025;magnus.rasmussen48@gmail.com;DK;web;JKT-101;Shell jacket;1;1299;0.1;1169.1;completed
13079;20-06-2025;Magnus.Rasmussen48@Gmail.Com;DK;web;ACC-401;Merino socks;1;129;0.1;116.1;completed
10052;21-06-2025;noah.christensen91@yahoo.dk;NO;web;TNT-501;2p tent;1;2499;0.0;2499.0;completed
10136;21-06-2025;magnus.larsen88@gmail.com;DK;store;ACC-402;Beanie;1;199;0.0;199.0;completed
10136;21-06-2025;magnus.larsen88@gmail.com;DK;store;ACC-401;Merino socks;1;129;0.0;129.0;completed
11176;21-06-2025;clara.christensen44@gmail.com;DK;app;ACC-402;Beanie;1;199;0.0;199.0;completed
11209;21-06-2025;freja.madsen53@yahoo.dk;DK;web;BAG-302;Trek pack 60L;1;1499;0.15;1274.15;completed
11209;21-06-2025;Freja.Madsen53@Yahoo.Dk;DK;web;ACC-401;Merino socks;2;129;0.15;219.3;completed
11648;21-06-2025;laura.nielsen55@outlook.dk;DE;app;ACC-402;Beanie;1;199;0.0;199.0;completed
11648;21-06-2025;laura.nielsen55@outlook.dk;DE;app;JKT-102;Down jacket;1;1899;0.0;1899.0;completed
10845;22-06-2025;mikkel.rasmussen49@outlook.dk;DE;web;SLP-601;Sleeping bag;1;899;0.1;809.1;completed
10845;22-06-2025;mikkel.rasmussen49@outlook.dk;DE;web;SLP-601;Sleeping bag;1;899;0.1;809.1;completed
11226;22-06-2025;lars.jensen87@outlook.dk;DK;web;BOT-201;Hiking boots;1;1099;0.1;989.1;completed
11453;22-06-2025;freja.madsen9@mail.dk;DE;store;ACC-402;Beanie;-2;199;0.0;-398.0;refunded
12213;22-06-2025;emil.nielsen1@gmail.com;DK;app;BOT-201;Hiking boots;1;1099;0.0;1099.0;completed
12213;22-06-2025;emil.nielsen1@gmail.com;DK;app;JKT-102;Down jacket;1;1899;0.0;1899.0;completed
10070;23-06-2025;Freja.Jensen46@Mail.Dk;SE;web;JKT-102;Down jacket;1;1899;0.0;1899.0;completed
10238;23-06-2025;laura.rasmussen5@outlook.dk;DK;web;SLP-601;Sleeping bag;2;899;0.0;1798.0;completed
10238;23-06-2025;laura.rasmussen5@outlook.dk;DK;web;ACC-403;Headlamp;1;349;0.0;349.0;completed
10435;23-06-2025;lars.andersen84@yahoo.dk;DK;store;ACC-402;Beanie;1;199;0.15;169.15;completed
10435;23-06-2025;lars.andersen84@yahoo.dk;DK;store;SLP-601;Sleeping bag;1;899;0.15;764.15;completed
11141;23-06-2025;Mikkel.Rasmussen59@Outlook.Dk;SE;web;BAG-301;Daypack 25L;1;549;0.15;466.65;completed
11141;23-06-2025;mikkel.rasmussen59@outlook.dk;SE;web;ACC-401;Merino socks;1;129;0.15;109.65;completed
11141;23-06-2025;mikkel.rasmussen59@outlook.dk;SE;web;ACC-401;Merino socks;1;129;0.15;109.65;completed
11251;23-06-2025;lars.andersen46@hotmail.com;DE;web;BAG-301;Daypack 25L;1;549;0.0;549.0;completed
11493;23-06-2025;laura.hansen12@outlook.dk;DK;web;SLP-601;Sleeping bag;1;899;0.15;764.15;completed
11493;23-06-2025;Laura.Hansen12@Outlook.Dk;DK;web;BAG-301;Daypack 25L;2;549;0.15;933.3;completed
11727;23-06-2025;Clara.Larsen31@Gmail.Com;DE;web;JKT-102;Down jacket;1;1899;0.0;1899.0;completed
11727;23-06-2025;clara.larsen31@gmail.com;DE;web;JKT-101;Shell jacket;1;1299;0.0;1299.0;completed
12542;23-06-2025;clara.hansen73@yahoo.dk;SE;web;BOT-201;Hiking boots;1;1099;0.1;989.1;completed
12542;23-06-2025;clara.hansen73@yahoo.dk;SE;web;JKT-101;Shell jacket;1;1299;0.1;1169.1;completed
10174;24-06-2025;noah.pedersen13@yahoo.dk;DK;app;ACC-401;Merino socks;1;129;0.0;129.0;completed
10812;24-06-2025;mette.andersen46@hotmail.com;DE;web;ACC-401;Merino socks;1;129;0.0;129.0;completed
11607;24-06-2025;mette.nielsen67@outlook.dk;DK;web;BOT-201;Hiking boots;1;1099;0.0;1099.0;completed
11607;24-06-2025;mette.nielsen67@outlook.dk;DK;web;TNT-501;2p tent;1;2499;0.0;2499.0;completed
11607;24-06-2025;Mette.Nielsen67@Outlook.Dk;DK;web;ACC-401;Merino socks;2;129;0.0;258.0;completed
12932;24-06-2025;Sara.Petersen54@Hotmail.Com;SE;store;JKT-101;Shell jacket;1;1299;0.0;1299.0;completed
13004;24-06-2025;ida.petersen78@hotmail.com;DK;web;BOT-201;Hiking boots;1;1099;0.0;1099.0;completed
10457;25-06-2025;noah.christensen77@gmail.com;DK;web;ACC-401;Merino socks;1;129;0.0;129.0;completed
10457;25-06-2025;noah.christensen77@gmail.com;DK;web;JKT-101;Shell jacket;2;1299;0.0;2598.0;completed
11142;26-06-2025;mikkel.rasmussen59@outlook.dk;SE;web;BAG-302;Trek pack 60L;2;1499;0.0;2998.0;completed
11526;26-06-2025;mette.madsen47@mail.dk;NO;web;ACC-403;Headlamp;2;349;0.0;698.0;completed
11526;26-06-2025;Mette.Madsen47@Mail.Dk;NO;web;ACC-401;Merino socks;1;129;0.0;129.0;completed
11532;26-06-2025;jonas.larsen64@hotmail.com;DK;store;SLP-601;Sleeping bag;1;899;0.1;809.1;completed
11532;26-06-2025;jonas.larsen64@hotmail.com;DK;store;ACC-402;Beanie;1;199;0.1;179.1;completed
12780;26-06-2025;noah.larsen16@gmail.com;DK;web;BOT-201;Hiking boots;1;1099;0.0;1099.0;completed
10440;27-06-2025;clara.andersen31@hotmail.com;DK;web;JKT-101;Shell jacket;1;1299;0.0;1299.0;completed
10440;27-06-2025;clara.andersen31@hotmail.com;DK;web;SLP-601;Sleeping bag;1;899;0.0;899.0;completed
10662;27-06-2025;Freja.Jensen42@Hotmail.Com;DK;store;JKT-101;Shell jacket;2;1299;0.0;2598.0;completed
10662;27-06-2025;freja.jensen42@hotmail.com;DK;store;BAG-301;Daypack 25L;1;549;0.0;549.0;completed
10662;27-06-2025;freja.jensen42@hotmail.com;DK;store;BAG-302;Trek pack 60L;1;1499;0.0;1499.0;completed
11589;27-06-2025;freja.rasmussen51@mail.dk;DK;web;JKT-101;Shell jacket;2;1299;0.0;2598.0;completed
11589;27-06-2025;freja.rasmussen51@mail.dk;DK;web;ACC-403;Headlamp;1;349;0.0;349.0;completed
11589;27-06-2025;Freja.Rasmussen51@Mail.Dk;DK;web;ACC-402;Beanie;2;199;0.0;398.0;completed
12122;27-06-2025;oliver.larsen63@outlook.dk;DK;web;JKT-101;Shell jacket;1;1299;0.1;1169.1;completed
12122;27-06-2025;oliver.larsen63@outlook.dk;DK;web;BAG-301;Daypack 25L;1;549;0.1;494.1;completed
12122;27-06-2025;Oliver.Larsen63@Outlook.Dk;DK;web;ACC-401;Merino socks;1;129;0.1;116.1;completed
12457;27-06-2025;ida.hansen86@yahoo.dk;NO;web;BOT-201;Hiking boots;1;1099;0.15;934.15;completed
12457;27-06-2025;ida.hansen86@yahoo.dk;NO;web;BAG-302;Trek pack 60L;2;1499;0.15;2548.3;completed
13071;27-06-2025;;DK;web;BAG-301;Daypack 25L;1;549;0.0;549.0;completed
10421;28-06-2025;sofie.hansen46@outlook.dk;DK;web;ACC-402;Beanie;2;199;0.0;398.0;completed
10421;28-06-2025;sofie.hansen46@outlook.dk;DK;web;JKT-101;Shell jacket;2;1299;0.0;2598.0;completed
10802;28-06-2025;clara.petersen75@hotmail.com;DK;web;ACC-402;Beanie;2;199;0.0;398.0;completed
10802;28-06-2025;clara.petersen75@hotmail.com;DK;web;BOT-201;Hiking boots;2;1099;0.0;2198.0;completed
10975;28-06-2025;Oliver.Christensen51@Yahoo.Dk;NO;web;BAG-301;Daypack 25L;1;549;0.0;549.0;completed
10975;28-06-2025;oliver.christensen51@yahoo.dk;NO;web;TNT-501;2p tent;1;2499;0.0;2499.0;completed
10975;28-06-2025;Oliver.Christensen51@Yahoo.Dk;NO;web;ACC-401;Merino socks;1;129;0.0;129.0;completed
11454;28-06-2025;Freja.Madsen9@Mail.Dk;DE;store;JKT-102;Down jacket;1;1899;0.0;1899.0;completed
11454;28-06-2025;freja.madsen9@mail.dk;DE;store;JKT-101;Shell jacket;1;1299;0.0;1299.0;completed
11972;28-06-2025;noah.hansen5@yahoo.dk;SE;web;SLP-601;Sleeping bag;2;899;0.15;1528.3;completed
11972;28-06-2025;noah.hansen5@yahoo.dk;SE;web;ACC-401;Merino socks;1;129;0.15;109.65;completed
10349;29-06-2025;laura.andersen11@yahoo.dk;DK;web;ACC-401;Merino socks;1;129;0.1;116.1;completed
10349;29-06-2025;Laura.Andersen11@Yahoo.Dk;DK;web;ACC-402;Beanie;1;199;0.1;179.1;completed
12693;29-06-2025;sara.pedersen97@yahoo.dk;DK;store;ACC-401;Merino socks;-1;129;0.1;-116.1;refunded
12781;29-06-2025;magnus.hansen83@yahoo.dk;DK;web;ACC-401;Merino socks;1;129;0.15;109.65;completed
12781;29-06-2025;magnus.hansen83@yahoo.dk;DK;web;BAG-301;Daypack 25L;1;549;0.15;466.65;completed
12781;29-06-2025;magnus.hansen83@yahoo.dk;DK;web;ACC-403;Headlamp;1;349;0.15;296.65;completed
12810;29-06-2025;clara.larsen2@hotmail.com;NO;web;ACC-403;Headlamp;1;349;0.1;314.1;completed
12861;29-06-2025;;DK;web;BAG-302;Trek pack 60L;1;1499;0.0;1499.0;completed
12861;29-06-2025;;DK;web;ACC-401;Merino socks;1;129;0.0;129.0;completed
10583;30-06-2025;lars.petersen76@mail.dk;SE;store;ACC-402;Beanie;1;199;0.0;199.0;completed
10803;30-06-2025;clara.petersen75@hotmail.com;DK;web;ACC-401;Merino socks;2;129;0.15;219.3;completed
10939;30-06-2025;clara.hansen83@gmail.com;DE;web;JKT-101;Shell jacket;1;1299;0.1;1169.1;completed
11527;30-06-2025;mette.madsen47@mail.dk;NO;web;BAG-301;Daypack 25L;1;549;0.15;466.65;completed
12909;30-06-2025;oliver.nielsen22@hotmail.com;DK;web;JKT-101;Shell jacket;1;1299;0.0;1299.0;completed
12956;30-06-2025;sara.pedersen96@yahoo.dk;DK;app;ACC-403;Headlamp;1;349;0.0;349.0;completed
12956;30-06-2025;sara.pedersen96@yahoo.dk;DK;app;BOT-201;Hiking boots;1;1099;0.0;1099.0;completed
11903;01-07-2025;;DK;web;ACC-402;Beanie;1;199;0.1;179.1;completed
11966;01-07-2025;anna.hansen92@gmail.com;DK;store;BAG-301;Daypack 25L;1;549;0.0;549.0;completed
12047;01-07-2025;Laura.Jensen78@Mail.Dk;SE;web;ACC-403;Headlamp;2;349;0.0;698.0;completed
12047;01-07-2025;laura.jensen78@mail.dk;SE;web;ACC-401;Merino socks;1;129;0.0;129.0;completed
12047;01-07-2025;laura.jensen78@mail.dk;SE;web;JKT-102;Down jacket;2;1899;0.0;3798.0;completed
10293;02-07-2025;laura.andersen94@mail.dk;DK;web;BAG-301;Daypack 25L;1;549;0.0;549.0;completed
10293;02-07-2025;laura.andersen94@mail.dk;DK;web;ACC-402;Beanie;1;199;0.0;199.0;completed
11791;02-07-2025;Ida.Jensen29@Yahoo.Dk;DE;web;TNT-501;2p tent;1;2499;0.1;2249.1;completed
12186;02-07-2025;jonas.larsen9@gmail.com;SE;web;ACC-403;Headlamp;1;349;0.0;349.0;completed
12589;02-07-2025;lars.christensen4@yahoo.dk;DK;web;ACC-403;Headlamp;2;349;0.15;593.3;completed
12589;02-07-2025;lars.christensen4@yahoo.dk;DK;web;BAG-302;Trek pack 60L;1;1499;0.15;1274.15;completed
12634;02-07-2025;Emil.Rasmussen96@Gmail.Com;DK;store;ACC-402;Beanie;1;199;0.0;199.0;completed
12634;02-07-2025;Emil.Rasmussen96@Gmail.Com;DK;store;BOT-201;Hiking boots;2;1099;0.0;2198.0;completed
12634;02-07-2025;emil.rasmussen96@gmail.com;DK;store;ACC-401;Merino socks;1;129;0.0;129.0;completed
10145;03-07-2025;sofie.petersen57@yahoo.dk;DE;web;ACC-403;Headlamp;2;349;0.0;698.0;completed
10145;03-07-2025;sofie.petersen57@yahoo.dk;DE;web;TNT-501;2p tent;2;2499;0.0;4998.0;completed
10436;03-07-2025;freja.larsen45@mail.dk;SE;app;ACC-403;Headlamp;2;349;0.0;698.0;completed
10436;03-07-2025;freja.larsen45@mail.dk;SE;app;ACC-401;Merino socks;1;129;0.0;129.0;completed
11002;03-07-2025;noah.christensen6@hotmail.com;SE;store;ACC-401;Merino socks;1;129;0.0;129.0;completed
12895;03-07-2025;mette.andersen9@hotmail.com;DK;store;JKT-101;Shell jacket;2;1299;0.0;2598.0;completed
12895;03-07-2025;mette.andersen9@hotmail.com;DK;store;TNT-501;2p tent;1;2499;0.0;2499.0;completed
12962;03-07-2025;sofie.hansen55@mail.dk;NO;web;ACC-401;Merino socks;2;129;0.0;258.0;completed
11529;04-07-2025;laura.andersen71@hotmail.com;SE;web;ACC-402;Beanie;1;199;0.0;199.0;completed
12862;04-07-2025;mikkel.christensen54@outlook.dk;DK;web;BAG-301;Daypack 25L;2;549;0.0;1098.0;completed
12862;04-07-2025;mikkel.christensen54@outlook.dk;DK;web;ACC-402;Beanie;1;199;0.0;199.0;completed
12862;04-07-2025;mikkel.christensen54@outlook.dk;DK;web;SLP-601;Sleeping bag;1;899;0.0;899.0;completed
10108;05-07-2025;sofie.madsen52@hotmail.com;DK;web;ACC-402;Beanie;1;199;0.15;169.15;completed
10829;05-07-2025;clara.madsen1@yahoo.dk;DK;web;BAG-301;Daypack 25L;1;549;0.0;549.0;completed
11522;05-07-2025;oliver.madsen57@gmail.com;NO;web;ACC-402;Beanie;1;199;0.0;199.0;completed
11522;05-07-2025;Oliver.Madsen57@Gmail.Com;NO;web;BAG-302;Trek pack 60L;2;1499;0.0;2998.0;completed
11979;05-07-2025;sofie.andersen8@hotmail.com;SE;web;BAG-301;Daypack 25L;1;549;0.1;494.1;completed
11979;05-07-2025;sofie.andersen8@hotmail.com;SE;web;JKT-102;Down jacket;1;1899;0.1;1709.1;completed
11979;05-07-2025;sofie.andersen8@hotmail.com;SE;web;ACC-403;Headlamp;1;349;0.1;314.1;completed
12254;05-07-2025;mikkel.jensen17@gmail.com;DE;web;JKT-102;Down jacket;2;1899;0.1;3418.2;completed
12254;05-07-2025;Mikkel.Jensen17@Gmail.Com;DE;web;ACC-401;Merino socks;1;129;0.1;116.1;completed
12254;05-07-2025;Mikkel.Jensen17@Gmail.Com;DE;web;BOT-201;Hiking boots;2;1099;0.1;1978.2;completed
10426;06-07-2025;Mette.Andersen40@Yahoo.Dk;DK;store;ACC-401;Merino socks;2;129;0.0;258.0;completed
10478;06-07-2025;Sara.Christensen90@Outlook.Dk;SE;app;ACC-402;Beanie;1;199;0.0;199.0;completed
10478;06-07-2025;sara.christensen90@outlook.dk;SE;app;BOT-201;Hiking boots;1;1099;0.0;1099.0;completed
10478;06-07-2025;sara.christensen90@outlook.dk;SE;app;ACC-401;Merino socks;2;129;0.0;258.0;completed
11089;06-07-2025;sofie.larsen31@hotmail.com;DK;web;ACC-403;Headlamp;1;349;0.0;349.0;completed
11565;06-07-2025;mikkel.hansen29@yahoo.dk;NO;app;SLP-601;Sleeping bag;1;899;0.1;809.1;completed
11828;06-07-2025;ida.nielsen32@outlook.dk;DK;web;TNT-501;2p tent;1;2499;0.15;2124.15;completed
11828;06-07-2025;ida.nielsen32@outlook.dk;DK;web;BAG-302;Trek pack 60L;1;1499;0.15;1274.15;completed
12055;06-07-2025;Emil.Madsen81@Gmail.Com;SE;store;BOT-201;Hiking boots;2;1099;0.0;2198.0;completed
12644;06-07-2025;mikkel.larsen73@gmail.com;NO;store;SLP-601;Sleeping bag;1;899;0.15;764.15;completed
12644;06-07-2025;mikkel.larsen73@gmail.com;NO;store;ACC-401;Merino socks;2;129;0.15;219.3;completed
10981;07-07-2025;sara.hansen54@outlook.dk;DK;web;JKT-102;Down jacket;2;1899;0.1;3418.2;completed
11210;07-07-2025;freja.madsen53@yahoo.dk;DK;web;BAG-302;Trek pack 60L;1;1499;0.0;1499.0;completed
11210;07-07-2025;Freja.Madsen53@Yahoo.Dk;DK;web;ACC-403;Headlamp;2;349;0.0;698.0;completed
11385;07-07-2025;clara.nielsen24@yahoo.dk;DK;web;ACC-402;Beanie;1;199;0.1;179.1;completed
12018;07-07-2025;freja.rasmussen75@mail.dk;SE;web;BOT-201;Hiking boots;1;1099;0.1;989.1;completed
12018;07-07-2025;freja.rasmussen75@mail.dk;SE;web;ACC-402;Beanie;1;199;0.1;179.1;completed
12268;07-07-2025;clara.madsen86@hotmail.com;DE;web;BAG-301;Daypack 25L;1;549;0.0;549.0;completed
12526;07-07-2025;magnus.nielsen79@gmail.com;DK;web;ACC-402;Beanie;2;199;0.1;358.2;completed
10594;08-07-2025;Mikkel.Rasmussen16@Hotmail.Com;NO;app;BOT-201;Hiking boots;1;1099;0.1;989.1;completed
12769;08-07-2025;emil.christensen81@outlook.dk;NO;store;ACC-403;Headlamp;2;349;0.0;698.0;completed
12769;08-07-2025;emil.christensen81@outlook.dk;NO;store;JKT-102;Down jacket;2;1899;0.0;3798.0;completed
12769;08-07-2025;Emil.Christensen81@Outlook.Dk;NO;store;JKT-101;Shell jacket;1;1299;0.0;1299.0;completed
10248;09-07-2025;anna.andersen98@outlook.dk;SE;web;SLP-601;Sleeping bag;1;899;0.0;899.0;completed
10248;09-07-2025;anna.andersen98@outlook.dk;SE;web;ACC-401;Merino socks;2;129;0.0;258.0;completed
13005;09-07-2025;ida.petersen78@hotmail.com;DK;web;BOT-201;Hiking boots;1;1099;0.0;1099.0;completed
10239;10-07-2025;laura.rasmussen5@outlook.dk;DK;web;BAG-301;Daypack 25L;1;549;0.1;494.1;completed
10239;10-07-2025;laura.rasmussen5@outlook.dk;DK;web;BAG-301;Daypack 25L;1;549;0.1;494.1;completed
11782;10-07-2025;Oliver.Pedersen53@Hotmail.Com;SE;web;ACC-401;Merino socks;2;129;0.0;258.0;completed
11782;10-07-2025;oliver.pedersen53@hotmail.com;SE;web;BAG-302;Trek pack 60L;1;1499;0.0;1499.0;completed
10207;11-07-2025;Lars.Rasmussen52@Mail.Dk;DK;web;ACC-401;Merino socks;1;129;0.0;129.0;completed
11289;11-07-2025;emil.petersen44@outlook.dk;NO;web;ACC-401;Merino socks;1;129;0.0;129.0;completed
12030;11-07-2025;mikkel.jensen53@gmail.com;DK;web;ACC-403;Headlamp;1;349;0.0;349.0;completed
12030;11-07-2025;mikkel.jensen53@gmail.com;DK;web;BAG-302;Trek pack 60L;1;1499;0.0;1499.0;completed
12056;11-07-2025;emil.madsen81@gmail.com;SE;store;JKT-101;Shell jacket;2;1299;0.15;2208.3;completed
12492;11-07-2025;laura.larsen9@yahoo.dk;DK;web;ACC-402;Beanie;1;199;0.0;199.0;completed
12492;11-07-2025;laura.larsen9@yahoo.dk;DK;web;ACC-401;Merino socks;1;129;0.0;129.0;completed
12984;11-07-2025;clara.andersen26@hotmail.com;DK;web;JKT-102;Down jacket;1;1899;0.1;1709.1;completed
12984;11-07-2025;clara.andersen26@hotmail.com;DK;web;ACC-402;Beanie;1;199;0.1;179.1;completed
12984;11-07-2025;clara.andersen26@hotmail.com;DK;web;ACC-401;Merino socks;2;129;0.1;232.2;completed
11207;12-07-2025;anna.jensen57@hotmail.com;SE;web;ACC-403;Headlamp;1;349;0.1;314.1;completed
12827;12-07-2025;oliver.pedersen62@mail.dk;DK;web;JKT-101;Shell jacket;1;1299;0.1;1169.1;completed
10372;13-07-2025;magnus.pedersen6@yahoo.dk;DK;app;BAG-301;Daypack 25L;1;549;0.1;494.1;completed
10372;13-07-2025;magnus.pedersen6@yahoo.dk;DK;app;SLP-601;Sleeping bag;2;899;0.1;1618.2;completed
11057;13-07-2025;sofie.hansen63@hotmail.com;DK;web;JKT-101;Shell jacket;1;1299;0.1;1169.1;completed
11057;13-07-2025;Sofie.Hansen63@Hotmail.Com;DK;web;ACC-401;Merino socks;1;129;0.1;116.1;completed
11057;13-07-2025;sofie.hansen63@hotmail.com;DK;web;ACC-403;Headlamp;2;349;0.1;628.2;completed
11086;13-07-2025;;DK;web;ACC-403;Headlamp;2;349;0.15;593.3;completed
11086;13-07-2025;;DK;web;SLP-601;Sleeping bag;2;899;0.15;1528.3;completed
11086;13-07-2025;;DK;web;ACC-401;Merino socks;1;129;0.15;109.65;completed
11114;13-07-2025;Oliver.Petersen92@Gmail.Com;SE;web;JKT-102;Down jacket;2;1899;0.1;3418.2;completed
11114;13-07-2025;oliver.petersen92@gmail.com;SE;web;BOT-201;Hiking boots;1;1099;0.1;989.1;completed
11114;13-07-2025;oliver.petersen92@gmail.com;SE;web;ACC-402;Beanie;1;199;0.1;179.1;completed
11290;13-07-2025;emil.petersen44@outlook.dk;NO;web;ACC-402;Beanie;1;199;0.0;199.0;completed
12740;13-07-2025;clara.larsen7@outlook.dk;DK;web;BAG-302;Trek pack 60L;2;1499;0.1;2698.2;completed
12740;13-07-2025;Clara.Larsen7@Outlook.Dk;DK;web;ACC-401;Merino socks;1;129;0.1;116.1;completed
12740;13-07-2025;clara.larsen7@outlook.dk;DK;web;ACC-403;Headlamp;2;349;0.1;628.2;completed
13080;13-07-2025;magnus.rasmussen48@gmail.com;DK;web;ACC-401;Merino socks;1;129;0.0;129.0;completed
11308;14-07-2025;mette.petersen28@mail.dk;DE;store;JKT-101;Shell jacket;1;1299;0.0;1299.0;completed
11308;14-07-2025;mette.petersen28@mail.dk;DE;store;JKT-101;Shell jacket;1;1299;0.0;1299.0;completed
11526;14-07-2025;mette.madsen47@mail.dk;NO;web;ACC-403;Headlamp;-2;349;0.0;-698.0;refunded
11565;14-07-2025;mikkel.hansen29@yahoo.dk;NO;app;SLP-601;Sleeping bag;-1;899;0.1;-809.1;refunded
11792;14-07-2025;ida.jensen29@yahoo.dk;DE;web;BAG-301;Daypack 25L;1;549;0.0;549.0;completed
11888;14-07-2025;Mikkel.Rasmussen12@Yahoo.Dk;DK;web;JKT-101;Shell jacket;1;1299;0.15;1104.15;completed
10071;15-07-2025;freja.jensen46@mail.dk;SE;web;SLP-601;Sleeping bag;1;899;0.0;899.0;completed
10167;15-07-2025;anna.jensen13@outlook.dk;DK;web;ACC-402;Beanie;1;199;0.1;179.1;completed
11211;15-07-2025;freja.madsen53@yahoo.dk;DK;web;ACC-403;Headlamp;1;349;0.0;349.0;completed
11211;15-07-2025;freja.madsen53@yahoo.dk;DK;web;BAG-302;Trek pack 60L;1;1499;0.0;1499.0;completed
11211;15-07-2025;freja.madsen53@yahoo.dk;DK;web;JKT-102;Down jacket;1;1899;0.0;1899.0;completed
11829;15-07-2025;ida.nielsen32@outlook.dk;DK;web;ACC-401;Merino socks;2;129;0.15;219.3;completed
12031;15-07-2025;mikkel.jensen53@gmail.com;DK;web;JKT-101;Shell jacket;1;1299;0.0;1299.0;completed
12223;15-07-2025;anna.nielsen32@yahoo.dk;SE;web;JKT-101;Shell jacket;1;1299;0.1;1169.1;completed
12223;15-07-2025;anna.nielsen32@yahoo.dk;SE;web;ACC-402;Beanie;1;199;0.1;179.1;completed
12032;16-07-2025;mikkel.jensen53@gmail.com;DK;web;BAG-301;Daypack 25L;1;549;0.0;549.0;completed
12032;16-07-2025;mikkel.jensen53@gmail.com;DK;web;JKT-101;Shell jacket;2;1299;0.0;2598.0;completed
12882;16-07-2025;;NO;store;ACC-403;Headlamp;1;349;0.0;349.0;completed
12882;16-07-2025;;NO;store;BAG-302;Trek pack 60L;1;1499;0.0;1499.0;completed
12882;16-07-2025;;NO;store;BOT-201;Hiking boots;1;1099;0.0;1099.0;completed
10350;17-07-2025;;DK;web;JKT-102;Down jacket;1;1899;0.1;1709.1;completed
11208;17-07-2025;anna.jensen57@hotmail.com;SE;web;TNT-501;2p tent;2;2499;0.1;4498.2;completed
11291;17-07-2025;emil.petersen44@outlook.dk;NO;web;ACC-403;Headlamp;2;349;0.1;628.2;completed
11291;17-07-2025;emil.petersen44@outlook.dk;NO;web;BAG-302;Trek pack 60L;1;1499;0.1;1349.1;completed
11291;17-07-2025;emil.petersen44@outlook.dk;NO;web;ACC-401;Merino socks;1;129;0.1;116.1;completed
11830;17-07-2025;ida.nielsen32@outlook.dk;DK;web;JKT-102;Down jacket;1;1899;0.0;1899.0;completed
11830;17-07-2025;ida.nielsen32@outlook.dk;DK;web;JKT-101;Shell jacket;1;1299;0.0;1299.0;completed
10989;18-07-2025;jonas.jensen20@outlook.dk;DK;web;BAG-301;Daypack 25L;1;549;0.0;549.0;completed
10989;18-07-2025;jonas.jensen20@outlook.dk;DK;web;BOT-201;Hiking boots;1;1099;0.0;1099.0;completed
10989;18-07-2025;jonas.jensen20@outlook.dk;DK;web;BAG-302;Trek pack 60L;1;1499;0.0;1499.0;completed
11146;18-07-2025;emil.rasmussen38@gmail.com;DK;web;ACC-402;Beanie;1;199;0.15;169.15;completed
11146;18-07-2025;emil.rasmussen38@gmail.com;DK;web;ACC-401;Merino socks;1;129;0.15;109.65;completed
11361;18-07-2025;oliver.andersen58@yahoo.dk;DK;store;ACC-402;Beanie;2;199;0.15;338.3;completed
11361;18-07-2025;oliver.andersen58@yahoo.dk;DK;store;ACC-403;Headlamp;2;349;0.15;593.3;completed
11754;18-07-2025;Oliver.Pedersen60@Yahoo.Dk;DE;web;ACC-402;Beanie;1;199;0.1;179.1;completed
11809;18-07-2025;magnus.madsen38@yahoo.dk;DK;app;BAG-301;Daypack 25L;1;549;0.1;494.1;completed
12372;18-07-2025;jonas.christensen68@yahoo.dk;DK;web;SLP-601;Sleeping bag;1;899;0.15;764.15;completed
12372;18-07-2025;jonas.christensen68@yahoo.dk;DK;web;ACC-401;Merino socks;2;129;0.15;219.3;completed
12372;18-07-2025;jonas.christensen68@yahoo.dk;DK;web;ACC-402;Beanie;1;199;0.15;169.15;completed
12694;18-07-2025;magnus.rasmussen52@hotmail.com;DE;store;JKT-101;Shell jacket;1;1299;0.1;1169.1;completed
12694;18-07-2025;Magnus.Rasmussen52@Hotmail.Com;DE;store;ACC-401;Merino socks;1;129;0.1;116.1;completed
10330;19-07-2025;mikkel.madsen27@gmail.com;SE;store;BAG-301;Daypack 25L;1;549;0.0;549.0;completed
10393;19-07-2025;laura.jensen16@yahoo.dk;DK;web;ACC-402;Beanie;1;199;0.0;199.0;completed
10437;19-07-2025;freja.larsen45@mail.dk;SE;app;ACC-401;Merino socks;1;129;0.0;129.0;completed
10437;19-07-2025;freja.larsen45@mail.dk;SE;app;ACC-403;Headlamp;2;349;0.0;698.0;completed
11494;19-07-2025;laura.hansen12@outlook.dk;DK;web;ACC-403;Headlamp;2;349;0.0;698.0;completed
11494;19-07-2025;laura.hansen12@outlook.dk;DK;web;ACC-401;Merino socks;1;129;0.0;129.0;completed
11494;19-07-2025;laura.hansen12@outlook.dk;DK;web;BOT-201;Hiking boots;1;1099;0.0;1099.0;completed
12741;19-07-2025;clara.larsen7@outlook.dk;DK;web;ACC-402;Beanie;1;199;0.0;199.0;completed
11046;20-07-2025;emil.christensen56@outlook.dk;SE;web;ACC-402;Beanie;2;199;0.0;398.0;completed
11046;20-07-2025;emil.christensen56@outlook.dk;SE;web;TNT-501;2p tent;1;2499;0.0;2499.0;completed
11604;20-07-2025;mette.nielsen10@yahoo.dk;DK;store;BOT-201;Hiking boots;1;1099;0.1;989.1;completed
11604;20-07-2025;mette.nielsen10@yahoo.dk;DK;store;SLP-601;Sleeping bag;2;899;0.1;1618.2;completed
11604;20-07-2025;mette.nielsen10@yahoo.dk;DK;store;JKT-101;Shell jacket;1;1299;0.1;1169.1;completed
12403;20-07-2025;anna.pedersen23@outlook.dk;NO;app;JKT-101;Shell jacket;2;1299;0.0;2598.0;completed
10464;21-07-2025;clara.nielsen74@gmail.com;NO;web;ACC-403;Headlamp;1;349;0.1;314.1;completed
10830;21-07-2025;Clara.Madsen1@Yahoo.Dk;DK;web;ACC-401;Merino socks;2;129;0.15;219.3;completed
11084;21-07-2025;ida.andersen82@gmail.com;DK;web;ACC-401;Merino socks;2;129;0.1;232.2;completed
12527;21-07-2025;magnus.nielsen79@gmail.com;DK;web;ACC-401;Merino socks;1;129;0.0;129.0;completed
12527;21-07-2025;magnus.nielsen79@gmail.com;DK;web;JKT-101;Shell jacket;1;1299;0.0;1299.0;completed
12770;21-07-2025;emil.christensen81@outlook.dk;NO;store;BOT-201;Hiking boots;2;1099;0.0;2198.0;completed
10282;22-07-2025;laura.rasmussen73@outlook.dk;DK;web;ACC-401;Merino socks;1;129;0.1;116.1;completed
11008;22-07-2025;mikkel.jensen70@yahoo.dk;DK;store;JKT-101;Shell jacket;1;1299;0.0;1299.0;completed
11008;22-07-2025;mikkel.jensen70@yahoo.dk;DK;store;BAG-301;Daypack 25L;1;549;0.0;549.0;completed
11021;22-07-2025;Noah.Larsen39@Outlook.Dk;DK;web;SLP-601;Sleeping bag;1;899;0.0;899.0;completed
12769;22-07-2025;emil.christensen81@outlook.dk;NO;store;ACC-403;Headlamp;-2;349;0.0;-698.0;refunded
11074;23-07-2025;jonas.petersen75@yahoo.dk;DK;web;ACC-402;Beanie;2;199;0.15;338.3;completed
11074;23-07-2025;Jonas.Petersen75@Yahoo.Dk;DK;web;ACC-403;Headlamp;2;349;0.15;593.3;completed
11074;23-07-2025;Jonas.Petersen75@Yahoo.Dk;DK;web;JKT-102;Down jacket;1;1899;0.15;1614.15;completed
11143;23-07-2025;Mikkel.Rasmussen59@Outlook.Dk;SE;web;ACC-402;Beanie;1;199;0.0;199.0;completed
11865;23-07-2025;oliver.nielsen55@hotmail.com;SE;web;ACC-401;Merino socks;1;129;0.15;109.65;completed
11865;23-07-2025;oliver.nielsen55@hotmail.com;SE;web;TNT-501;2p tent;1;2499;0.15;2124.15;completed
12048;23-07-2025;laura.jensen78@mail.dk;SE;web;ACC-403;Headlamp;1;349;0.0;349.0;completed
12313;23-07-2025;noah.christensen90@hotmail.com;DK;web;JKT-102;Down jacket;2;1899;0.0;3798.0;completed
12313;23-07-2025;Noah.Christensen90@Hotmail.Com;DK;web;ACC-402;Beanie;1;199;0.0;199.0;completed
12798;23-07-2025;jonas.andersen74@yahoo.dk;NO;web;BOT-201;Hiking boots;1;1099;0.0;1099.0;completed
12798;23-07-2025;jonas.andersen74@yahoo.dk;NO;web;BAG-301;Daypack 25L;2;549;0.0;1098.0;completed
10331;24-07-2025;oliver.pedersen41@outlook.dk;NO;store;JKT-102;Down jacket;2;1899;0.0;3798.0;completed
11212;24-07-2025;freja.madsen53@yahoo.dk;DK;web;SLP-601;Sleeping bag;1;899;0.15;764.15;completed
11212;24-07-2025;freja.madsen53@yahoo.dk;DK;web;ACC-401;Merino socks;1;129;0.15;109.65;completed
11870;24-07-2025;Mikkel.Hansen21@Outlook.Dk;DK;web;ACC-402;Beanie;1;199;0.0;199.0;completed
11870;24-07-2025;mikkel.hansen21@outlook.dk;DK;web;ACC-403;Headlamp;1;349;0.0;349.0;completed
11926;24-07-2025;emil.christensen94@outlook.dk;NO;web;ACC-403;Headlamp;2;349;0.0;698.0;completed
12279;24-07-2025;clara.rasmussen30@gmail.com;NO;app;ACC-401;Merino socks;2;129;0.0;258.0;completed
12279;24-07-2025;Clara.Rasmussen30@Gmail.Com;NO;app;JKT-102;Down jacket;1;1899;0.0;1899.0;completed
12593;24-07-2025;mikkel.andersen7@gmail.com;SE;store;BOT-201;Hiking boots;1;1099;0.0;1099.0;completed
12593;24-07-2025;mikkel.andersen7@gmail.com;SE;store;ACC-401;Merino socks;2;129;0.0;258.0;completed
12593;24-07-2025;mikkel.andersen7@gmail.com;SE;store;BAG-302;Trek pack 60L;1;1499;0.0;1499.0;completed
10463;25-07-2025;Anna.Pedersen34@Hotmail.Com;DK;store;ACC-401;Merino socks;2;129;0.0;258.0;completed
12838;25-07-2025;Clara.Nielsen16@Outlook.Dk;DK;web;ACC-401;Merino socks;1;129;0.0;129.0;completed
12838;25-07-2025;Clara.Nielsen16@Outlook.Dk;DK;web;BAG-301;Daypack 25L;1;549;0.0;549.0;completed
10831;26-07-2025;clara.madsen1@yahoo.dk;DK;web;JKT-102;Down jacket;1;1899;0.0;1899.0;completed
10854;26-07-2025;Sofie.Larsen27@Mail.Dk;SE;store;ACC-402;Beanie;2;199;0.0;398.0;completed
11122;26-07-2025;sofie.hansen67@mail.dk;DK;web;ACC-402;Beanie;1;199;0.0;199.0;completed
11158;26-07-2025;magnus.andersen64@gmail.com;DK;store;ACC-401;Merino socks;1;129;0.0;129.0;completed
11158;26-07-2025;Magnus.Andersen64@Gmail.Com;DK;store;SLP-601;Sleeping bag;1;899;0.0;899.0;completed
11158;26-07-2025;Magnus.Andersen64@Gmail.Com;DK;store;ACC-402;Beanie;1;199;0.0;199.0;completed
11177;26-07-2025;clara.christensen44@gmail.com;DK;app;ACC-401;Merino socks;1;129;0.0;129.0;completed
11686;26-07-2025;;DK;store;BAG-302;Trek pack 60L;2;1499;0.0;2998.0;completed
11686;26-07-2025;;DK;store;ACC-403;Headlamp;1;349;0.0;349.0;completed
11686;26-07-2025;;DK;store;BAG-301;Daypack 25L;1;549;0.0;549.0;completed
13042;26-07-2025;clara.jensen1@hotmail.com;DK;web;ACC-401;Merino socks;2;129;0.1;232.2;completed
13042;26-07-2025;clara.jensen1@hotmail.com;DK;web;ACC-401;Merino socks;2;129;0.1;232.2;completed
11058;27-07-2025;sofie.hansen63@hotmail.com;DK;web;TNT-501;2p tent;1;2499;0.0;2499.0;completed
11058;27-07-2025;sofie.hansen63@hotmail.com;DK;web;SLP-601;Sleeping bag;1;899;0.0;899.0;completed
11058;27-07-2025;sofie.hansen63@hotmail.com;DK;web;ACC-403;Headlamp;1;349;0.0;349.0;completed
11455;27-07-2025;;DE;store;BOT-201;Hiking boots;2;1099;0.1;1978.2;completed
11455;27-07-2025;;DE;store;ACC-402;Beanie;1;199;0.1;179.1;completed
11455;27-07-2025;;DE;store;ACC-402;Beanie;1;199;0.1;179.1;completed
11681;27-07-2025;noah.pedersen58@mail.dk;DK;app;BAG-301;Daypack 25L;1;549;0.0;549.0;completed
11681;27-07-2025;noah.pedersen58@mail.dk;DK;app;ACC-402;Beanie;1;199;0.0;199.0;completed
11862;27-07-2025;lars.christensen42@gmail.com;NO;app;ACC-401;Merino socks;1;129;0.0;129.0;completed
11889;27-07-2025;mikkel.rasmussen12@yahoo.dk;DK;web;TNT-501;2p tent;1;2499;0.0;2499.0;completed
11889;27-07-2025;mikkel.rasmussen12@yahoo.dk;DK;web;ACC-402;Beanie;1;199;0.0;199.0;completed
11889;27-07-2025;mikkel.rasmussen12@yahoo.dk;DK;web;BAG-301;Daypack 25L;2;549;0.0;1098.0;completed
12669;27-07-2025;laura.madsen65@hotmail.com;DK;web;JKT-101;Shell jacket;1;1299;0.1;1169.1;completed
12669;27-07-2025;laura.madsen65@hotmail.com;DK;web;JKT-102;Down jacket;1;1899;0.1;1709.1;completed
12669;27-07-2025;laura.madsen65@hotmail.com;DK;web;ACC-401;Merino socks;1;129;0.1;116.1;completed
12811;27-07-2025;Clara.Larsen2@Hotmail.Com;NO;web;ACC-402;Beanie;1;199;0.0;199.0;completed
11278;28-07-2025;magnus.jensen39@yahoo.dk;DE;web;BAG-301;Daypack 25L;1;549;0.1;494.1;completed
11278;28-07-2025;magnus.jensen39@yahoo.dk;DE;web;SLP-601;Sleeping bag;1;899;0.1;809.1;completed
11278;28-07-2025;magnus.jensen39@yahoo.dk;DE;web;JKT-101;Shell jacket;1;1299;0.1;1169.1;completed
10727;29-07-2025;lars.hansen10@yahoo.dk;DK;web;JKT-102;Down jacket;1;1899;0.1;1709.1;completed
11159;29-07-2025;Magnus.Andersen64@Gmail.Com;DK;store;BAG-302;Trek pack 60L;1;1499;0.15;1274.15;completed
11649;29-07-2025;laura.nielsen55@outlook.dk;DE;app;ACC-401;Merino socks;1;129;0.0;129.0;completed
10777;30-07-2025;magnus.larsen72@mail.dk;DK;web;ACC-401;Merino socks;1;129;0.0;129.0;completed
10977;30-07-2025;sofie.larsen1@outlook.dk;SE;web;SLP-601;Sleeping bag;2;899;0.1;1618.2;completed
10977;30-07-2025;sofie.larsen1@outlook.dk;SE;web;JKT-101;Shell jacket;1;1299;0.1;1169.1;completed
10977;30-07-2025;sofie.larsen1@outlook.dk;SE;web;ACC-402;Beanie;1;199;0.1;179.1;completed
11810;30-07-2025;;DK;app;ACC-402;Beanie;1;199;0.0;199.0;completed
11810;30-07-2025;;DK;app;BAG-302;Trek pack 60L;1;1499;0.0;1499.0;completed
11810;30-07-2025;;DK;app;ACC-401;Merino socks;1;129;0.0;129.0;completed
11822;30-07-2025;oliver.nielsen2@outlook.dk;SE;web;ACC-402;Beanie;2;199;0.15;338.3;completed
11923;30-07-2025;laura.andersen20@hotmail.com;NO;web;BAG-301;Daypack 25L;1;549;0.15;466.65;completed
12009;30-07-2025;Mikkel.Hansen4@Mail.Dk;DE;app;BAG-301;Daypack 25L;1;549;0.1;494.1;completed
12009;30-07-2025;Mikkel.Hansen4@Mail.Dk;DE;app;ACC-401;Merino socks;1;129;0.1;116.1;completed
12698;30-07-2025;lars.nielsen25@gmail.com;NO;store;BAG-301;Daypack 25L;2;549;0.0;1098.0;completed
10197;31-07-2025;Sofie.Petersen24@Gmail.Com;DK;web;JKT-102;Down jacket;2;1899;0.0;3798.0;completed
10767;31-07-2025;oliver.larsen75@hotmail.com;DK;app;JKT-102;Down jacket;1;1899;0.0;1899.0;completed
11914;31-07-2025;mikkel.petersen27@yahoo.dk;SE;app;SLP-601;Sleeping bag;2;899;0.0;1798.0;completed
11914;31-07-2025;Mikkel.Petersen27@Yahoo.Dk;SE;app;BOT-201;Hiking boots;1;1099;0.0;1099.0;completed
11914;31-07-2025;mikkel.petersen27@yahoo.dk;SE;app;JKT-101;Shell jacket;1;1299;0.0;1299.0;completed
12066;31-07-2025;mikkel.christensen10@gmail.com;SE;web;BOT-201;Hiking boots;2;1099;0.0;2198.0;completed
10901;01-08-2025;jonas.christensen57@gmail.com;DK;app;BAG-301;Daypack 25L;1;549;0.15;466.65;completed
11059;01-08-2025;sofie.hansen63@hotmail.com;DK;web;ACC-402;Beanie;2;199;0.0;398.0;completed
11368;01-08-2025;Mette.Pedersen23@Mail.Dk;DK;web;ACC-402;Beanie;1;199;0.15;169.15;completed
11368;01-08-2025;Mette.Pedersen23@Mail.Dk;DK;web;BAG-301;Daypack 25L;1;549;0.15;466.65;completed
11368;01-08-2025;Mette.Pedersen23@Mail.Dk;DK;web;SLP-601;Sleeping bag;1;899;0.15;764.15;completed
11719;01-08-2025;sara.pedersen79@mail.dk;DK;web;JKT-101;Shell jacket;1;1299;0.0;1299.0;completed
11831;01-08-2025;ida.nielsen32@outlook.dk;DK;web;JKT-101;Shell jacket;1;1299;0.0;1299.0;completed
11831;01-08-2025;ida.nielsen32@outlook.dk;DK;web;BAG-301;Daypack 25L;1;549;0.0;549.0;completed
11838;01-08-2025;Jonas.Christensen85@Outlook.Dk;DE;web;ACC-401;Merino socks;2;129;0.15;219.3;completed
12718;01-08-2025;Sara.Larsen16@Hotmail.Com;SE;store;BAG-302;Trek pack 60L;1;1499;0.0;1499.0;completed
12718;01-08-2025;sara.larsen16@hotmail.com;SE;store;ACC-403;Headlamp;1;349;0.0;349.0;completed
12718;01-08-2025;Sara.Larsen16@Hotmail.Com;SE;store;BAG-301;Daypack 25L;2;549;0.0;1098.0;completed
12938;01-08-2025;sara.nielsen38@mail.dk;NO;web;SLP-601;Sleeping bag;1;899;0.0;899.0;completed
12938;01-08-2025;Sara.Nielsen38@Mail.Dk;NO;web;BOT-201;Hiking boots;1;1099;0.0;1099.0;completed
10332;02-08-2025;oliver.pedersen41@outlook.dk;NO;store;BOT-201;Hiking boots;1;1099;0.0;1099.0;completed
10332;02-08-2025;oliver.pedersen41@outlook.dk;NO;store;ACC-401;Merino socks;1;129;0.0;129.0;completed
10622;02-08-2025;Oliver.Petersen10@Hotmail.Com;DK;app;ACC-402;Beanie;1;199;0.1;179.1;completed
10622;02-08-2025;Oliver.Petersen10@Hotmail.Com;DK;app;ACC-401;Merino socks;1;129;0.1;116.1;completed
10622;02-08-2025;oliver.petersen10@hotmail.com;DK;app;BAG-302;Trek pack 60L;1;1499;0.1;1349.1;completed
11009;02-08-2025;mikkel.jensen70@yahoo.dk;DK;store;ACC-402;Beanie;1;199;0.1;179.1;completed
11009;02-08-2025;Mikkel.Jensen70@Yahoo.Dk;DK;store;ACC-401;Merino socks;2;129;0.1;232.2;completed
11740;02-08-2025;Mette.Pedersen98@Outlook.Dk;NO;web;BAG-302;Trek pack 60L;1;1499;0.15;1274.15;completed
11740;02-08-2025;mette.pedersen98@outlook.dk;NO;web;ACC-401;Merino socks;1;129;0.15;109.65;completed
12214;02-08-2025;Emil.Nielsen1@Gmail.Com;DK;app;JKT-102;Down jacket;1;1899;0.0;1899.0;completed
12214;02-08-2025;Emil.Nielsen1@Gmail.Com;DK;app;JKT-102;Down jacket;1;1899;0.0;1899.0;completed
10154;03-08-2025;sara.petersen48@yahoo.dk;SE;app;ACC-403;Headlamp;1;349;0.1;314.1;completed
10790;03-08-2025;Oliver.Hansen26@Gmail.Com;DE;web;BOT-201;Hiking boots;1;1099;0.0;1099.0;completed
10790;03-08-2025;Oliver.Hansen26@Gmail.Com;DE;web;ACC-401;Merino socks;1;129;0.0;129.0;completed
11003;03-08-2025;Noah.Christensen6@Hotmail.Com;SE;store;ACC-403;Headlamp;1;349;0.0;349.0;completed
11518;03-08-2025;mikkel.pedersen52@gmail.com;DK;web;BAG-302;Trek pack 60L;1;1499;0.0;1499.0;completed
11839;03-08-2025;Jonas.Christensen85@Outlook.Dk;DE;web;BAG-301;Daypack 25L;1;549;0.1;494.1;completed
11839;03-08-2025;jonas.christensen85@outlook.dk;DE;web;ACC-402;Beanie;1;199;0.1;179.1;completed
11839;03-08-2025;Jonas.Christensen85@Outlook.Dk;DE;web;ACC-401;Merino socks;1;129;0.1;116.1;completed
12522;03-08-2025;;DK;store;JKT-101;Shell jacket;1;1299;0.0;1299.0;completed
12522;03-08-2025;;DK;store;ACC-403;Headlamp;2;349;0.0;698.0;completed
12522;03-08-2025;;DK;store;ACC-401;Merino socks;2;129;0.0;258.0;completed
12939;03-08-2025;sara.nielsen38@mail.dk;NO;web;BOT-201;Hiking boots;1;1099;0.1;989.1;completed
10356;04-08-2025;freja.larsen71@hotmail.com;DK;web;SLP-601;Sleeping bag;1;899;0.0;899.0;completed
10860;04-08-2025;;SE;app;BAG-302;Trek pack 60L;2;1499;0.0;2998.0;completed
10967;04-08-2025;;SE;app;BAG-302;Trek pack 60L;1;1499;0.1;1349.1;completed
12215;04-08-2025;emil.nielsen1@gmail.com;DK;app;BAG-301;Daypack 25L;1;549;0.1;494.1;completed
12255;04-08-2025;noah.christensen68@yahoo.dk;DK;app;ACC-401;Merino socks;1;129;0.0;129.0;completed
12432;04-08-2025;lars.rasmussen31@mail.dk;DE;web;ACC-403;Headlamp;1;349;0.0;349.0;completed
12432;04-08-2025;lars.rasmussen31@mail.dk;DE;web;SLP-601;Sleeping bag;2;899;0.0;1798.0;completed
12432;04-08-2025;lars.rasmussen31@mail.dk;DE;web;BAG-301;Daypack 25L;1;549;0.0;549.0;completed
12910;04-08-2025;oliver.nielsen22@hotmail.com;DK;web;ACC-402;Beanie;2;199;0.0;398.0;completed
12933;04-08-2025;sara.petersen54@hotmail.com;SE;store;JKT-101;Shell jacket;1;1299;0.15;1104.15;completed
10283;05-08-2025;Freja.Nielsen30@Outlook.Dk;DE;web;ACC-402;Beanie;1;199;0.0;199.0;completed
10283;05-08-2025;freja.nielsen30@outlook.dk;DE;web;JKT-102;Down jacket;1;1899;0.0;1899.0;completed
10324;05-08-2025;anna.larsen52@hotmail.com;DE;web;ACC-402;Beanie;1;199;0.0;199.0;completed
10324;05-08-2025;anna.larsen52@hotmail.com;DE;web;ACC-402;Beanie;1;199;0.0;199.0;completed
10968;05-08-2025;laura.pedersen76@yahoo.dk;SE;app;ACC-403;Headlamp;1;349;0.0;349.0;completed
10968;05-08-2025;laura.pedersen76@yahoo.dk;SE;app;BAG-301;Daypack 25L;1;549;0.0;549.0;completed
11840;05-08-2025;jonas.christensen85@outlook.dk;DE;web;ACC-402;Beanie;1;199;0.0;199.0;completed
12010;05-08-2025;mikkel.hansen4@mail.dk;DE;app;ACC-403;Headlamp;1;349;0.1;314.1;completed
12010;05-08-2025;mikkel.hansen4@mail.dk;DE;app;BAG-301;Daypack 25L;1;549;0.1;494.1;completed
12963;05-08-2025;Sofie.Hansen55@Mail.Dk;NO;web;ACC-403;Headlamp;1;349;0.0;349.0;completed
10678;06-08-2025;Ida.Madsen91@Mail.Dk;SE;app;ACC-401;Merino socks;1;129;0.0;129.0;completed
10678;06-08-2025;Ida.Madsen91@Mail.Dk;SE;app;BAG-302;Trek pack 60L;2;1499;0.0;2998.0;completed
11382;06-08-2025;noah.hansen4@hotmail.com;DK;app;ACC-401;Merino socks;1;129;0.0;129.0;completed
11382;06-08-2025;noah.hansen4@hotmail.com;DK;app;SLP-601;Sleeping bag;1;899;0.0;899.0;completed
11382;06-08-2025;noah.hansen4@hotmail.com;DK;app;BAG-301;Daypack 25L;1;549;0.0;549.0;completed
12512;06-08-2025;Mette.Andersen63@Yahoo.Dk;DE;web;BAG-301;Daypack 25L;1;549;0.1;494.1;completed
12512;06-08-2025;mette.andersen63@yahoo.dk;DE;web;ACC-402;Beanie;1;199;0.1;179.1;completed
10317;07-08-2025;jonas.jensen77@gmail.com;SE;store;JKT-102;Down jacket;1;1899;0.0;1899.0;completed
10470;07-08-2025;Sofie.Andersen95@Outlook.Dk;SE;web;JKT-102;Down jacket;1;1899;0.0;1899.0;completed
11148;07-08-2025;clara.madsen78@hotmail.com;DK;app;ACC-403;Headlamp;1;349;0.0;349.0;completed
11320;07-08-2025;sofie.larsen28@outlook.dk;SE;web;ACC-401;Merino socks;1;129;0.0;129.0;completed
11679;07-08-2025;mette.larsen87@yahoo.dk;DK;store;ACC-401;Merino socks;1;129;0.15;109.65;completed
11686;07-08-2025;;DK;store;BAG-302;Trek pack 60L;-2;1499;0.0;-2998.0;refunded
10120;08-08-2025;;DE;store;BAG-302;Trek pack 60L;1;1499;0.0;1499.0;completed
10120;08-08-2025;;DE;store;SLP-601;Sleeping bag;1;899;0.0;899.0;completed
10221;08-08-2025;Laura.Hansen94@Outlook.Dk;SE;app;BAG-301;Daypack 25L;2;549;0.0;1098.0;completed
10410;08-08-2025;sofie.pedersen84@outlook.dk;DK;store;SLP-601;Sleeping bag;1;899;0.0;899.0;completed
10410;08-08-2025;Sofie.Pedersen84@Outlook.Dk;DK;store;ACC-401;Merino socks;2;129;0.0;258.0;completed
10830;08-08-2025;Clara.Madsen1@Yahoo.Dk;DK;web;ACC-401;Merino socks;-2;129;0.15;-219.3;refunded
11405;08-08-2025;emil.hansen28@hotmail.com;NO;web;BOT-201;Hiking boots;1;1099;0.15;934.15;completed
11904;08-08-2025;mette.andersen56@hotmail.com;DK;web;ACC-403;Headlamp;1;349;0.0;349.0;completed
11904;08-08-2025;Mette.Andersen56@Hotmail.Com;DK;web;ACC-401;Merino socks;1;129;0.0;129.0;completed
11904;08-08-2025;mette.andersen56@hotmail.com;DK;web;ACC-402;Beanie;1;199;0.0;199.0;completed
12799;08-08-2025;jonas.andersen74@yahoo.dk;NO;web;BAG-301;Daypack 25L;1;549;0.0;549.0;completed
10331;09-08-2025;oliver.pedersen41@outlook.dk;NO;store;JKT-102;Down jacket;-2;1899;0.0;-3798.0;refunded
10333;09-08-2025;oliver.pedersen41@outlook.dk;NO;store;JKT-101;Shell jacket;1;1299;0.15;1104.15;completed
10623;09-08-2025;oliver.petersen10@hotmail.com;DK;app;ACC-401;Merino socks;2;129;0.15;219.3;completed
12433;09-08-2025;lars.rasmussen31@mail.dk;DE;web;ACC-402;Beanie;1;199;0.0;199.0;completed
12270;10-08-2025;Oliver.Larsen44@Outlook.Dk;SE;web;BAG-301;Daypack 25L;2;549;0.0;1098.0;completed
12270;10-08-2025;oliver.larsen44@outlook.dk;SE;web;ACC-401;Merino socks;1;129;0.0;129.0;completed
10053;11-08-2025;noah.christensen91@yahoo.dk;NO;web;ACC-401;Merino socks;2;129;0.15;219.3;completed
10208;11-08-2025;Lars.Rasmussen52@Mail.Dk;DK;web;ACC-401;Merino socks;1;129;0.0;129.0;completed
10269;11-08-2025;Emil.Rasmussen80@Outlook.Dk;SE;app;JKT-101;Shell jacket;1;1299;0.0;1299.0;completed
10458;11-08-2025;noah.christensen77@gmail.com;DK;web;ACC-401;Merino socks;2;129;0.15;219.3;completed
10641;11-08-2025;mette.christensen31@hotmail.com;NO;web;ACC-401;Merino socks;1;129;0.1;116.1;completed
11456;11-08-2025;freja.madsen9@mail.dk;DE;store;BAG-301;Daypack 25L;1;549;0.0;549.0;completed
12199;11-08-2025;sara.pedersen41@mail.dk;DK;store;ACC-403;Headlamp;2;349;0.0;698.0;completed
12199;11-08-2025;Sara.Pedersen41@Mail.Dk;DK;store;ACC-401;Merino socks;1;129;0.0;129.0;completed
12485;11-08-2025;lars.larsen86@hotmail.com;DK;app;SLP-601;Sleeping bag;1;899;0.0;899.0;completed
12485;11-08-2025;Lars.Larsen86@Hotmail.Com;DK;app;ACC-402;Beanie;1;199;0.0;199.0;completed
12485;11-08-2025;lars.larsen86@hotmail.com;DK;app;ACC-401;Merino socks;2;129;0.0;258.0;completed
11549;12-08-2025;;DK;web;ACC-401;Merino socks;1;129;0.0;129.0;completed
11549;12-08-2025;;DK;web;JKT-101;Shell jacket;1;1299;0.0;1299.0;completed
12559;12-08-2025;noah.christensen57@mail.dk;SE;app;BAG-302;Trek pack 60L;1;1499;0.15;1274.15;completed
12559;12-08-2025;noah.christensen57@mail.dk;SE;app;BAG-301;Daypack 25L;1;549;0.15;466.65;completed
12559;12-08-2025;noah.christensen57@mail.dk;SE;app;JKT-101;Shell jacket;1;1299;0.15;1104.15;completed
12427;13-08-2025;Sara.Petersen20@Outlook.Dk;SE;web;BAG-301;Daypack 25L;1;549;0.1;494.1;completed
12805;13-08-2025;mikkel.andersen14@hotmail.com;DE;store;ACC-402;Beanie;1;199;0.1;179.1;completed
12805;13-08-2025;mikkel.andersen14@hotmail.com;DE;store;BAG-301;Daypack 25L;1;549;0.1;494.1;completed
12817;13-08-2025;mikkel.petersen42@gmail.com;DK;store;BOT-201;Hiking boots;1;1099;0.0;1099.0;completed
10923;14-08-2025;laura.larsen75@outlook.dk;DK;web;SLP-601;Sleeping bag;1;899;0.15;764.15;completed
12280;14-08-2025;clara.rasmussen30@gmail.com;NO;app;ACC-401;Merino socks;1;129;0.15;109.65;completed
12883;14-08-2025;Clara.Rasmussen71@Hotmail.Com;NO;store;JKT-102;Down jacket;2;1899;0.0;3798.0;completed
12883;14-08-2025;clara.rasmussen71@hotmail.com;NO;store;JKT-101;Shell jacket;2;1299;0.0;2598.0;completed
12883;14-08-2025;clara.rasmussen71@hotmail.com;NO;store;ACC-403;Headlamp;1;349;0.0;349.0;completed
10459;15-08-2025;noah.christensen77@gmail.com;DK;web;ACC-402;Beanie;2;199;0.0;398.0;completed
10588;15-08-2025;ida.hansen95@hotmail.com;SE;app;TNT-501;2p tent;1;2499;0.15;2124.15;completed
11269;15-08-2025;anna.petersen48@mail.dk;DK;web;ACC-402;Beanie;1;199;0.0;199.0;completed
12800;15-08-2025;jonas.andersen74@yahoo.dk;NO;web;JKT-101;Shell jacket;1;1299;0.0;1299.0;completed
12800;15-08-2025;Jonas.Andersen74@Yahoo.Dk;NO;web;BOT-201;Hiking boots;2;1099;0.0;2198.0;completed
10221;16-08-2025;Laura.Hansen94@Outlook.Dk;SE;app;BAG-301;Daypack 25L;-2;549;0.0;-1098.0;refunded
10284;16-08-2025;freja.nielsen30@outlook.dk;DE;web;ACC-403;Headlamp;2;349;0.0;698.0;completed
10284;16-08-2025;freja.nielsen30@outlook.dk;DE;web;BAG-301;Daypack 25L;2;549;0.0;1098.0;completed
10284;16-08-2025;Freja.Nielsen30@Outlook.Dk;DE;web;ACC-401;Merino socks;2;129;0.0;258.0;completed
10679;16-08-2025;ida.madsen91@mail.dk;SE;app;ACC-402;Beanie;1;199;0.0;199.0;completed
10679;16-08-2025;Ida.Madsen91@Mail.Dk;SE;app;JKT-101;Shell jacket;1;1299;0.0;1299.0;completed
10679;16-08-2025;ida.madsen91@mail.dk;SE;app;ACC-401;Merino socks;2;129;0.0;258.0;completed
11350;16-08-2025;Clara.Larsen80@Gmail.Com;SE;web;JKT-101;Shell jacket;1;1299;0.0;1299.0;completed
12037;16-08-2025;ida.jensen40@hotmail.com;NO;web;BOT-201;Hiking boots;1;1099;0.15;934.15;completed
12105;16-08-2025;emil.rasmussen88@gmail.com;SE;app;TNT-501;2p tent;1;2499;0.15;2124.15;completed
12105;16-08-2025;emil.rasmussen88@gmail.com;SE;app;ACC-402;Beanie;1;199;0.15;169.15;completed
12823;16-08-2025;magnus.larsen7@mail.dk;SE;web;SLP-601;Sleeping bag;2;899;0.15;1528.3;completed
10552;17-08-2025;emil.petersen28@outlook.dk;DK;store;JKT-102;Down jacket;1;1899;0.0;1899.0;completed
10552;17-08-2025;emil.petersen28@outlook.dk;DK;store;JKT-102;Down jacket;1;1899;0.0;1899.0;completed
11315;17-08-2025;lars.rasmussen26@outlook.dk;NO;store;JKT-101;Shell jacket;1;1299;0.0;1299.0;completed
11315;17-08-2025;lars.rasmussen26@outlook.dk;NO;store;BAG-302;Trek pack 60L;1;1499;0.0;1499.0;completed
12301;17-08-2025;freja.hansen62@hotmail.com;NO;web;BAG-301;Daypack 25L;1;549;0.1;494.1;completed
13051;17-08-2025;lars.hansen45@gmail.com;DK;app;ACC-401;Merino socks;1;129;0.0;129.0;completed
10373;18-08-2025;magnus.pedersen6@yahoo.dk;DK;app;BAG-301;Daypack 25L;1;549;0.0;549.0;completed
10728;18-08-2025;lars.hansen10@yahoo.dk;DK;web;ACC-402;Beanie;1;199;0.15;169.15;completed
10728;18-08-2025;Lars.Hansen10@Yahoo.Dk;DK;web;JKT-101;Shell jacket;2;1299;0.15;2208.3;completed
10728;18-08-2025;Lars.Hansen10@Yahoo.Dk;DK;web;ACC-401;Merino socks;2;129;0.15;219.3;completed
12940;18-08-2025;Noah.Madsen55@Outlook.Dk;DK;web;BAG-301;Daypack 25L;1;549;0.0;549.0;completed
12940;18-08-2025;noah.madsen55@outlook.dk;DK;web;ACC-403;Headlamp;1;349;0.0;349.0;completed
13038;18-08-2025;ida.christensen33@yahoo.dk;DK;web;ACC-403;Headlamp;1;349;0.15;296.65;completed
10422;19-08-2025;sofie.hansen46@outlook.dk;DK;web;ACC-402;Beanie;1;199;0.1;179.1;completed
10940;19-08-2025;clara.hansen83@gmail.com;DE;web;BOT-201;Hiking boots;1;1099;0.0;1099.0;completed
10326;20-08-2025;sara.nielsen4@yahoo.dk;DK;web;ACC-401;Merino socks;2;129;0.15;219.3;completed
10326;20-08-2025;sara.nielsen4@yahoo.dk;DK;web;BAG-301;Daypack 25L;1;549;0.15;466.65;completed
11841;20-08-2025;jonas.christensen85@outlook.dk;DE;web;ACC-402;Beanie;2;199;0.15;338.3;completed
11841;20-08-2025;jonas.christensen85@outlook.dk;DE;web;ACC-403;Headlamp;1;349;0.15;296.65;completed
12281;20-08-2025;;NO;app;ACC-401;Merino socks;1;129;0.0;129.0;completed
10605;21-08-2025;ida.andersen24@hotmail.com;DK;web;SLP-601;Sleeping bag;2;899;0.15;1528.3;completed
10941;21-08-2025;;DE;web;BAG-301;Daypack 25L;1;549;0.1;494.1;completed
12375;21-08-2025;magnus.pedersen20@outlook.dk;SE;store;BAG-302;Trek pack 60L;1;1499;0.0;1499.0;completed
12375;21-08-2025;magnus.pedersen20@outlook.dk;SE;store;ACC-403;Headlamp;2;349;0.0;698.0;completed
12375;21-08-2025;magnus.pedersen20@outlook.dk;SE;store;JKT-101;Shell jacket;1;1299;0.0;1299.0;completed
12496;21-08-2025;Ida.Nielsen27@Mail.Dk;SE;web;ACC-403;Headlamp;1;349;0.1;314.1;completed
10218;22-08-2025;lars.jensen96@gmail.com;DK;web;JKT-101;Shell jacket;1;1299;0.0;1299.0;completed
11252;22-08-2025;laura.andersen13@gmail.com;DE;web;ACC-403;Headlamp;1;349;0.1;314.1;completed
11672;22-08-2025;noah.jensen4@mail.dk;DK;web;BAG-301;Daypack 25L;1;549;0.15;466.65;completed
11779;22-08-2025;laura.pedersen55@hotmail.com;NO;app;ACC-401;Merino socks;2;129;0.0;258.0;completed
12002;22-08-2025;magnus.hansen97@outlook.dk;SE;web;ACC-401;Merino socks;1;129;0.0;129.0;completed
12801;22-08-2025;Jonas.Andersen74@Yahoo.Dk;NO;web;ACC-403;Headlamp;1;349;0.0;349.0;completed
11253;23-08-2025;laura.andersen13@gmail.com;DE;web;ACC-402;Beanie;2;199;0.0;398.0;completed
11793;23-08-2025;ida.jensen29@yahoo.dk;DE;web;BAG-301;Daypack 25L;2;549;0.1;988.2;completed
11793;23-08-2025;Ida.Jensen29@Yahoo.Dk;DE;web;ACC-403;Headlamp;1;349;0.1;314.1;completed
10160;24-08-2025;emil.petersen91@gmail.com;DE;store;JKT-101;Shell jacket;2;1299;0.1;2338.2;completed
10160;24-08-2025;emil.petersen91@gmail.com;DE;store;ACC-401;Merino socks;1;129;0.1;116.1;completed
10724;24-08-2025;clara.rasmussen18@mail.dk;NO;web;ACC-403;Headlamp;2;349;0.0;698.0;completed
10724;24-08-2025;clara.rasmussen18@mail.dk;NO;web;ACC-402;Beanie;1;199;0.0;199.0;completed
10724;24-08-2025;Clara.Rasmussen18@Mail.Dk;NO;web;ACC-401;Merino socks;1;129;0.0;129.0;completed
11127;24-08-2025;;DK;web;ACC-402;Beanie;1;199;0.0;199.0;completed
11127;24-08-2025;;DK;web;ACC-401;Merino socks;1;129;0.0;129.0;completed
11127;24-08-2025;;DK;web;BAG-302;Trek pack 60L;1;1499;0.0;1499.0;completed
11863;24-08-2025;lars.christensen42@gmail.com;NO;app;BAG-301;Daypack 25L;1;549;0.0;549.0;completed
12094;24-08-2025;mikkel.rasmussen27@gmail.com;DK;store;ACC-402;Beanie;2;199;0.0;398.0;completed
12094;24-08-2025;mikkel.rasmussen27@gmail.com;DK;store;ACC-401;Merino socks;2;129;0.0;258.0;completed
12094;24-08-2025;mikkel.rasmussen27@gmail.com;DK;store;JKT-101;Shell jacket;1;1299;0.0;1299.0;completed
10318;25-08-2025;jonas.jensen77@gmail.com;SE;store;ACC-401;Merino socks;1;129;0.0;129.0;completed
10318;25-08-2025;jonas.jensen77@gmail.com;SE;store;ACC-402;Beanie;1;199;0.0;199.0;completed
10334;25-08-2025;oliver.pedersen41@outlook.dk;NO;store;JKT-101;Shell jacket;2;1299;0.15;2208.3;completed
11178;25-08-2025;clara.christensen44@gmail.com;DK;app;JKT-101;Shell jacket;2;1299;0.1;2338.2;completed
11261;25-08-2025;mikkel.larsen56@mail.dk;NO;web;ACC-403;Headlamp;1;349;0.1;314.1;completed
11261;25-08-2025;Mikkel.Larsen56@Mail.Dk;NO;web;BOT-201;Hiking boots;2;1099;0.1;1978.2;completed
11261;25-08-2025;Mikkel.Larsen56@Mail.Dk;NO;web;ACC-402;Beanie;2;199;0.1;358.2;completed
12722;25-08-2025;sara.madsen86@hotmail.com;DE;web;JKT-101;Shell jacket;1;1299;0.15;1104.15;completed
12722;25-08-2025;Sara.Madsen86@Hotmail.Com;DE;web;BOT-201;Hiking boots;1;1099;0.15;934.15;completed
10056;26-08-2025;freja.andersen50@outlook.dk;SE;app;BAG-302;Trek pack 60L;1;1499;0.1;1349.1;completed
10072;26-08-2025;freja.jensen46@mail.dk;SE;web;ACC-401;Merino socks;1;129;0.0;129.0;completed
10072;26-08-2025;freja.jensen46@mail.dk;SE;web;ACC-403;Headlamp;1;349;0.0;349.0;completed
11556;26-08-2025;emil.andersen65@mail.dk;NO;app;ACC-403;Headlamp;1;349;0.0;349.0;completed
11915;26-08-2025;mikkel.petersen27@yahoo.dk;SE;app;ACC-401;Merino socks;1;129;0.0;129.0;completed
11915;26-08-2025;mikkel.petersen27@yahoo.dk;SE;app;BOT-201;Hiking boots;1;1099;0.0;1099.0;completed
11915;26-08-2025;mikkel.petersen27@yahoo.dk;SE;app;ACC-402;Beanie;1;199;0.0;199.0;completed
12216;26-08-2025;Emil.Nielsen1@Gmail.Com;DK;app;ACC-401;Merino socks;1;129;0.0;129.0;completed
12441;26-08-2025;lars.christensen44@mail.dk;DK;app;JKT-102;Down jacket;1;1899;0.0;1899.0;completed
10339;27-08-2025;mikkel.pedersen36@hotmail.com;DK;web;ACC-402;Beanie;1;199;0.0;199.0;completed
10339;27-08-2025;Mikkel.Pedersen36@Hotmail.Com;DK;web;ACC-401;Merino socks;1;129;0.0;129.0;completed
12168;27-08-2025;Laura.Hansen76@Outlook.Dk;DK;web;BOT-201;Hiking boots;1;1099;0.0;1099.0;completed
12168;27-08-2025;laura.hansen76@outlook.dk;DK;web;ACC-401;Merino socks;1;129;0.0;129.0;completed
12168;27-08-2025;laura.hansen76@outlook.dk;DK;web;JKT-101;Shell jacket;1;1299;0.0;1299.0;completed
12168;27-08-2025;laura.hansen76@outlook.dk;DK;web;ACC-401;Merino socks;1;129;0.0;129.0;completed
12896;27-08-2025;mette.andersen9@hotmail.com;DK;store;BAG-302;Trek pack 60L;1;1499;0.15;1274.15;completed
12941;27-08-2025;Noah.Madsen55@Outlook.Dk;DK;web;BAG-302;Trek pack 60L;1;1499;0.0;1499.0;completed
12941;27-08-2025;Noah.Madsen55@Outlook.Dk;DK;web;ACC-402;Beanie;1;199;0.0;199.0;completed
12996;27-08-2025;noah.andersen58@mail.dk;SE;store;BAG-301;Daypack 25L;1;549;0.0;549.0;completed
10642;28-08-2025;mette.christensen31@hotmail.com;NO;web;ACC-403;Headlamp;1;349;0.0;349.0;completed
11904;28-08-2025;mette.andersen56@hotmail.com;DK;web;ACC-403;Headlamp;-1;349;0.0;-349.0;refunded
12993;28-08-2025;anna.pedersen61@hotmail.com;SE;web;ACC-402;Beanie;1;199;0.15;169.15;completed
10563;29-08-2025;clara.hansen56@gmail.com;NO;web;ACC-402;Beanie;1;199;0.15;169.15;completed
10563;29-08-2025;clara.hansen56@gmail.com;NO;web;ACC-403;Headlamp;1;349;0.15;296.65;completed
10680;29-08-2025;Ida.Madsen91@Mail.Dk;SE;app;ACC-401;Merino socks;1;129;0.1;116.1;completed
10680;29-08-2025;ida.madsen91@mail.dk;SE;app;ACC-403;Headlamp;1;349;0.1;314.1;completed
10688;29-08-2025;Magnus.Larsen79@Gmail.Com;DK;store;BAG-302;Trek pack 60L;1;1499;0.15;1274.15;completed
10688;29-08-2025;magnus.larsen79@gmail.com;DK;store;ACC-401;Merino socks;1;129;0.15;109.65;completed
11270;29-08-2025;anna.petersen48@mail.dk;DK;web;BAG-301;Daypack 25L;2;549;0.15;933.3;completed
11270;29-08-2025;anna.petersen48@mail.dk;DK;web;JKT-102;Down jacket;1;1899;0.15;1614.15;completed
10148;30-08-2025;noah.pedersen68@yahoo.dk;SE;web;ACC-403;Headlamp;1;349;0.1;314.1;completed
10148;30-08-2025;noah.pedersen68@yahoo.dk;SE;web;ACC-402;Beanie;1;199;0.1;179.1;completed
10155;30-08-2025;sara.petersen48@yahoo.dk;SE;app;BOT-201;Hiking boots;2;1099;0.0;2198.0;completed
11135;30-08-2025;magnus.larsen5@outlook.dk;DK;web;BAG-301;Daypack 25L;1;549;0.0;549.0;completed
11135;30-08-2025;magnus.larsen5@outlook.dk;DK;web;SLP-601;Sleeping bag;1;899;0.0;899.0;completed
12647;30-08-2025;Sofie.Jensen3@Hotmail.Com;DK;web;BAG-301;Daypack 25L;1;549;0.0;549.0;completed
10176;31-08-2025;laura.madsen42@gmail.com;DK;web;TNT-501;2p tent;1;2499;0.0;2499.0;completed
10865;31-08-2025;magnus.christensen44@yahoo.dk;NO;app;ACC-401;Merino socks;1;129;0.1;116.1;completed
10865;31-08-2025;Magnus.Christensen44@Yahoo.Dk;NO;app;BOT-201;Hiking boots;1;1099;0.1;989.1;completed
11144;31-08-2025;mikkel.rasmussen59@outlook.dk;SE;web;ACC-401;Merino socks;1;129;0.1;116.1;completed
11435;31-08-2025;ida.hansen35@yahoo.dk;DK;web;SLP-601;Sleeping bag;1;899;0.0;899.0;completed
10729;01-09-2025;lars.hansen10@yahoo.dk;DK;web;ACC-403;Headlamp;1;349;0.0;349.0;completed
10285;02-09-2025;freja.nielsen30@outlook.dk;DE;web;ACC-402;Beanie;2;199;0.0;398.0;completed
11194;02-09-2025;sofie.madsen65@yahoo.dk;NO;web;ACC-401;Merino socks;1;129;0.0;129.0;completed
11406;02-09-2025;emil.hansen28@hotmail.com;NO;web;BOT-201;Hiking boots;1;1099;0.0;1099.0;completed
11673;02-09-2025;anna.nielsen75@outlook.dk;NO;web;TNT-501;2p tent;1;2499;0.0;2499.0;completed
11673;02-09-2025;anna.nielsen75@outlook.dk;NO;web;ACC-401;Merino socks;2;129;0.0;258.0;completed
12038;02-09-2025;ida.jensen40@hotmail.com;NO;web;ACC-401;Merino socks;1;129;0.0;129.0;completed
12863;02-09-2025;mikkel.christensen54@outlook.dk;DK;web;SLP-601;Sleeping bag;1;899;0.15;764.15;completed
10924;03-09-2025;laura.larsen75@outlook.dk;DK;web;BOT-201;Hiking boots;2;1099;0.0;2198.0;completed
10924;03-09-2025;laura.larsen75@outlook.dk;DK;web;BAG-301;Daypack 25L;1;549;0.0;549.0;completed
10924;03-09-2025;Laura.Larsen75@Outlook.Dk;DK;web;ACC-402;Beanie;1;199;0.0;199.0;completed
12039;03-09-2025;ida.jensen40@hotmail.com;NO;web;BOT-201;Hiking boots;1;1099;0.0;1099.0;completed
12039;03-09-2025;ida.jensen40@hotmail.com;NO;web;BAG-301;Daypack 25L;1;549;0.0;549.0;completed
12039;03-09-2025;ida.jensen40@hotmail.com;NO;web;ACC-401;Merino socks;2;129;0.0;258.0;completed
12131;03-09-2025;Mette.Madsen70@Yahoo.Dk;DK;app;BOT-201;Hiking boots;1;1099;0.0;1099.0;completed
12339;03-09-2025;sara.jensen44@mail.dk;DK;store;ACC-401;Merino socks;1;129;0.0;129.0;completed
12339;03-09-2025;sara.jensen44@mail.dk;DK;store;JKT-101;Shell jacket;1;1299;0.0;1299.0;completed
12497;03-09-2025;Jonas.Andersen18@Hotmail.Com;DK;web;ACC-401;Merino socks;2;129;0.0;258.0;completed
12569;03-09-2025;jonas.andersen42@hotmail.com;DE;web;BAG-302;Trek pack 60L;2;1499;0.0;2998.0;completed
12569;03-09-2025;jonas.andersen42@hotmail.com;DE;web;JKT-101;Shell jacket;1;1299;0.0;1299.0;completed
12964;03-09-2025;sofie.hansen55@mail.dk;NO;web;ACC-403;Headlamp;2;349;0.1;628.2;completed
12964;03-09-2025;sofie.hansen55@mail.dk;NO;web;ACC-402;Beanie;1;199;0.1;179.1;completed
10198;04-09-2025;sofie.petersen24@gmail.com;DK;web;ACC-401;Merino socks;1;129;0.15;109.65;completed
10866;04-09-2025;magnus.christensen44@yahoo.dk;NO;app;ACC-403;Headlamp;1;349;0.0;349.0;completed
11279;04-09-2025;Magnus.Jensen39@Yahoo.Dk;DE;web;ACC-403;Headlamp;2;349;0.0;698.0;completed
11279;04-09-2025;magnus.jensen39@yahoo.dk;DE;web;JKT-102;Down jacket;1;1899;0.0;1899.0;completed
11279;04-09-2025;magnus.jensen39@yahoo.dk;DE;web;ACC-401;Merino socks;1;129;0.0;129.0;completed
12094;04-09-2025;mikkel.rasmussen27@gmail.com;DK;store;ACC-402;Beanie;-2;199;0.0;-398.0;refunded
12570;04-09-2025;jonas.andersen42@hotmail.com;DE;web;BOT-201;Hiking boots;1;1099;0.0;1099.0;completed
10109;05-09-2025;sofie.madsen52@hotmail.com;DK;web;BOT-201;Hiking boots;1;1099;0.1;989.1;completed
10530;05-09-2025;jonas.madsen43@yahoo.dk;NO;web;SLP-601;Sleeping bag;1;899;0.1;809.1;completed
10530;05-09-2025;jonas.madsen43@yahoo.dk;NO;web;ACC-401;Merino socks;1;129;0.1;116.1;completed
11866;05-09-2025;oliver.nielsen55@hotmail.com;SE;web;BOT-201;Hiking boots;1;1099;0.15;934.15;completed
11866;05-09-2025;Oliver.Nielsen55@Hotmail.Com;SE;web;BAG-302;Trek pack 60L;2;1499;0.15;2548.3;completed
13060;05-09-2025;Sara.Petersen2@Outlook.Dk;NO;store;ACC-403;Headlamp;1;349;0.0;349.0;completed
13060;05-09-2025;sara.petersen2@outlook.dk;NO;store;ACC-401;Merino socks;1;129;0.0;129.0;completed
12611;06-09-2025;ida.hansen3@yahoo.dk;DE;web;BAG-301;Daypack 25L;1;549;0.0;549.0;completed
12965;06-09-2025;sofie.hansen55@mail.dk;NO;web;ACC-403;Headlamp;2;349;0.15;593.3;completed
10270;07-09-2025;Emil.Rasmussen80@Outlook.Dk;SE;app;ACC-402;Beanie;1;199;0.0;199.0;completed
10335;07-09-2025;;NO;store;BAG-302;Trek pack 60L;1;1499;0.1;1349.1;completed
10335;07-09-2025;;NO;store;ACC-403;Headlamp;1;349;0.1;314.1;completed
10942;07-09-2025;Clara.Hansen83@Gmail.Com;DE;web;BAG-301;Daypack 25L;1;549;0.15;466.65;completed
11041;07-09-2025;emil.larsen91@mail.dk;DK;web;ACC-402;Beanie;2;199;0.1;358.2;completed
11041;07-09-2025;emil.larsen91@mail.dk;DK;web;BAG-301;Daypack 25L;2;549;0.1;988.2;completed
11041;07-09-2025;emil.larsen91@mail.dk;DK;web;JKT-101;Shell jacket;1;1299;0.1;1169.1;completed
11650;07-09-2025;;DE;app;JKT-101;Shell jacket;1;1299;0.0;1299.0;completed
11755;07-09-2025;oliver.pedersen60@yahoo.dk;DE;web;ACC-402;Beanie;1;199;0.1;179.1;completed
11755;07-09-2025;oliver.pedersen60@yahoo.dk;DE;web;SLP-601;Sleeping bag;2;899;0.1;1618.2;completed
11805;07-09-2025;noah.pedersen70@mail.dk;SE;web;TNT-501;2p tent;1;2499;0.15;2124.15;completed
11805;07-09-2025;noah.pedersen70@mail.dk;SE;web;ACC-402;Beanie;1;199;0.15;169.15;completed
11927;07-09-2025;emil.christensen94@outlook.dk;NO;web;BAG-302;Trek pack 60L;2;1499;0.0;2998.0;completed
11927;07-09-2025;emil.christensen94@outlook.dk;NO;web;BOT-201;Hiking boots;1;1099;0.0;1099.0;completed
12187;07-09-2025;Jonas.Larsen9@Gmail.Com;SE;web;SLP-601;Sleeping bag;1;899;0.0;899.0;completed
12187;07-09-2025;jonas.larsen9@gmail.com;SE;web;ACC-402;Beanie;1;199;0.0;199.0;completed
10639;08-09-2025;ida.rasmussen79@hotmail.com;DK;web;ACC-401;Merino socks;1;129;0.0;129.0;completed
11004;08-09-2025;noah.christensen6@hotmail.com;SE;store;ACC-402;Beanie;2;199;0.0;398.0;completed
11769;08-09-2025;lars.larsen42@mail.dk;DK;store;BAG-301;Daypack 25L;1;549;0.0;549.0;completed
11457;09-09-2025;freja.madsen9@mail.dk;DE;store;BOT-201;Hiking boots;1;1099;0.15;934.15;completed
12725;09-09-2025;Mette.Madsen83@Outlook.Dk;DK;web;ACC-401;Merino socks;1;129;0.15;109.65;completed
12897;09-09-2025;mette.andersen9@hotmail.com;DK;store;ACC-401;Merino socks;1;129;0.1;116.1;completed
10377;10-09-2025;ida.rasmussen71@outlook.dk;DK;app;BOT-201;Hiking boots;1;1099;0.0;1099.0;completed
11085;10-09-2025;ida.andersen82@gmail.com;DK;web;ACC-402;Beanie;1;199;0.0;199.0;completed
11085;10-09-2025;Ida.Andersen82@Gmail.Com;DK;web;ACC-403;Headlamp;2;349;0.0;698.0;completed
11127;10-09-2025;;DK;web;ACC-402;Beanie;-1;199;0.0;-199.0;refunded
11149;10-09-2025;clara.madsen78@hotmail.com;DK;app;ACC-401;Merino socks;1;129;0.1;116.1;completed
11149;10-09-2025;clara.madsen78@hotmail.com;DK;app;ACC-402;Beanie;1;199;0.1;179.1;completed
11149;10-09-2025;clara.madsen78@hotmail.com;DK;app;JKT-101;Shell jacket;1;1299;0.1;1169.1;completed
11928;10-09-2025;emil.christensen94@outlook.dk;NO;web;SLP-601;Sleeping bag;1;899;0.1;809.1;completed
12726;10-09-2025;mette.madsen83@outlook.dk;DK;web;BAG-301;Daypack 25L;1;549;0.0;549.0;completed
12726;10-09-2025;mette.madsen83@outlook.dk;DK;web;ACC-401;Merino socks;1;129;0.0;129.0;completed
12840;10-09-2025;emil.jensen13@hotmail.com;DE;store;ACC-402;Beanie;1;199;0.0;199.0;completed
13061;10-09-2025;sara.petersen2@outlook.dk;NO;store;ACC-402;Beanie;1;199;0.0;199.0;completed
13061;10-09-2025;sara.petersen2@outlook.dk;NO;store;ACC-403;Headlamp;2;349;0.0;698.0;completed
10502;11-09-2025;anna.andersen23@mail.dk;DK;web;ACC-402;Beanie;1;199;0.1;179.1;completed
10522;11-09-2025;freja.petersen13@mail.dk;DE;store;ACC-401;Merino socks;2;129;0.1;232.2;completed
10522;11-09-2025;freja.petersen13@mail.dk;DE;store;TNT-501;2p tent;2;2499;0.1;4498.2;completed
12124;11-09-2025;lars.madsen87@mail.dk;DK;web;JKT-102;Down jacket;1;1899;0.15;1614.15;completed
12132;11-09-2025;mette.madsen70@yahoo.dk;DK;app;ACC-403;Headlamp;2;349;0.1;628.2;completed
12200;11-09-2025;magnus.christensen95@yahoo.dk;DK;app;ACC-401;Merino socks;1;129;0.1;116.1;completed
12578;11-09-2025;lars.jensen87@mail.dk;DK;web;JKT-101;Shell jacket;1;1299;0.15;1104.15;completed
10531;12-09-2025;;NO;web;ACC-401;Merino socks;1;129;0.15;109.65;completed
10531;12-09-2025;;NO;web;SLP-601;Sleeping bag;1;899;0.15;764.15;completed
11292;12-09-2025;Emil.Petersen44@Outlook.Dk;NO;web;ACC-403;Headlamp;1;349;0.0;349.0;completed
11871;12-09-2025;Mikkel.Hansen21@Outlook.Dk;DK;web;BOT-201;Hiking boots;1;1099;0.0;1099.0;completed
12766;12-09-2025;Anna.Jensen25@Hotmail.Com;DK;web;ACC-402;Beanie;2;199;0.0;398.0;completed
12942;12-09-2025;Noah.Madsen55@Outlook.Dk;DK;web;ACC-402;Beanie;1;199;0.1;179.1;completed
12942;12-09-2025;Noah.Madsen55@Outlook.Dk;DK;web;BAG-301;Daypack 25L;1;549;0.1;494.1;completed
12942;12-09-2025;noah.madsen55@outlook.dk;DK;web;ACC-401;Merino socks;1;129;0.1;116.1;completed
12966;12-09-2025;;NO;web;SLP-601;Sleeping bag;1;899;0.15;764.15;completed
12966;12-09-2025;;NO;web;ACC-402;Beanie;2;199;0.15;338.3;completed
10483;13-09-2025;Jonas.Madsen8@Mail.Dk;SE;web;SLP-601;Sleeping bag;1;899;0.0;899.0;completed
10483;13-09-2025;Jonas.Madsen8@Mail.Dk;SE;web;ACC-403;Headlamp;1;349;0.0;349.0;completed
10990;13-09-2025;jonas.jensen20@outlook.dk;DK;web;ACC-401;Merino socks;1;129;0.0;129.0;completed
11407;13-09-2025;emil.hansen28@hotmail.com;NO;web;JKT-102;Down jacket;1;1899;0.0;1899.0;completed
11407;13-09-2025;Emil.Hansen28@Hotmail.Com;NO;web;BOT-201;Hiking boots;1;1099;0.0;1099.0;completed
11407;13-09-2025;emil.hansen28@hotmail.com;NO;web;BAG-301;Daypack 25L;1;549;0.0;549.0;completed
11913;13-09-2025;Oliver.Pedersen79@Gmail.Com;DK;web;ACC-403;Headlamp;2;349;0.15;593.3;completed
12217;13-09-2025;Emil.Nielsen1@Gmail.Com;DK;app;TNT-501;2p tent;2;2499;0.1;4498.2;completed
12679;13-09-2025;magnus.larsen64@gmail.com;NO;app;ACC-401;Merino socks;2;129;0.1;232.2;completed
12967;13-09-2025;sofie.hansen55@mail.dk;NO;web;JKT-101;Shell jacket;1;1299;0.0;1299.0;completed
12967;13-09-2025;Sofie.Hansen55@Mail.Dk;NO;web;ACC-402;Beanie;1;199;0.0;199.0;completed
10325;14-09-2025;anna.larsen52@hotmail.com;DE;web;JKT-101;Shell jacket;1;1299;0.0;1299.0;completed
11293;14-09-2025;emil.petersen44@outlook.dk;NO;web;BOT-201;Hiking boots;1;1099;0.0;1099.0;completed
11756;14-09-2025;oliver.pedersen60@yahoo.dk;DE;web;ACC-402;Beanie;1;199;0.15;169.15;completed
11756;14-09-2025;Oliver.Pedersen60@Yahoo.Dk;DE;web;ACC-403;Headlamp;2;349;0.15;593.3;completed
11758;14-09-2025;Anna.Nielsen41@Mail.Dk;DK;web;ACC-401;Merino socks;1;129;0.0;129.0;completed
11758;14-09-2025;anna.nielsen41@mail.dk;DK;web;ACC-403;Headlamp;1;349;0.0;349.0;completed
11758;14-09-2025;anna.nielsen41@mail.dk;DK;web;ACC-402;Beanie;1;199;0.0;199.0;completed
11883;14-09-2025;Sara.Larsen62@Mail.Dk;DE;web;JKT-102;Down jacket;1;1899;0.1;1709.1;completed
11883;14-09-2025;Sara.Larsen62@Mail.Dk;DE;web;JKT-102;Down jacket;1;1899;0.1;1709.1;completed
11958;14-09-2025;noah.rasmussen34@mail.dk;NO;app;ACC-403;Headlamp;1;349;0.15;296.65;completed
11958;14-09-2025;noah.rasmussen34@mail.dk;NO;app;ACC-402;Beanie;1;199;0.15;169.15;completed
11958;14-09-2025;noah.rasmussen34@mail.dk;NO;app;BAG-302;Trek pack 60L;1;1499;0.15;1274.15;completed
11967;14-09-2025;anna.hansen92@gmail.com;DK;store;ACC-402;Beanie;1;199;0.1;179.1;completed
12515;14-09-2025;Emil.Jensen46@Gmail.Com;NO;web;JKT-101;Shell jacket;1;1299;0.15;1104.15;completed
10849;15-09-2025;ida.petersen48@gmail.com;SE;web;BAG-301;Daypack 25L;1;549;0.15;466.65;completed
10849;15-09-2025;ida.petersen48@gmail.com;SE;web;BOT-201;Hiking boots;2;1099;0.15;1868.3;completed
10849;15-09-2025;ida.petersen48@gmail.com;SE;web;ACC-402;Beanie;1;199;0.15;169.15;completed
11234;15-09-2025;sofie.larsen17@yahoo.dk;DE;web;ACC-401;Merino socks;1;129;0.0;129.0;completed
11234;15-09-2025;sofie.larsen17@yahoo.dk;DE;web;JKT-101;Shell jacket;1;1299;0.0;1299.0;completed
11458;15-09-2025;freja.madsen9@mail.dk;DE;store;BAG-301;Daypack 25L;1;549;0.0;549.0;completed
11458;15-09-2025;Freja.Madsen9@Mail.Dk;DE;store;ACC-402;Beanie;1;199;0.0;199.0;completed
12968;15-09-2025;sofie.hansen55@mail.dk;NO;web;SLP-601;Sleeping bag;1;899;0.1;809.1;completed
12986;15-09-2025;freja.pedersen79@mail.dk;DE;web;JKT-102;Down jacket;1;1899;0.15;1614.15;completed
12986;15-09-2025;freja.pedersen79@mail.dk;DE;web;BOT-201;Hiking boots;1;1099;0.15;934.15;completed
10832;16-09-2025;;DK;web;ACC-401;Merino socks;1;129;0.0;129.0;completed
11590;16-09-2025;Freja.Rasmussen51@Mail.Dk;DK;web;BOT-201;Hiking boots;1;1099;0.15;934.15;completed
11590;16-09-2025;freja.rasmussen51@mail.dk;DK;web;ACC-401;Merino socks;2;129;0.15;219.3;completed
11590;16-09-2025;freja.rasmussen51@mail.dk;DK;web;BAG-301;Daypack 25L;2;549;0.15;933.3;completed
11590;16-09-2025;Freja.Rasmussen51@Mail.Dk;DK;web;BOT-201;Hiking boots;1;1099;0.15;934.15;completed
11973;16-09-2025;noah.hansen5@yahoo.dk;SE;web;SLP-601;Sleeping bag;1;899;0.1;809.1;completed
12107;16-09-2025;oliver.jensen5@gmail.com;NO;web;ACC-403;Headlamp;2;349;0.0;698.0;completed
12218;16-09-2025;emil.nielsen1@gmail.com;DK;app;BAG-301;Daypack 25L;1;549;0.0;549.0;completed
12218;16-09-2025;Emil.Nielsen1@Gmail.Com;DK;app;ACC-403;Headlamp;1;349;0.0;349.0;completed
12606;16-09-2025;sofie.larsen14@hotmail.com;DK;web;JKT-101;Shell jacket;1;1299;0.15;1104.15;completed
11138;17-09-2025;emil.rasmussen44@yahoo.dk;DK;web;ACC-402;Beanie;1;199;0.0;199.0;completed
11384;17-09-2025;mette.jensen98@outlook.dk;DK;web;BAG-302;Trek pack 60L;1;1499;0.1;1349.1;completed
11384;17-09-2025;mette.jensen98@outlook.dk;DK;web;ACC-401;Merino socks;1;129;0.1;116.1;completed
12654;17-09-2025;magnus.christensen48@hotmail.com;DK;app;JKT-102;Down jacket;1;1899;0.0;1899.0;completed
12654;17-09-2025;magnus.christensen48@hotmail.com;DK;app;JKT-101;Shell jacket;1;1299;0.0;1299.0;completed
12673;17-09-2025;clara.larsen60@yahoo.dk;SE;store;ACC-402;Beanie;1;199;0.15;169.15;completed
12673;17-09-2025;clara.larsen60@yahoo.dk;SE;store;SLP-601;Sleeping bag;2;899;0.15;1528.3;completed
12673;17-09-2025;Clara.Larsen60@Yahoo.Dk;SE;store;BAG-301;Daypack 25L;1;549;0.15;466.65;completed
10079;18-09-2025;sara.larsen44@hotmail.com;DK;web;JKT-101;Shell jacket;1;1299;0.0;1299.0;completed
10079;18-09-2025;sara.larsen44@hotmail.com;DK;web;ACC-403;Headlamp;1;349;0.0;349.0;completed
10265;18-09-2025;emil.christensen70@mail.dk;DK;web;SLP-601;Sleeping bag;1;899;0.15;764.15;completed
10344;18-09-2025;jonas.christensen67@outlook.dk;DK;store;BAG-301;Daypack 25L;1;549;0.0;549.0;completed
10403;18-09-2025;Emil.Pedersen44@Yahoo.Dk;DE;store;ACC-402;Beanie;1;199;0.15;169.15;completed
10943;18-09-2025;Clara.Hansen83@Gmail.Com;DE;web;SLP-601;Sleeping bag;1;899;0.1;809.1;completed
10943;18-09-2025;clara.hansen83@gmail.com;DE;web;ACC-401;Merino socks;1;129;0.1;116.1;completed
10969;18-09-2025;Laura.Pedersen76@Yahoo.Dk;SE;app;ACC-403;Headlamp;1;349;0.0;349.0;completed
12731;18-09-2025;anna.rasmussen19@yahoo.dk;DK;app;JKT-102;Down jacket;1;1899;0.0;1899.0;completed
12731;18-09-2025;anna.rasmussen19@yahoo.dk;DK;app;ACC-401;Merino socks;1;129;0.0;129.0;completed
12808;18-09-2025;anna.christensen95@outlook.dk;DK;web;JKT-102;Down jacket;1;1899;0.1;1709.1;completed
13017;18-09-2025;anna.rasmussen6@hotmail.com;NO;web;ACC-402;Beanie;1;199;0.0;199.0;completed
10054;19-09-2025;sofie.hansen56@yahoo.dk;DE;web;BAG-301;Daypack 25L;1;549;0.15;466.65;completed
10101;19-09-2025;Mette.Rasmussen9@Yahoo.Dk;SE;app;BAG-301;Daypack 25L;2;549;0.1;988.2;completed
10101;19-09-2025;mette.rasmussen9@yahoo.dk;SE;app;ACC-403;Headlamp;2;349;0.1;628.2;completed
10101;19-09-2025;mette.rasmussen9@yahoo.dk;SE;app;BOT-201;Hiking boots;1;1099;0.1;989.1;completed
10394;19-09-2025;laura.jensen16@yahoo.dk;DK;web;ACC-402;Beanie;2;199;0.0;398.0;completed
10568;19-09-2025;freja.rasmussen11@mail.dk;DK;web;ACC-403;Headlamp;1;349;0.1;314.1;completed
10753;19-09-2025;Noah.Rasmussen14@Hotmail.Com;DK;app;ACC-401;Merino socks;1;129;0.15;109.65;completed
10833;19-09-2025;Clara.Madsen1@Yahoo.Dk;DK;web;JKT-101;Shell jacket;1;1299;0.0;1299.0;completed
11615;19-09-2025;oliver.petersen89@hotmail.com;DK;store;ACC-403;Headlamp;1;349;0.0;349.0;completed
11615;19-09-2025;oliver.petersen89@hotmail.com;DK;store;SLP-601;Sleeping bag;1;899;0.0;899.0;completed
11744;19-09-2025;Sara.Jensen58@Gmail.Com;SE;web;ACC-401;Merino socks;1;129;0.0;129.0;completed
11799;19-09-2025;Emil.Andersen44@Gmail.Com;DK;web;ACC-402;Beanie;1;199;0.0;199.0;completed
12095;19-09-2025;Mikkel.Rasmussen27@Gmail.Com;DK;store;ACC-402;Beanie;2;199;0.1;358.2;completed
12119;19-09-2025;freja.hansen84@gmail.com;DK;web;ACC-402;Beanie;2;199;0.0;398.0;completed
12119;19-09-2025;freja.hansen84@gmail.com;DK;web;ACC-401;Merino socks;1;129;0.0;129.0;completed
12156;19-09-2025;sara.larsen41@gmail.com;SE;web;TNT-501;2p tent;1;2499;0.1;2249.1;completed
10730;20-09-2025;lars.hansen10@yahoo.dk;DK;web;ACC-401;Merino socks;1;129;0.15;109.65;completed
10834;20-09-2025;clara.madsen1@yahoo.dk;DK;web;ACC-403;Headlamp;1;349;0.0;349.0;completed
11651;20-09-2025;Laura.Nielsen55@Outlook.Dk;DE;app;ACC-402;Beanie;1;199;0.0;199.0;completed
11651;20-09-2025;laura.nielsen55@outlook.dk;DE;app;JKT-102;Down jacket;2;1899;0.0;3798.0;completed
12003;20-09-2025;magnus.hansen97@outlook.dk;SE;web;ACC-401;Merino socks;1;129;0.1;116.1;completed
12003;20-09-2025;magnus.hansen97@outlook.dk;SE;web;SLP-601;Sleeping bag;1;899;0.1;809.1;completed
12003;20-09-2025;magnus.hansen97@outlook.dk;SE;web;TNT-501;2p tent;1;2499;0.1;2249.1;completed
10121;21-09-2025;mikkel.larsen75@yahoo.dk;DE;store;ACC-402;Beanie;2;199;0.15;338.3;completed
10682;21-09-2025;Ida.Andersen67@Yahoo.Dk;DK;web;ACC-401;Merino socks;1;129;0.0;129.0;completed
11254;21-09-2025;Laura.Andersen13@Gmail.Com;DE;web;ACC-402;Beanie;2;199;0.0;398.0;completed
11905;21-09-2025;mette.andersen56@hotmail.com;DK;web;JKT-101;Shell jacket;1;1299;0.15;1104.15;completed
11905;21-09-2025;mette.andersen56@hotmail.com;DK;web;ACC-403;Headlamp;1;349;0.15;296.65;completed
11905;21-09-2025;mette.andersen56@hotmail.com;DK;web;ACC-402;Beanie;2;199;0.15;338.3;completed
11987;21-09-2025;lars.petersen33@gmail.com;DK;store;JKT-101;Shell jacket;1;1299;0.15;1104.15;completed
11987;21-09-2025;Lars.Petersen33@Gmail.Com;DK;store;ACC-401;Merino socks;2;129;0.15;219.3;completed
12305;21-09-2025;anna.rasmussen81@hotmail.com;DK;store;ACC-401;Merino socks;1;129;0.0;129.0;completed
12305;21-09-2025;Anna.Rasmussen81@Hotmail.Com;DK;store;SLP-601;Sleeping bag;2;899;0.0;1798.0;completed
12670;21-09-2025;Laura.Madsen65@Hotmail.Com;DK;web;ACC-401;Merino socks;1;129;0.0;129.0;completed
12727;21-09-2025;mette.madsen83@outlook.dk;DK;web;ACC-402;Beanie;1;199;0.0;199.0;completed
12727;21-09-2025;Mette.Madsen83@Outlook.Dk;DK;web;SLP-601;Sleeping bag;1;899;0.0;899.0;completed
10683;22-09-2025;Lars.Rasmussen97@Outlook.Dk;DK;web;BAG-301;Daypack 25L;2;549;0.0;1098.0;completed
11605;22-09-2025;mette.nielsen10@yahoo.dk;DK;store;BAG-301;Daypack 25L;1;549;0.1;494.1;completed
10893;23-09-2025;mette.pedersen35@outlook.dk;NO;store;TNT-501;2p tent;1;2499;0.0;2499.0;completed
11044;23-09-2025;Jonas.Rasmussen10@Outlook.Dk;DK;web;BAG-301;Daypack 25L;2;549;0.1;988.2;completed
11044;23-09-2025;jonas.rasmussen10@outlook.dk;DK;web;ACC-402;Beanie;1;199;0.1;179.1;completed
12898;23-09-2025;mette.andersen9@hotmail.com;DK;store;ACC-403;Headlamp;1;349;0.1;314.1;completed
12898;23-09-2025;mette.andersen9@hotmail.com;DK;store;ACC-402;Beanie;1;199;0.1;179.1;completed
10296;24-09-2025;Ida.Christensen32@Mail.Dk;DK;web;ACC-403;Headlamp;1;349;0.15;296.65;completed
10889;24-09-2025;Lars.Larsen42@Outlook.Dk;DK;store;JKT-101;Shell jacket;2;1299;0.0;2598.0;completed
11255;24-09-2025;jonas.nielsen47@outlook.dk;DK;web;SLP-601;Sleeping bag;1;899;0.15;764.15;completed
12049;24-09-2025;laura.jensen78@mail.dk;SE;web;ACC-402;Beanie;2;199;0.15;338.3;completed
12422;24-09-2025;mikkel.petersen19@gmail.com;NO;web;ACC-401;Merino socks;1;129;0.15;109.65;completed
12422;24-09-2025;mikkel.petersen19@gmail.com;NO;web;BAG-301;Daypack 25L;1;549;0.15;466.65;completed
12505;24-09-2025;magnus.madsen25@gmail.com;DK;web;BAG-302;Trek pack 60L;1;1499;0.0;1499.0;completed
12742;25-09-2025;mikkel.pedersen87@gmail.com;DK;app;ACC-401;Merino socks;1;129;0.0;129.0;completed
13043;25-09-2025;clara.jensen1@hotmail.com;DK;web;ACC-401;Merino socks;1;129;0.0;129.0;completed
13043;25-09-2025;clara.jensen1@hotmail.com;DK;web;ACC-403;Headlamp;1;349;0.0;349.0;completed
10073;26-09-2025;freja.jensen46@mail.dk;SE;web;SLP-601;Sleeping bag;2;899;0.1;1618.2;completed
10703;26-09-2025;oliver.madsen53@gmail.com;DK;store;BOT-201;Hiking boots;1;1099;0.0;1099.0;completed
10703;26-09-2025;Oliver.Madsen53@Gmail.Com;DK;store;BAG-301;Daypack 25L;1;549;0.0;549.0;completed
10725;26-09-2025;Clara.Rasmussen18@Mail.Dk;NO;web;JKT-101;Shell jacket;2;1299;0.0;2598.0;completed
10725;26-09-2025;clara.rasmussen18@mail.dk;NO;web;ACC-401;Merino socks;1;129;0.0;129.0;completed
10725;26-09-2025;clara.rasmussen18@mail.dk;NO;web;ACC-403;Headlamp;1;349;0.0;349.0;completed
11996;26-09-2025;sofie.andersen57@outlook.dk;DK;web;JKT-101;Shell jacket;1;1299;0.1;1169.1;completed
11996;26-09-2025;sofie.andersen57@outlook.dk;DK;web;ACC-401;Merino socks;1;129;0.1;116.1;completed
12732;26-09-2025;mikkel.pedersen23@gmail.com;DK;web;ACC-402;Beanie;1;199;0.0;199.0;completed
12732;26-09-2025;mikkel.pedersen23@gmail.com;DK;web;BOT-201;Hiking boots;1;1099;0.0;1099.0;completed
12732;26-09-2025;Mikkel.Pedersen23@Gmail.Com;DK;web;ACC-401;Merino socks;1;129;0.0;129.0;completed
10624;27-09-2025;Oliver.Petersen10@Hotmail.Com;DK;app;SLP-601;Sleeping bag;1;899;0.1;809.1;completed
10704;27-09-2025;oliver.madsen53@gmail.com;DK;store;ACC-402;Beanie;1;199;0.1;179.1;completed
10704;27-09-2025;oliver.madsen53@gmail.com;DK;store;TNT-501;2p tent;1;2499;0.1;2249.1;completed
11341;27-09-2025;ida.petersen89@outlook.dk;DK;web;ACC-401;Merino socks;1;129;0.0;129.0;completed
11674;27-09-2025;anna.nielsen75@outlook.dk;NO;web;BAG-301;Daypack 25L;1;549;0.0;549.0;completed
13081;27-09-2025;Magnus.Rasmussen48@Gmail.Com;DK;web;JKT-101;Shell jacket;1;1299;0.0;1299.0;completed
10850;28-09-2025;ida.petersen48@gmail.com;SE;web;TNT-501;2p tent;1;2499;0.0;2499.0;completed
11032;28-09-2025;sara.petersen84@yahoo.dk;DK;web;TNT-501;2p tent;2;2499;0.0;4998.0;completed
11032;28-09-2025;sara.petersen84@yahoo.dk;DK;web;ACC-403;Headlamp;2;349;0.0;698.0;completed
11032;28-09-2025;sara.petersen84@yahoo.dk;DK;web;ACC-402;Beanie;1;199;0.0;199.0;completed
11420;28-09-2025;emil.rasmussen35@outlook.dk;DK;store;ACC-401;Merino socks;1;129;0.0;129.0;completed
11420;28-09-2025;emil.rasmussen35@outlook.dk;DK;store;SLP-601;Sleeping bag;2;899;0.0;1798.0;completed
11842;28-09-2025;Jonas.Christensen85@Outlook.Dk;DE;web;JKT-102;Down jacket;1;1899;0.0;1899.0;completed
10271;29-09-2025;emil.rasmussen80@outlook.dk;SE;app;ACC-402;Beanie;1;199;0.0;199.0;completed
10271;29-09-2025;emil.rasmussen80@outlook.dk;SE;app;ACC-401;Merino socks;1;129;0.0;129.0;completed
10271;29-09-2025;Emil.Rasmussen80@Outlook.Dk;SE;app;BOT-201;Hiking boots;1;1099;0.0;1099.0;completed
10411;29-09-2025;sofie.pedersen84@outlook.dk;DK;store;BOT-201;Hiking boots;1;1099;0.15;934.15;completed
10411;29-09-2025;sofie.pedersen84@outlook.dk;DK;store;JKT-101;Shell jacket;1;1299;0.15;1104.15;completed
11256;29-09-2025;Anna.Rasmussen86@Gmail.Com;SE;app;ACC-402;Beanie;2;199;0.0;398.0;completed
11256;29-09-2025;Anna.Rasmussen86@Gmail.Com;SE;app;BOT-201;Hiking boots;2;1099;0.0;2198.0;completed
11262;29-09-2025;Ida.Christensen82@Yahoo.Dk;DK;web;BOT-201;Hiking boots;1;1099;0.0;1099.0;completed
11800;29-09-2025;emil.andersen44@gmail.com;DK;web;SLP-601;Sleeping bag;2;899;0.1;1618.2;completed
11826;29-09-2025;laura.nielsen74@hotmail.com;DK;web;BAG-301;Daypack 25L;1;549;0.15;466.65;completed
11826;29-09-2025;Laura.Nielsen74@Hotmail.Com;DK;web;ACC-403;Headlamp;1;349;0.15;296.65;completed
11864;29-09-2025;lars.christensen42@gmail.com;NO;app;BAG-301;Daypack 25L;1;549;0.1;494.1;completed
11864;29-09-2025;lars.christensen42@gmail.com;NO;app;BOT-201;Hiking boots;1;1099;0.1;989.1;completed
12493;29-09-2025;Laura.Rasmussen61@Mail.Dk;DK;web;SLP-601;Sleeping bag;1;899;0.0;899.0;completed
12493;29-09-2025;Laura.Rasmussen61@Mail.Dk;DK;web;ACC-401;Merino socks;1;129;0.0;129.0;completed
12493;29-09-2025;laura.rasmussen61@mail.dk;DK;web;ACC-403;Headlamp;2;349;0.0;698.0;completed
10361;01-10-2025;Oliver.Jensen83@Mail.Dk;SE;web;ACC-401;Merino socks;1;129;0.15;109.65;completed
10361;01-10-2025;oliver.jensen83@mail.dk;SE;web;JKT-101;Shell jacket;1;1299;0.15;1104.15;completed
10361;01-10-2025;oliver.jensen83@mail.dk;SE;web;ACC-402;Beanie;1;199;0.15;169.15;completed
10438;01-10-2025;freja.larsen45@mail.dk;SE;app;ACC-401;Merino socks;1;129;0.0;129.0;completed
10902;01-10-2025;jonas.christensen57@gmail.com;DK;app;BOT-201;Hiking boots;1;1099;0.15;934.15;completed
11160;01-10-2025;magnus.andersen64@gmail.com;DK;store;ACC-402;Beanie;1;199;0.0;199.0;completed
11160;01-10-2025;magnus.andersen64@gmail.com;DK;store;TNT-501;2p tent;1;2499;0.0;2499.0;completed
11160;01-10-2025;magnus.andersen64@gmail.com;DK;store;BOT-201;Hiking boots;1;1099;0.0;1099.0;completed
11223;01-10-2025;mette.jensen44@mail.dk;NO;web;ACC-403;Headlamp;2;349;0.0;698.0;completed
11223;01-10-2025;Mette.Jensen44@Mail.Dk;NO;web;BOT-201;Hiking boots;1;1099;0.0;1099.0;completed
11877;01-10-2025;noah.hansen57@yahoo.dk;NO;store;ACC-402;Beanie;2;199;0.0;398.0;completed
12256;01-10-2025;noah.christensen68@yahoo.dk;DK;app;ACC-402;Beanie;1;199;0.0;199.0;completed
12812;02-10-2025;clara.larsen2@hotmail.com;NO;web;ACC-401;Merino socks;2;129;0.15;219.3;completed
12943;02-10-2025;noah.madsen55@outlook.dk;DK;web;ACC-401;Merino socks;1;129;0.0;129.0;completed
12943;02-10-2025;noah.madsen55@outlook.dk;DK;web;BAG-301;Daypack 25L;1;549;0.0;549.0;completed
12943;02-10-2025;Noah.Madsen55@Outlook.Dk;DK;web;BOT-201;Hiking boots;1;1099;0.0;1099.0;completed
10252;03-10-2025;Clara.Pedersen73@Outlook.Dk;DK;store;ACC-403;Headlamp;1;349;0.0;349.0;completed
11369;03-10-2025;clara.hansen26@gmail.com;SE;web;JKT-101;Shell jacket;1;1299;0.15;1104.15;completed
11495;03-10-2025;laura.hansen12@outlook.dk;DK;web;ACC-401;Merino socks;1;129;0.0;129.0;completed
12219;03-10-2025;emil.nielsen1@gmail.com;DK;app;BAG-301;Daypack 25L;1;549;0.0;549.0;completed
12219;03-10-2025;Emil.Nielsen1@Gmail.Com;DK;app;BAG-302;Trek pack 60L;1;1499;0.0;1499.0;completed
12219;03-10-2025;Emil.Nielsen1@Gmail.Com;DK;app;ACC-402;Beanie;1;199;0.0;199.0;completed
13018;03-10-2025;anna.rasmussen6@hotmail.com;NO;web;JKT-101;Shell jacket;1;1299;0.0;1299.0;completed
10353;04-10-2025;anna.petersen61@gmail.com;NO;web;BAG-302;Trek pack 60L;1;1499;0.1;1349.1;completed
10353;04-10-2025;anna.petersen61@gmail.com;NO;web;BAG-301;Daypack 25L;1;549;0.1;494.1;completed
10353;04-10-2025;anna.petersen61@gmail.com;NO;web;ACC-401;Merino socks;1;129;0.1;116.1;completed
12590;04-10-2025;lars.christensen4@yahoo.dk;DK;web;ACC-403;Headlamp;1;349;0.0;349.0;completed
12590;04-10-2025;lars.christensen4@yahoo.dk;DK;web;ACC-401;Merino socks;1;129;0.0;129.0;completed
12802;04-10-2025;jonas.andersen74@yahoo.dk;NO;web;JKT-101;Shell jacket;1;1299;0.1;1169.1;completed
10395;05-10-2025;laura.jensen16@yahoo.dk;DK;web;ACC-402;Beanie;1;199;0.1;179.1;completed
10395;05-10-2025;laura.jensen16@yahoo.dk;DK;web;JKT-101;Shell jacket;1;1299;0.1;1169.1;completed
11180;05-10-2025;anna.jensen75@yahoo.dk;DK;web;ACC-401;Merino socks;2;129;0.0;258.0;completed
11459;05-10-2025;;DE;store;ACC-402;Beanie;1;199;0.15;169.15;completed
11459;05-10-2025;;DE;store;ACC-403;Headlamp;1;349;0.15;296.65;completed
11475;05-10-2025;lars.pedersen50@yahoo.dk;NO;store;BOT-201;Hiking boots;1;1099;0.0;1099.0;completed
11475;05-10-2025;lars.pedersen50@yahoo.dk;NO;store;ACC-401;Merino socks;2;129;0.0;258.0;completed
10784;06-10-2025;ida.andersen65@hotmail.com;SE;web;ACC-401;Merino socks;2;129;0.0;258.0;completed
11678;06-10-2025;Jonas.Rasmussen19@Mail.Dk;DK;app;ACC-403;Headlamp;1;349;0.0;349.0;completed
12340;06-10-2025;sara.jensen44@mail.dk;DK;store;BAG-301;Daypack 25L;1;549;0.0;549.0;completed
11390;07-10-2025;ida.petersen80@mail.dk;NO;app;TNT-501;2p tent;1;2499;0.0;2499.0;completed
10273;08-10-2025;sara.andersen86@mail.dk;SE;store;BAG-301;Daypack 25L;1;549;0.0;549.0;completed
10273;08-10-2025;sara.andersen86@mail.dk;SE;store;JKT-102;Down jacket;2;1899;0.0;3798.0;completed
10273;08-10-2025;Sara.Andersen86@Mail.Dk;SE;store;TNT-501;2p tent;1;2499;0.0;2499.0;completed
11108;08-10-2025;;DK;store;ACC-402;Beanie;1;199;0.1;179.1;completed
11108;08-10-2025;;DK;store;BAG-302;Trek pack 60L;1;1499;0.1;1349.1;completed
11566;08-10-2025;mikkel.hansen29@yahoo.dk;NO;app;ACC-403;Headlamp;1;349;0.0;349.0;completed
11566;08-10-2025;mikkel.hansen29@yahoo.dk;NO;app;BAG-301;Daypack 25L;1;549;0.0;549.0;completed
11566;08-10-2025;mikkel.hansen29@yahoo.dk;NO;app;BAG-302;Trek pack 60L;1;1499;0.0;1499.0;completed
12067;08-10-2025;mikkel.christensen10@gmail.com;SE;web;ACC-401;Merino socks;1;129;0.0;129.0;completed
12067;08-10-2025;mikkel.christensen10@gmail.com;SE;web;ACC-403;Headlamp;2;349;0.0;698.0;completed
12096;08-10-2025;mikkel.rasmussen27@gmail.com;DK;store;BAG-301;Daypack 25L;1;549;0.1;494.1;completed
11496;09-10-2025;laura.hansen12@outlook.dk;DK;web;ACC-402;Beanie;1;199;0.1;179.1;completed
12639;09-10-2025;clara.larsen39@gmail.com;NO;web;ACC-402;Beanie;1;199;0.15;169.15;completed
12639;09-10-2025;clara.larsen39@gmail.com;NO;web;JKT-101;Shell jacket;1;1299;0.15;1104.15;completed
12655;09-10-2025;magnus.christensen48@hotmail.com;DK;app;TNT-501;2p tent;1;2499;0.1;2249.1;completed
10089;10-10-2025;anna.petersen9@yahoo.dk;DK;web;SLP-601;Sleeping bag;1;899;0.15;764.15;completed
10089;10-10-2025;Anna.Petersen9@Yahoo.Dk;DK;web;JKT-101;Shell jacket;2;1299;0.15;2208.3;completed
10240;10-10-2025;laura.rasmussen5@outlook.dk;DK;web;ACC-401;Merino socks;1;129;0.1;116.1;completed
11294;10-10-2025;emil.petersen44@outlook.dk;NO;web;ACC-403;Headlamp;1;349;0.1;314.1;completed
11294;10-10-2025;emil.petersen44@outlook.dk;NO;web;ACC-401;Merino socks;1;129;0.1;116.1;completed
12282;10-10-2025;clara.rasmussen30@gmail.com;NO;app;BAG-301;Daypack 25L;2;549;0.0;1098.0;completed
12899;10-10-2025;Mette.Andersen9@Hotmail.Com;DK;store;BAG-301;Daypack 25L;1;549;0.0;549.0;completed
10161;11-10-2025;;SE;app;ACC-403;Headlamp;1;349;0.0;349.0;completed
10161;11-10-2025;;SE;app;ACC-402;Beanie;1;199;0.0;199.0;completed
10643;11-10-2025;Mette.Christensen31@Hotmail.Com;NO;web;ACC-401;Merino socks;1;129;0.0;129.0;completed
10643;11-10-2025;Mette.Christensen31@Hotmail.Com;NO;web;BOT-201;Hiking boots;1;1099;0.0;1099.0;completed
10643;11-10-2025;mette.christensen31@hotmail.com;NO;web;BAG-301;Daypack 25L;1;549;0.0;549.0;completed
11214;11-10-2025;jonas.jensen97@gmail.com;DK;web;JKT-101;Shell jacket;2;1299;0.0;2598.0;completed
11963;11-10-2025;Freja.Pedersen11@Outlook.Dk;SE;store;ACC-402;Beanie;1;199;0.1;179.1;completed
12097;11-10-2025;Mikkel.Rasmussen27@Gmail.Com;DK;store;ACC-402;Beanie;1;199;0.0;199.0;completed
12097;11-10-2025;Mikkel.Rasmussen27@Gmail.Com;DK;store;ACC-401;Merino socks;1;129;0.0;129.0;completed
12097;11-10-2025;Mikkel.Rasmussen27@Gmail.Com;DK;store;JKT-101;Shell jacket;1;1299;0.0;1299.0;completed
12640;11-10-2025;clara.larsen39@gmail.com;NO;web;JKT-102;Down jacket;1;1899;0.15;1614.15;completed
12640;11-10-2025;clara.larsen39@gmail.com;NO;web;SLP-601;Sleeping bag;1;899;0.15;764.15;completed
10731;12-10-2025;lars.hansen10@yahoo.dk;DK;web;BAG-301;Daypack 25L;1;549;0.0;549.0;completed
10731;12-10-2025;lars.hansen10@yahoo.dk;DK;web;ACC-403;Headlamp;2;349;0.0;698.0;completed
10970;12-10-2025;Laura.Pedersen76@Yahoo.Dk;SE;app;BAG-302;Trek pack 60L;1;1499;0.0;1499.0;completed
11195;12-10-2025;sofie.madsen65@yahoo.dk;NO;web;ACC-402;Beanie;1;199;0.0;199.0;completed
10362;13-10-2025;Oliver.Jensen83@Mail.Dk;SE;web;ACC-402;Beanie;2;199;0.0;398.0;completed
10362;13-10-2025;oliver.jensen83@mail.dk;SE;web;ACC-401;Merino socks;2;129;0.0;258.0;completed
10703;13-10-2025;oliver.madsen53@gmail.com;DK;store;BOT-201;Hiking boots;-1;1099;0.0;-1099.0;refunded
11244;13-10-2025;oliver.christensen47@gmail.com;DK;web;BAG-301;Daypack 25L;2;549;0.0;1098.0;completed
11794;13-10-2025;mikkel.petersen68@hotmail.com;DK;web;TNT-501;2p tent;2;2499;0.0;4998.0;completed
11794;13-10-2025;mikkel.petersen68@hotmail.com;DK;web;TNT-501;2p tent;2;2499;0.0;4998.0;completed
11843;13-10-2025;jonas.christensen85@outlook.dk;DE;web;ACC-401;Merino socks;2;129;0.0;258.0;completed
11843;13-10-2025;jonas.christensen85@outlook.dk;DE;web;BAG-301;Daypack 25L;2;549;0.0;1098.0;completed
13052;13-10-2025;emil.christensen8@outlook.dk;DK;web;BOT-201;Hiking boots;2;1099;0.0;2198.0;completed
13052;13-10-2025;emil.christensen8@outlook.dk;DK;web;ACC-401;Merino socks;1;129;0.0;129.0;completed
13052;13-10-2025;emil.christensen8@outlook.dk;DK;web;JKT-101;Shell jacket;1;1299;0.0;1299.0;completed
10363;14-10-2025;oliver.jensen83@mail.dk;SE;web;ACC-402;Beanie;2;199;0.0;398.0;completed
10363;14-10-2025;Oliver.Jensen83@Mail.Dk;SE;web;ACC-401;Merino socks;2;129;0.0;258.0;completed
10510;14-10-2025;magnus.jensen28@gmail.com;NO;web;BAG-301;Daypack 25L;1;549;0.0;549.0;completed
10658;14-10-2025;ida.larsen4@yahoo.dk;SE;app;BAG-301;Daypack 25L;2;549;0.0;1098.0;completed
10713;14-10-2025;anna.larsen78@gmail.com;NO;web;SLP-601;Sleeping bag;1;899;0.0;899.0;completed
11567;14-10-2025;mikkel.hansen29@yahoo.dk;NO;app;BAG-301;Daypack 25L;1;549;0.0;549.0;completed
11687;14-10-2025;sara.nielsen78@outlook.dk;DK;store;ACC-401;Merino socks;1;129;0.15;109.65;completed
12516;14-10-2025;Emil.Jensen46@Gmail.Com;NO;web;BOT-201;Hiking boots;2;1099;0.0;2198.0;completed
13082;14-10-2025;magnus.rasmussen48@gmail.com;DK;web;JKT-102;Down jacket;1;1899;0.15;1614.15;completed
13082;14-10-2025;magnus.rasmussen48@gmail.com;DK;web;ACC-401;Merino socks;1;129;0.15;109.65;completed
10364;15-10-2025;oliver.jensen83@mail.dk;SE;web;ACC-402;Beanie;1;199;0.0;199.0;completed
10364;15-10-2025;oliver.jensen83@mail.dk;SE;web;SLP-601;Sleeping bag;1;899;0.0;899.0;completed
10364;15-10-2025;Oliver.Jensen83@Mail.Dk;SE;web;ACC-403;Headlamp;2;349;0.0;698.0;completed
10518;15-10-2025;sara.nielsen17@mail.dk;DK;app;ACC-403;Headlamp;2;349;0.1;628.2;completed
12064;15-10-2025;sofie.madsen21@outlook.dk;DK;web;ACC-403;Headlamp;2;349;0.0;698.0;completed
12293;15-10-2025;Laura.Andersen27@Mail.Dk;SE;web;SLP-601;Sleeping bag;1;899;0.0;899.0;completed
12293;15-10-2025;laura.andersen27@mail.dk;SE;web;ACC-403;Headlamp;1;349;0.0;349.0;completed
12944;15-10-2025;noah.madsen55@outlook.dk;DK;web;JKT-102;Down jacket;2;1899;0.0;3798.0;completed
12944;15-10-2025;noah.madsen55@outlook.dk;DK;web;ACC-401;Merino socks;1;129;0.0;129.0;completed
10168;16-10-2025;anna.jensen13@outlook.dk;DK;web;ACC-402;Beanie;1;199;0.0;199.0;completed
10168;16-10-2025;anna.jensen13@outlook.dk;DK;web;BAG-301;Daypack 25L;1;549;0.0;549.0;completed
10241;16-10-2025;laura.rasmussen5@outlook.dk;DK;web;ACC-402;Beanie;1;199;0.1;179.1;completed
10241;16-10-2025;laura.rasmussen5@outlook.dk;DK;web;JKT-101;Shell jacket;1;1299;0.1;1169.1;completed
10241;16-10-2025;Laura.Rasmussen5@Outlook.Dk;DK;web;ACC-401;Merino socks;1;129;0.1;116.1;completed
10351;16-10-2025;Laura.Andersen11@Yahoo.Dk;DK;web;JKT-102;Down jacket;1;1899;0.0;1899.0;completed
11107;16-10-2025;;NO;web;ACC-403;Headlamp;1;349;0.0;349.0;completed
11107;16-10-2025;;NO;web;ACC-402;Beanie;2;199;0.0;398.0;completed
11131;16-10-2025;Noah.Hansen49@Gmail.Com;DE;web;SLP-601;Sleeping bag;2;899;0.1;1618.2;completed
11131;16-10-2025;noah.hansen49@gmail.com;DE;web;ACC-402;Beanie;1;199;0.1;179.1;completed
11131;16-10-2025;noah.hansen49@gmail.com;DE;web;ACC-403;Headlamp;1;349;0.1;314.1;completed
11652;16-10-2025;Laura.Nielsen55@Outlook.Dk;DE;app;BAG-302;Trek pack 60L;2;1499;0.1;2698.2;completed
12020;16-10-2025;oliver.hansen32@hotmail.com;DK;app;BAG-301;Daypack 25L;1;549;0.1;494.1;completed
10511;17-10-2025;magnus.jensen28@gmail.com;NO;web;TNT-501;2p tent;2;2499;0.1;4498.2;completed
10971;17-10-2025;laura.pedersen76@yahoo.dk;SE;app;SLP-601;Sleeping bag;1;899;0.1;809.1;completed
11728;17-10-2025;Clara.Larsen31@Gmail.Com;DE;web;JKT-102;Down jacket;1;1899;0.0;1899.0;completed
11728;17-10-2025;Clara.Larsen31@Gmail.Com;DE;web;ACC-403;Headlamp;1;349;0.0;349.0;completed
11819;17-10-2025;laura.madsen21@outlook.dk;DK;store;BAG-301;Daypack 25L;1;549;0.0;549.0;completed
12590;17-10-2025;lars.christensen4@yahoo.dk;DK;web;ACC-403;Headlamp;-1;349;0.0;-349.0;refunded
12943;17-10-2025;noah.madsen55@outlook.dk;DK;web;ACC-401;Merino socks;-1;129;0.0;-129.0;refunded
12969;17-10-2025;sofie.hansen55@mail.dk;NO;web;ACC-402;Beanie;1;199;0.0;199.0;completed
10648;18-10-2025;anna.andersen7@gmail.com;DE;app;ACC-402;Beanie;1;199;0.0;199.0;completed
10681;18-10-2025;Ida.Madsen91@Mail.Dk;SE;app;SLP-601;Sleeping bag;1;899;0.15;764.15;completed
10681;18-10-2025;ida.madsen91@mail.dk;SE;app;JKT-102;Down jacket;1;1899;0.15;1614.15;completed
11115;18-10-2025;oliver.petersen92@gmail.com;SE;web;ACC-403;Headlamp;1;349;0.0;349.0;completed
11115;18-10-2025;Oliver.Petersen92@Gmail.Com;SE;web;TNT-501;2p tent;1;2499;0.0;2499.0;completed
12302;18-10-2025;freja.hansen62@hotmail.com;NO;web;ACC-403;Headlamp;2;349;0.0;698.0;completed
12302;18-10-2025;freja.hansen62@hotmail.com;NO;web;ACC-402;Beanie;2;199;0.0;398.0;completed
10078;19-10-2025;Noah.Andersen78@Gmail.Com;DK;store;ACC-401;Merino socks;1;129;0.0;129.0;completed
10779;19-10-2025;Ida.Pedersen56@Hotmail.Com;DK;app;BAG-301;Daypack 25L;2;549;0.0;1098.0;completed
11060;19-10-2025;Sofie.Hansen63@Hotmail.Com;DK;web;ACC-401;Merino socks;1;129;0.0;129.0;completed
11060;19-10-2025;Sofie.Hansen63@Hotmail.Com;DK;web;JKT-101;Shell jacket;1;1299;0.0;1299.0;completed
11060;19-10-2025;Sofie.Hansen63@Hotmail.Com;DK;web;ACC-403;Headlamp;1;349;0.0;349.0;completed
11196;19-10-2025;sofie.madsen65@yahoo.dk;NO;web;BAG-301;Daypack 25L;2;549;0.1;988.2;completed
11362;19-10-2025;Oliver.Andersen58@Yahoo.Dk;DK;store;ACC-401;Merino socks;1;129;0.0;129.0;completed
11362;19-10-2025;oliver.andersen58@yahoo.dk;DK;store;BAG-301;Daypack 25L;1;549;0.0;549.0;completed
11362;19-10-2025;Oliver.Andersen58@Yahoo.Dk;DK;store;ACC-403;Headlamp;1;349;0.0;349.0;completed
11890;19-10-2025;;DK;web;ACC-403;Headlamp;2;349;0.1;628.2;completed
11890;19-10-2025;;DK;web;ACC-402;Beanie;1;199;0.1;179.1;completed
10867;20-10-2025;emil.andersen3@gmail.com;DK;web;ACC-401;Merino socks;1;129;0.1;116.1;completed
10867;20-10-2025;emil.andersen3@gmail.com;DK;web;BOT-201;Hiking boots;1;1099;0.1;989.1;completed
10867;20-10-2025;emil.andersen3@gmail.com;DK;web;ACC-403;Headlamp;1;349;0.1;314.1;completed
11832;20-10-2025;ida.nielsen32@outlook.dk;DK;web;BAG-301;Daypack 25L;1;549;0.15;466.65;completed
12259;20-10-2025;Laura.Larsen77@Gmail.Com;DK;web;JKT-101;Shell jacket;1;1299;0.0;1299.0;completed
12259;20-10-2025;Laura.Larsen77@Gmail.Com;DK;web;ACC-403;Headlamp;1;349;0.0;349.0;completed
12594;20-10-2025;freja.larsen75@mail.dk;DK;web;ACC-402;Beanie;2;199;0.0;398.0;completed
10757;21-10-2025;anna.jensen35@mail.dk;DK;web;ACC-402;Beanie;1;199;0.0;199.0;completed
10757;21-10-2025;Anna.Jensen35@Mail.Dk;DK;web;BAG-301;Daypack 25L;1;549;0.0;549.0;completed
11150;21-10-2025;clara.madsen78@hotmail.com;DK;app;BAG-301;Daypack 25L;1;549;0.0;549.0;completed
12004;21-10-2025;magnus.hansen97@outlook.dk;SE;web;ACC-401;Merino socks;1;129;0.15;109.65;completed
10689;22-10-2025;magnus.larsen79@gmail.com;DK;store;ACC-401;Merino socks;2;129;0.0;258.0;completed
10689;22-10-2025;magnus.larsen79@gmail.com;DK;store;JKT-102;Down jacket;1;1899;0.0;1899.0;completed
11901;22-10-2025;magnus.madsen62@hotmail.com;NO;web;ACC-403;Headlamp;1;349;0.0;349.0;completed
10835;23-10-2025;clara.madsen1@yahoo.dk;DK;web;ACC-401;Merino socks;1;129;0.0;129.0;completed
11497;23-10-2025;laura.hansen12@outlook.dk;DK;web;JKT-102;Down jacket;2;1899;0.0;3798.0;completed
12350;23-10-2025;mette.petersen76@hotmail.com;NO;app;BOT-201;Hiking boots;1;1099;0.0;1099.0;completed
12376;23-10-2025;magnus.pedersen20@outlook.dk;SE;store;ACC-403;Headlamp;1;349;0.0;349.0;completed
12376;23-10-2025;magnus.pedersen20@outlook.dk;SE;store;BOT-201;Hiking boots;1;1099;0.0;1099.0;completed
12981;23-10-2025;mikkel.hansen30@outlook.dk;DE;web;JKT-101;Shell jacket;1;1299;0.1;1169.1;completed
12981;23-10-2025;mikkel.hansen30@outlook.dk;DE;web;BOT-201;Hiking boots;1;1099;0.1;989.1;completed
12981;23-10-2025;mikkel.hansen30@outlook.dk;DE;web;ACC-401;Merino socks;1;129;0.1;116.1;completed
10523;24-10-2025;freja.petersen13@mail.dk;DE;store;ACC-401;Merino socks;2;129;0.0;258.0;completed
10775;24-10-2025;mette.jensen21@gmail.com;DE;web;BOT-201;Hiking boots;1;1099;0.0;1099.0;completed
10775;24-10-2025;Mette.Jensen21@Gmail.Com;DE;web;ACC-402;Beanie;1;199;0.0;199.0;completed
11653;24-10-2025;laura.nielsen55@outlook.dk;DE;app;ACC-401;Merino socks;1;129;0.15;109.65;completed
11821;24-10-2025;laura.larsen16@outlook.dk;DK;web;ACC-402;Beanie;1;199;0.0;199.0;completed
11844;24-10-2025;jonas.christensen85@outlook.dk;DE;web;ACC-402;Beanie;2;199;0.15;338.3;completed
11844;24-10-2025;jonas.christensen85@outlook.dk;DE;web;BAG-301;Daypack 25L;1;549;0.15;466.65;completed
11844;24-10-2025;Jonas.Christensen85@Outlook.Dk;DE;web;SLP-601;Sleeping bag;1;899;0.15;764.15;completed
12005;24-10-2025;Magnus.Hansen97@Outlook.Dk;SE;web;ACC-401;Merino socks;2;129;0.1;232.2;completed
10649;25-10-2025;anna.andersen7@gmail.com;DE;app;BAG-301;Daypack 25L;1;549;0.1;494.1;completed
10982;25-10-2025;;DK;web;BOT-201;Hiking boots;1;1099;0.0;1099.0;completed
11988;25-10-2025;Lars.Petersen33@Gmail.Com;DK;store;ACC-402;Beanie;2;199;0.1;358.2;completed
11988;25-10-2025;lars.petersen33@gmail.com;DK;store;BOT-201;Hiking boots;1;1099;0.1;989.1;completed
12357;25-10-2025;laura.pedersen4@yahoo.dk;DK;app;ACC-403;Headlamp;2;349;0.1;628.2;completed
12357;25-10-2025;Laura.Pedersen4@Yahoo.Dk;DK;app;ACC-401;Merino socks;2;129;0.1;232.2;completed
12357;25-10-2025;Laura.Pedersen4@Yahoo.Dk;DK;app;BAG-302;Trek pack 60L;1;1499;0.1;1349.1;completed
12357;25-10-2025;laura.pedersen4@yahoo.dk;DK;app;ACC-403;Headlamp;2;349;0.1;628.2;completed
12486;25-10-2025;lars.larsen86@hotmail.com;DK;app;JKT-101;Shell jacket;2;1299;0.15;2208.3;completed
12945;25-10-2025;Noah.Madsen55@Outlook.Dk;DK;web;BAG-301;Daypack 25L;2;549;0.0;1098.0;completed
12945;25-10-2025;Noah.Madsen55@Outlook.Dk;DK;web;ACC-401;Merino socks;1;129;0.0;129.0;completed
13019;25-10-2025;anna.rasmussen6@hotmail.com;NO;web;BAG-302;Trek pack 60L;1;1499;0.0;1499.0;completed
10532;26-10-2025;jonas.madsen43@yahoo.dk;NO;web;JKT-101;Shell jacket;1;1299;0.1;1169.1;completed
10532;26-10-2025;jonas.madsen43@yahoo.dk;NO;web;ACC-403;Headlamp;1;349;0.1;314.1;completed
10532;26-10-2025;jonas.madsen43@yahoo.dk;NO;web;ACC-401;Merino socks;2;129;0.1;232.2;completed
11151;26-10-2025;clara.madsen78@hotmail.com;DK;app;JKT-101;Shell jacket;1;1299;0.0;1299.0;completed
11151;26-10-2025;clara.madsen78@hotmail.com;DK;app;ACC-401;Merino socks;1;129;0.0;129.0;completed
12465;26-10-2025;mikkel.christensen43@yahoo.dk;DK;web;ACC-403;Headlamp;2;349;0.0;698.0;completed
12465;26-10-2025;mikkel.christensen43@yahoo.dk;DK;web;ACC-402;Beanie;1;199;0.0;199.0;completed
12498;26-10-2025;Jonas.Andersen18@Hotmail.Com;DK;web;SLP-601;Sleeping bag;1;899;0.1;809.1;completed
12656;26-10-2025;magnus.christensen48@hotmail.com;DK;app;JKT-102;Down jacket;1;1899;0.0;1899.0;completed
12656;26-10-2025;magnus.christensen48@hotmail.com;DK;app;BAG-302;Trek pack 60L;1;1499;0.0;1499.0;completed
12656;26-10-2025;Magnus.Christensen48@Hotmail.Com;DK;app;ACC-401;Merino socks;2;129;0.0;258.0;completed
10090;27-10-2025;Anna.Petersen9@Yahoo.Dk;DK;web;ACC-401;Merino socks;2;129;0.15;219.3;completed
10090;27-10-2025;anna.petersen9@yahoo.dk;DK;web;ACC-403;Headlamp;1;349;0.15;296.65;completed
10932;27-10-2025;Laura.Rasmussen79@Mail.Dk;DE;store;SLP-601;Sleeping bag;1;899;0.0;899.0;completed
11568;27-10-2025;Mikkel.Hansen29@Yahoo.Dk;NO;app;ACC-403;Headlamp;1;349;0.0;349.0;completed
11568;27-10-2025;mikkel.hansen29@yahoo.dk;NO;app;BOT-201;Hiking boots;1;1099;0.0;1099.0;completed
11568;27-10-2025;mikkel.hansen29@yahoo.dk;NO;app;ACC-402;Beanie;1;199;0.0;199.0;completed
12108;27-10-2025;oliver.jensen5@gmail.com;NO;web;BAG-301;Daypack 25L;1;549;0.1;494.1;completed
12302;27-10-2025;freja.hansen62@hotmail.com;NO;web;ACC-403;Headlamp;-2;349;0.0;-698.0;refunded
12454;27-10-2025;magnus.pedersen26@outlook.dk;DK;web;TNT-501;2p tent;1;2499;0.0;2499.0;completed
12454;27-10-2025;magnus.pedersen26@outlook.dk;DK;web;BAG-302;Trek pack 60L;1;1499;0.0;1499.0;completed
12454;27-10-2025;magnus.pedersen26@outlook.dk;DK;web;ACC-403;Headlamp;1;349;0.0;349.0;completed
10098;28-10-2025;mikkel.larsen71@mail.dk;DE;web;SLP-601;Sleeping bag;1;899;0.15;764.15;completed
10098;28-10-2025;Mikkel.Larsen71@Mail.Dk;DE;web;JKT-102;Down jacket;1;1899;0.15;1614.15;completed
10098;28-10-2025;mikkel.larsen71@mail.dk;DE;web;BAG-301;Daypack 25L;1;549;0.15;466.65;completed
10312;28-10-2025;Jonas.Larsen68@Mail.Dk;DK;web;ACC-403;Headlamp;2;349;0.1;628.2;completed
10732;28-10-2025;lars.hansen10@yahoo.dk;DK;web;JKT-101;Shell jacket;1;1299;0.0;1299.0;completed
10732;28-10-2025;lars.hansen10@yahoo.dk;DK;web;BOT-201;Hiking boots;1;1099;0.0;1099.0;completed
10732;28-10-2025;lars.hansen10@yahoo.dk;DK;web;BAG-301;Daypack 25L;1;549;0.0;549.0;completed
10732;28-10-2025;lars.hansen10@yahoo.dk;DK;web;BAG-301;Daypack 25L;1;549;0.0;549.0;completed
11137;28-10-2025;sofie.rasmussen7@gmail.com;DK;store;ACC-401;Merino socks;1;129;0.0;129.0;completed
11137;28-10-2025;sofie.rasmussen7@gmail.com;DK;store;ACC-402;Beanie;1;199;0.0;199.0;completed
11616;28-10-2025;oliver.petersen89@hotmail.com;DK;store;JKT-101;Shell jacket;2;1299;0.0;2598.0;completed
12874;28-10-2025;freja.christensen47@gmail.com;DK;store;ACC-401;Merino socks;1;129;0.15;109.65;completed
12874;28-10-2025;freja.christensen47@gmail.com;DK;store;BOT-201;Hiking boots;1;1099;0.15;934.15;completed
10892;29-10-2025;ida.jensen57@mail.dk;NO;web;JKT-102;Down jacket;1;1899;0.0;1899.0;completed
10892;29-10-2025;ida.jensen57@mail.dk;NO;web;ACC-402;Beanie;1;199;0.0;199.0;completed
11617;29-10-2025;oliver.petersen89@hotmail.com;DK;store;BAG-301;Daypack 25L;2;549;0.1;988.2;completed
11617;29-10-2025;oliver.petersen89@hotmail.com;DK;store;ACC-401;Merino socks;1;129;0.1;116.1;completed
11617;29-10-2025;oliver.petersen89@hotmail.com;DK;store;ACC-403;Headlamp;2;349;0.1;628.2;completed
12531;29-10-2025;lars.jensen52@mail.dk;DK;app;ACC-402;Beanie;1;199;0.0;199.0;completed
12571;29-10-2025;jonas.andersen42@hotmail.com;DE;web;ACC-401;Merino socks;1;129;0.0;129.0;completed
12571;29-10-2025;jonas.andersen42@hotmail.com;DE;web;ACC-403;Headlamp;2;349;0.0;698.0;completed
10374;30-10-2025;Noah.Nielsen55@Mail.Dk;SE;web;ACC-401;Merino socks;1;129;0.15;109.65;completed
10374;30-10-2025;noah.nielsen55@mail.dk;SE;web;BAG-301;Daypack 25L;1;549;0.15;466.65;completed
10447;30-10-2025;oliver.hansen47@yahoo.dk;DK;web;JKT-101;Shell jacket;2;1299;0.1;2338.2;completed
10758;30-10-2025;;DK;web;ACC-402;Beanie;1;199;0.0;199.0;completed
10758;30-10-2025;;DK;web;ACC-401;Merino socks;1;129;0.0;129.0;completed
10758;30-10-2025;;DK;web;SLP-601;Sleeping bag;1;899;0.0;899.0;completed
11061;30-10-2025;sofie.hansen63@hotmail.com;DK;web;BAG-301;Daypack 25L;1;549;0.0;549.0;completed
11061;30-10-2025;sofie.hansen63@hotmail.com;DK;web;ACC-401;Merino socks;2;129;0.0;258.0;completed
11061;30-10-2025;sofie.hansen63@hotmail.com;DK;web;ACC-402;Beanie;2;199;0.0;398.0;completed
10091;31-10-2025;Anna.Petersen9@Yahoo.Dk;DK;web;ACC-401;Merino socks;1;129;0.15;109.65;completed
10249;31-10-2025;anna.andersen98@outlook.dk;SE;web;BOT-201;Hiking boots;1;1099;0.0;1099.0;completed
10336;31-10-2025;laura.rasmussen50@gmail.com;DE;store;JKT-102;Down jacket;1;1899;0.0;1899.0;completed
10336;31-10-2025;laura.rasmussen50@gmail.com;DE;store;ACC-402;Beanie;1;199;0.0;199.0;completed
10336;31-10-2025;laura.rasmussen50@gmail.com;DE;store;BAG-302;Trek pack 60L;1;1499;0.0;1499.0;completed
10733;31-10-2025;lars.hansen10@yahoo.dk;DK;web;BOT-201;Hiking boots;1;1099;0.0;1099.0;completed
11152;31-10-2025;clara.madsen78@hotmail.com;DK;app;ACC-401;Merino socks;1;129;0.0;129.0;completed
12193;01-11-2025;Oliver.Christensen54@Yahoo.Dk;DK;store;ACC-403;Headlamp;1;349;0.0;349.0;completed
12193;01-11-2025;oliver.christensen54@yahoo.dk;DK;store;BAG-301;Daypack 25L;1;549;0.0;549.0;completed
12201;01-11-2025;Magnus.Christensen95@Yahoo.Dk;DK;app;BAG-301;Daypack 25L;1;549;0.0;549.0;completed
12201;01-11-2025;Magnus.Christensen95@Yahoo.Dk;DK;app;SLP-601;Sleeping bag;1;899;0.0;899.0;completed
12201;01-11-2025;Magnus.Christensen95@Yahoo.Dk;DK;app;ACC-401;Merino socks;1;129;0.0;129.0;completed
12855;01-11-2025;freja.andersen34@outlook.dk;DE;web;ACC-402;Beanie;1;199;0.1;179.1;completed
12855;01-11-2025;freja.andersen34@outlook.dk;DE;web;ACC-401;Merino socks;1;129;0.1;116.1;completed
12994;01-11-2025;anna.pedersen61@hotmail.com;SE;web;ACC-401;Merino socks;1;129;0.15;109.65;completed
12994;01-11-2025;anna.pedersen61@hotmail.com;SE;web;ACC-402;Beanie;2;199;0.15;338.3;completed
12994;01-11-2025;anna.pedersen61@hotmail.com;SE;web;BAG-301;Daypack 25L;1;549;0.15;466.65;completed
13032;01-11-2025;oliver.hansen80@outlook.dk;SE;web;ACC-401;Merino socks;1;129;0.0;129.0;completed
10337;02-11-2025;oliver.pedersen62@hotmail.com;DK;web;TNT-501;2p tent;2;2499;0.0;4998.0;completed
10337;02-11-2025;Oliver.Pedersen62@Hotmail.Com;DK;web;ACC-401;Merino socks;1;129;0.0;129.0;completed
10337;02-11-2025;Oliver.Pedersen62@Hotmail.Com;DK;web;ACC-401;Merino socks;1;129;0.0;129.0;completed
11136;02-11-2025;magnus.larsen5@outlook.dk;DK;web;ACC-401;Merino socks;1;129;0.0;129.0;completed
11136;02-11-2025;magnus.larsen5@outlook.dk;DK;web;BAG-301;Daypack 25L;2;549;0.0;1098.0;completed
11136;02-11-2025;magnus.larsen5@outlook.dk;DK;web;ACC-402;Beanie;1;199;0.0;199.0;completed
11498;02-11-2025;Laura.Hansen12@Outlook.Dk;DK;web;ACC-403;Headlamp;2;349;0.15;593.3;completed
12900;02-11-2025;mette.andersen9@hotmail.com;DK;store;ACC-402;Beanie;1;199;0.1;179.1;completed
10503;03-11-2025;anna.andersen23@mail.dk;DK;web;BOT-201;Hiking boots;1;1099;0.15;934.15;completed
10611;03-11-2025;Freja.Rasmussen60@Gmail.Com;DE;app;ACC-402;Beanie;2;199;0.1;358.2;completed
10611;03-11-2025;freja.rasmussen60@gmail.com;DE;app;JKT-102;Down jacket;1;1899;0.1;1709.1;completed
11897;03-11-2025;oliver.jensen77@hotmail.com;SE;store;ACC-401;Merino socks;1;129;0.0;129.0;completed
12487;03-11-2025;lars.larsen86@hotmail.com;DK;app;ACC-401;Merino socks;1;129;0.0;129.0;completed
12494;03-11-2025;;DK;web;ACC-401;Merino socks;1;129;0.0;129.0;completed
10236;04-11-2025;ida.petersen91@mail.dk;DK;web;ACC-401;Merino socks;1;129;0.0;129.0;completed
10442;04-11-2025;Mette.Petersen6@Hotmail.Com;DK;web;ACC-403;Headlamp;1;349;0.1;314.1;completed
10442;04-11-2025;mette.petersen6@hotmail.com;DK;web;BAG-302;Trek pack 60L;1;1499;0.1;1349.1;completed
10653;04-11-2025;Oliver.Petersen87@Gmail.Com;DE;web;SLP-601;Sleeping bag;1;899;0.0;899.0;completed
11845;04-11-2025;jonas.christensen85@outlook.dk;DE;web;SLP-601;Sleeping bag;1;899;0.15;764.15;completed
11845;04-11-2025;Jonas.Christensen85@Outlook.Dk;DE;web;ACC-402;Beanie;2;199;0.15;338.3;completed
12234;04-11-2025;Laura.Rasmussen80@Mail.Dk;NO;web;BAG-302;Trek pack 60L;1;1499;0.0;1499.0;completed
10571;05-11-2025;mikkel.andersen62@yahoo.dk;NO;web;BAG-301;Daypack 25L;1;549;0.0;549.0;completed
11460;05-11-2025;;DE;store;ACC-403;Headlamp;1;349;0.0;349.0;completed
11460;05-11-2025;;DE;store;BOT-201;Hiking boots;1;1099;0.0;1099.0;completed
11460;05-11-2025;;DE;store;JKT-101;Shell jacket;1;1299;0.0;1299.0;completed
11460;05-11-2025;;DE;store;JKT-101;Shell jacket;1;1299;0.0;1299.0;completed
12068;05-11-2025;mikkel.christensen10@gmail.com;SE;web;JKT-101;Shell jacket;1;1299;0.0;1299.0;completed
12068;05-11-2025;mikkel.christensen10@gmail.com;SE;web;ACC-402;Beanie;1;199;0.0;199.0;completed
12434;05-11-2025;lars.rasmussen31@mail.dk;DE;web;ACC-403;Headlamp;1;349;0.0;349.0;completed
12674;05-11-2025;Clara.Larsen60@Yahoo.Dk;SE;store;ACC-402;Beanie;1;199;0.0;199.0;completed
12674;05-11-2025;clara.larsen60@yahoo.dk;SE;store;BAG-301;Daypack 25L;1;549;0.0;549.0;completed
12743;05-11-2025;mikkel.pedersen87@gmail.com;DK;app;ACC-401;Merino socks;2;129;0.0;258.0;completed
12743;05-11-2025;mikkel.pedersen87@gmail.com;DK;app;ACC-402;Beanie;1;199;0.0;199.0;completed
10277;06-11-2025;mette.petersen73@yahoo.dk;NO;web;SLP-601;Sleeping bag;1;899;0.0;899.0;completed
10277;06-11-2025;mette.petersen73@yahoo.dk;NO;web;ACC-401;Merino socks;1;129;0.0;129.0;completed
10277;06-11-2025;mette.petersen73@yahoo.dk;NO;web;BAG-302;Trek pack 60L;1;1499;0.0;1499.0;completed
10589;06-11-2025;;DK;web;ACC-403;Headlamp;1;349;0.15;296.65;completed
10589;06-11-2025;;DK;web;BAG-301;Daypack 25L;1;549;0.15;466.65;completed
10734;06-11-2025;lars.hansen10@yahoo.dk;DK;web;ACC-402;Beanie;1;199;0.0;199.0;completed
10734;06-11-2025;lars.hansen10@yahoo.dk;DK;web;ACC-403;Headlamp;2;349;0.0;698.0;completed
11042;06-11-2025;emil.petersen89@gmail.com;DK;web;ACC-403;Headlamp;1;349;0.1;314.1;completed
11540;06-11-2025;Ida.Christensen69@Yahoo.Dk;NO;web;JKT-102;Down jacket;1;1899;0.0;1899.0;completed
12194;06-11-2025;oliver.christensen54@yahoo.dk;DK;store;JKT-102;Down jacket;1;1899;0.0;1899.0;completed
12194;06-11-2025;oliver.christensen54@yahoo.dk;DK;store;SLP-601;Sleeping bag;1;899;0.0;899.0;completed
12194;06-11-2025;oliver.christensen54@yahoo.dk;DK;store;BOT-201;Hiking boots;1;1099;0.0;1099.0;completed
12404;06-11-2025;anna.pedersen23@outlook.dk;NO;app;SLP-601;Sleeping bag;1;899;0.1;809.1;completed
12404;06-11-2025;anna.pedersen23@outlook.dk;NO;app;SLP-601;Sleeping bag;1;899;0.1;809.1;completed
12435;06-11-2025;;DE;web;JKT-102;Down jacket;1;1899;0.15;1614.15;completed
12875;06-11-2025;Freja.Christensen47@Gmail.Com;DK;store;ACC-401;Merino socks;2;129;0.0;258.0;completed
13083;06-11-2025;magnus.rasmussen48@gmail.com;DK;web;ACC-402;Beanie;1;199;0.0;199.0;completed
13091;06-11-2025;emil.larsen70@gmail.com;NO;web;TNT-501;2p tent;2;2499;0.0;4998.0;completed
13091;06-11-2025;emil.larsen70@gmail.com;NO;web;ACC-403;Headlamp;1;349;0.0;349.0;completed
10171;07-11-2025;anna.madsen83@gmail.com;NO;web;JKT-101;Shell jacket;1;1299;0.0;1299.0;completed
10171;07-11-2025;anna.madsen83@gmail.com;NO;web;ACC-402;Beanie;1;199;0.0;199.0;completed
10375;07-11-2025;noah.nielsen55@mail.dk;SE;web;BOT-201;Hiking boots;1;1099;0.0;1099.0;completed
10757;07-11-2025;anna.jensen35@mail.dk;DK;web;ACC-402;Beanie;-1;199;0.0;-199.0;refunded
11026;07-11-2025;Mikkel.Hansen73@Yahoo.Dk;DE;web;BAG-301;Daypack 25L;1;549;0.0;549.0;completed
11693;07-11-2025;emil.pedersen69@outlook.dk;SE;web;ACC-402;Beanie;1;199;0.0;199.0;completed
11693;07-11-2025;emil.pedersen69@outlook.dk;SE;web;ACC-401;Merino socks;2;129;0.0;258.0;completed
11938;07-11-2025;Ida.Pedersen72@Outlook.Dk;DK;web;SLP-601;Sleeping bag;1;899;0.0;899.0;completed
12257;07-11-2025;Noah.Christensen68@Yahoo.Dk;DK;app;BAG-301;Daypack 25L;1;549;0.0;549.0;completed
12257;07-11-2025;noah.christensen68@yahoo.dk;DK;app;ACC-403;Headlamp;1;349;0.0;349.0;completed
12901;07-11-2025;mette.andersen9@hotmail.com;DK;store;TNT-501;2p tent;1;2499;0.0;2499.0;completed
10467;08-11-2025;sofie.andersen53@outlook.dk;NO;store;ACC-402;Beanie;2;199;0.0;398.0;completed
10467;08-11-2025;Sofie.Andersen53@Outlook.Dk;NO;store;BAG-301;Daypack 25L;2;549;0.0;1098.0;completed
10944;08-11-2025;clara.hansen83@gmail.com;DE;web;BOT-201;Hiking boots;1;1099;0.0;1099.0;completed
11027;08-11-2025;mikkel.hansen73@yahoo.dk;DE;web;SLP-601;Sleeping bag;1;899;0.0;899.0;completed
11027;08-11-2025;mikkel.hansen73@yahoo.dk;DE;web;ACC-402;Beanie;2;199;0.0;398.0;completed
11027;08-11-2025;mikkel.hansen73@yahoo.dk;DE;web;ACC-401;Merino socks;1;129;0.0;129.0;completed
11326;08-11-2025;sofie.larsen98@gmail.com;DK;web;SLP-601;Sleeping bag;2;899;0.0;1798.0;completed
11326;08-11-2025;sofie.larsen98@gmail.com;DK;web;ACC-401;Merino socks;1;129;0.0;129.0;completed
12436;08-11-2025;Lars.Rasmussen31@Mail.Dk;DE;web;JKT-102;Down jacket;1;1899;0.0;1899.0;completed
10365;09-11-2025;Oliver.Jensen83@Mail.Dk;SE;web;ACC-401;Merino socks;2;129;0.1;232.2;completed
10365;09-11-2025;oliver.jensen83@mail.dk;SE;web;SLP-601;Sleeping bag;1;899;0.1;809.1;completed
10484;09-11-2025;Jonas.Madsen8@Mail.Dk;SE;web;ACC-401;Merino socks;1;129;0.0;129.0;completed
10484;09-11-2025;jonas.madsen8@mail.dk;SE;web;ACC-403;Headlamp;1;349;0.0;349.0;completed
10484;09-11-2025;jonas.madsen8@mail.dk;SE;web;JKT-102;Down jacket;1;1899;0.0;1899.0;completed
10524;09-11-2025;Freja.Petersen13@Mail.Dk;DE;store;BAG-301;Daypack 25L;1;549;0.0;549.0;completed
11022;09-11-2025;noah.larsen39@outlook.dk;DK;web;TNT-501;2p tent;1;2499;0.0;2499.0;completed
11022;09-11-2025;noah.larsen39@outlook.dk;DK;web;ACC-403;Headlamp;1;349;0.0;349.0;completed
11022;09-11-2025;Noah.Larsen39@Outlook.Dk;DK;web;ACC-401;Merino socks;1;129;0.0;129.0;completed
11694;09-11-2025;Emil.Pedersen69@Outlook.Dk;SE;web;ACC-401;Merino socks;1;129;0.1;116.1;completed
13022;09-11-2025;lars.hansen74@yahoo.dk;NO;app;ACC-403;Headlamp;1;349;0.0;349.0;completed
13053;09-11-2025;emil.christensen8@outlook.dk;DK;web;ACC-403;Headlamp;2;349;0.1;628.2;completed
13053;09-11-2025;emil.christensen8@outlook.dk;DK;web;JKT-101;Shell jacket;1;1299;0.1;1169.1;completed
13053;09-11-2025;emil.christensen8@outlook.dk;DK;web;SLP-601;Sleeping bag;2;899;0.1;1618.2;completed
10780;10-11-2025;ida.pedersen56@hotmail.com;DK;app;JKT-101;Shell jacket;1;1299;0.1;1169.1;completed
10945;10-11-2025;clara.hansen83@gmail.com;DE;web;ACC-402;Beanie;1;199;0.15;169.15;completed
10945;10-11-2025;clara.hansen83@gmail.com;DE;web;ACC-403;Headlamp;1;349;0.15;296.65;completed
10945;10-11-2025;clara.hansen83@gmail.com;DE;web;ACC-401;Merino socks;1;129;0.15;109.65;completed
11197;10-11-2025;Sofie.Madsen65@Yahoo.Dk;NO;web;ACC-403;Headlamp;1;349;0.0;349.0;completed
11197;10-11-2025;sofie.madsen65@yahoo.dk;NO;web;ACC-401;Merino socks;1;129;0.0;129.0;completed
11197;10-11-2025;sofie.madsen65@yahoo.dk;NO;web;BAG-301;Daypack 25L;1;549;0.0;549.0;completed
11436;10-11-2025;ida.hansen35@yahoo.dk;DK;web;ACC-403;Headlamp;1;349;0.0;349.0;completed
11436;10-11-2025;Ida.Hansen35@Yahoo.Dk;DK;web;ACC-402;Beanie;1;199;0.0;199.0;completed
12157;10-11-2025;sofie.rasmussen60@gmail.com;DK;store;ACC-403;Headlamp;1;349;0.15;296.65;completed
12733;10-11-2025;mikkel.pedersen23@gmail.com;DK;web;SLP-601;Sleeping bag;1;899;0.0;899.0;completed
12744;10-11-2025;mikkel.pedersen87@gmail.com;DK;app;ACC-403;Headlamp;1;349;0.1;314.1;completed
12744;10-11-2025;mikkel.pedersen87@gmail.com;DK;app;ACC-401;Merino socks;1;129;0.1;116.1;completed
10485;11-11-2025;jonas.madsen8@mail.dk;SE;web;ACC-401;Merino socks;1;129;0.15;109.65;completed
10657;11-11-2025;Oliver.Nielsen74@Outlook.Dk;DE;store;ACC-401;Merino socks;1;129;0.0;129.0;completed
11867;11-11-2025;oliver.nielsen55@hotmail.com;SE;web;BOT-201;Hiking boots;1;1099;0.0;1099.0;completed
11867;11-11-2025;oliver.nielsen55@hotmail.com;SE;web;BAG-302;Trek pack 60L;1;1499;0.0;1499.0;completed
12158;11-11-2025;sofie.rasmussen60@gmail.com;DK;store;SLP-601;Sleeping bag;1;899;0.0;899.0;completed
12158;11-11-2025;sofie.rasmussen60@gmail.com;DK;store;ACC-401;Merino socks;1;129;0.0;129.0;completed
12309;11-11-2025;oliver.hansen84@hotmail.com;DE;store;ACC-403;Headlamp;1;349;0.0;349.0;completed
12695;11-11-2025;magnus.rasmussen52@hotmail.com;DE;store;BOT-201;Hiking boots;1;1099;0.1;989.1;completed
12695;11-11-2025;magnus.rasmussen52@hotmail.com;DE;store;JKT-102;Down jacket;1;1899;0.1;1709.1;completed
10169;12-11-2025;anna.jensen13@outlook.dk;DK;web;BOT-201;Hiking boots;2;1099;0.15;1868.3;completed
10519;12-11-2025;sara.nielsen17@mail.dk;DK;app;SLP-601;Sleeping bag;1;899;0.0;899.0;completed
11383;12-11-2025;Noah.Hansen4@Hotmail.Com;DK;app;BAG-301;Daypack 25L;2;549;0.0;1098.0;completed
11383;12-11-2025;noah.hansen4@hotmail.com;DK;app;JKT-101;Shell jacket;2;1299;0.0;2598.0;completed
11383;12-11-2025;noah.hansen4@hotmail.com;DK;app;JKT-102;Down jacket;2;1899;0.0;3798.0;completed
12235;12-11-2025;laura.rasmussen80@mail.dk;NO;web;JKT-102;Down jacket;1;1899;0.0;1899.0;completed
12235;12-11-2025;Laura.Rasmussen80@Mail.Dk;NO;web;BOT-201;Hiking boots;2;1099;0.0;2198.0;completed
12236;12-11-2025;mikkel.rasmussen86@gmail.com;DK;app;ACC-402;Beanie;2;199;0.0;398.0;completed
12236;12-11-2025;mikkel.rasmussen86@gmail.com;DK;app;TNT-501;2p tent;2;2499;0.0;4998.0;completed
12236;12-11-2025;mikkel.rasmussen86@gmail.com;DK;app;ACC-403;Headlamp;1;349;0.0;349.0;completed
13033;12-11-2025;oliver.hansen80@outlook.dk;SE;web;BOT-201;Hiking boots;1;1099;0.1;989.1;completed
13033;12-11-2025;Oliver.Hansen80@Outlook.Dk;SE;web;ACC-403;Headlamp;1;349;0.1;314.1;completed
11351;13-11-2025;clara.larsen80@gmail.com;SE;web;SLP-601;Sleeping bag;1;899;0.1;809.1;completed
12528;13-11-2025;magnus.nielsen79@gmail.com;DK;web;BOT-201;Hiking boots;1;1099;0.0;1099.0;completed
12547;13-11-2025;mette.hansen58@mail.dk;SE;web;TNT-501;2p tent;1;2499;0.1;2249.1;completed
12547;13-11-2025;mette.hansen58@mail.dk;SE;web;ACC-401;Merino socks;1;129;0.1;116.1;completed
12591;13-11-2025;lars.christensen4@yahoo.dk;DK;web;ACC-402;Beanie;1;199;0.0;199.0;completed
12591;13-11-2025;lars.christensen4@yahoo.dk;DK;web;ACC-401;Merino socks;1;129;0.0;129.0;completed
13084;13-11-2025;magnus.rasmussen48@gmail.com;DK;web;ACC-402;Beanie;1;199;0.1;179.1;completed
10475;14-11-2025;anna.larsen11@yahoo.dk;SE;web;ACC-401;Merino socks;1;129;0.15;109.65;completed
10475;14-11-2025;anna.larsen11@yahoo.dk;SE;web;ACC-403;Headlamp;1;349;0.15;296.65;completed
10475;14-11-2025;Anna.Larsen11@Yahoo.Dk;SE;web;BAG-301;Daypack 25L;2;549;0.15;933.3;completed
10512;14-11-2025;magnus.jensen28@gmail.com;NO;web;ACC-402;Beanie;2;199;0.1;358.2;completed
10562;14-11-2025;mette.rasmussen49@outlook.dk;DK;store;BOT-201;Hiking boots;1;1099;0.0;1099.0;completed
11557;14-11-2025;emil.andersen65@mail.dk;NO;app;JKT-101;Shell jacket;2;1299;0.0;2598.0;completed
12283;14-11-2025;clara.rasmussen30@gmail.com;NO;app;BAG-301;Daypack 25L;1;549;0.15;466.65;completed
12283;14-11-2025;clara.rasmussen30@gmail.com;NO;app;ACC-401;Merino socks;1;129;0.15;109.65;completed
12283;14-11-2025;clara.rasmussen30@gmail.com;NO;app;ACC-403;Headlamp;2;349;0.15;593.3;completed
12446;14-11-2025;mette.larsen7@outlook.dk;DK;web;TNT-501;2p tent;2;2499;0.0;4998.0;completed
13054;14-11-2025;emil.christensen8@outlook.dk;DK;web;BAG-301;Daypack 25L;1;549;0.15;466.65;completed
13054;14-11-2025;Emil.Christensen8@Outlook.Dk;DK;web;ACC-403;Headlamp;1;349;0.15;296.65;completed
13054;14-11-2025;Emil.Christensen8@Outlook.Dk;DK;web;ACC-402;Beanie;1;199;0.15;169.15;completed
10611;15-11-2025;Freja.Rasmussen60@Gmail.Com;DE;app;ACC-402;Beanie;-2;199;0.1;-358.2;refunded
10690;15-11-2025;magnus.larsen79@gmail.com;DK;store;SLP-601;Sleeping bag;2;899;0.0;1798.0;completed
10690;15-11-2025;Magnus.Larsen79@Gmail.Com;DK;store;BAG-302;Trek pack 60L;2;1499;0.0;2998.0;completed
11899;15-11-2025;;SE;web;ACC-401;Merino socks;2;129;0.1;232.2;completed
11899;15-11-2025;;SE;web;ACC-403;Headlamp;1;349;0.1;314.1;completed
12469;15-11-2025;lars.hansen42@gmail.com;DK;web;BAG-301;Daypack 25L;2;549;0.0;1098.0;completed
12688;15-11-2025;Jonas.Larsen84@Gmail.Com;DK;web;BOT-201;Hiking boots;1;1099;0.0;1099.0;completed
12688;15-11-2025;jonas.larsen84@gmail.com;DK;web;ACC-401;Merino socks;1;129;0.0;129.0;completed
12982;15-11-2025;magnus.christensen4@outlook.dk;DK;app;BOT-201;Hiking boots;2;1099;0.1;1978.2;completed
13023;15-11-2025;lars.hansen74@yahoo.dk;NO;app;ACC-401;Merino socks;1;129;0.15;109.65;completed
10080;16-11-2025;Sara.Larsen44@Hotmail.Com;DK;web;ACC-403;Headlamp;1;349;0.0;349.0;completed
10177;16-11-2025;Laura.Madsen42@Gmail.Com;DK;web;ACC-401;Merino socks;2;129;0.0;258.0;completed
10177;16-11-2025;laura.madsen42@gmail.com;DK;web;ACC-402;Beanie;2;199;0.0;398.0;completed
10199;16-11-2025;Sofie.Petersen24@Gmail.Com;DK;web;ACC-401;Merino socks;1;129;0.0;129.0;completed
10412;16-11-2025;;DK;store;ACC-401;Merino socks;2;129;0.0;258.0;completed
11327;16-11-2025;sofie.larsen98@gmail.com;DK;web;ACC-402;Beanie;2;199;0.0;398.0;completed
11327;16-11-2025;sofie.larsen98@gmail.com;DK;web;SLP-601;Sleeping bag;2;899;0.0;1798.0;completed
11327;16-11-2025;sofie.larsen98@gmail.com;DK;web;BAG-301;Daypack 25L;1;549;0.0;549.0;completed
12548;16-11-2025;Mette.Hansen58@Mail.Dk;SE;web;BAG-301;Daypack 25L;1;549;0.0;549.0;completed
11033;17-11-2025;Sara.Petersen84@Yahoo.Dk;DK;web;BOT-201;Hiking boots;2;1099;0.0;2198.0;completed
11033;17-11-2025;Sara.Petersen84@Yahoo.Dk;DK;web;TNT-501;2p tent;1;2499;0.0;2499.0;completed
11328;17-11-2025;sofie.larsen98@gmail.com;DK;web;ACC-401;Merino socks;1;129;0.1;116.1;completed
11328;17-11-2025;sofie.larsen98@gmail.com;DK;web;BOT-201;Hiking boots;1;1099;0.1;989.1;completed
11328;17-11-2025;sofie.larsen98@gmail.com;DK;web;ACC-403;Headlamp;1;349;0.1;314.1;completed
11471;17-11-2025;sara.christensen73@hotmail.com;DK;web;JKT-102;Down jacket;1;1899;0.0;1899.0;completed
11471;17-11-2025;sara.christensen73@hotmail.com;DK;web;JKT-101;Shell jacket;1;1299;0.0;1299.0;completed
11471;17-11-2025;Sara.Christensen73@Hotmail.Com;DK;web;ACC-402;Beanie;2;199;0.0;398.0;completed
11499;17-11-2025;laura.hansen12@outlook.dk;DK;web;ACC-402;Beanie;1;199;0.0;199.0;completed
11924;17-11-2025;laura.andersen20@hotmail.com;NO;web;ACC-402;Beanie;2;199;0.15;338.3;completed
11924;17-11-2025;laura.andersen20@hotmail.com;NO;web;ACC-401;Merino socks;1;129;0.15;109.65;completed
12532;17-11-2025;lars.jensen52@mail.dk;DK;app;ACC-401;Merino socks;1;129;0.0;129.0;completed
12532;17-11-2025;Lars.Jensen52@Mail.Dk;DK;app;ACC-402;Beanie;1;199;0.0;199.0;completed
12532;17-11-2025;lars.jensen52@mail.dk;DK;app;BOT-201;Hiking boots;2;1099;0.0;2198.0;completed
12612;17-11-2025;ida.hansen3@yahoo.dk;DE;web;BAG-301;Daypack 25L;1;549;0.1;494.1;completed
12612;17-11-2025;ida.hansen3@yahoo.dk;DE;web;JKT-102;Down jacket;2;1899;0.1;3418.2;completed
12729;17-11-2025;Ida.Rasmussen3@Mail.Dk;DK;web;ACC-402;Beanie;1;199;0.0;199.0;completed
12729;17-11-2025;Ida.Rasmussen3@Mail.Dk;DK;web;SLP-601;Sleeping bag;2;899;0.0;1798.0;completed
10291;18-11-2025;laura.hansen30@hotmail.com;SE;web;SLP-601;Sleeping bag;1;899;0.1;809.1;completed
10291;18-11-2025;laura.hansen30@hotmail.com;SE;web;ACC-402;Beanie;2;199;0.1;358.2;completed
11811;18-11-2025;magnus.madsen38@yahoo.dk;DK;app;BOT-201;Hiking boots;2;1099;0.15;1868.3;completed
12098;18-11-2025;mikkel.rasmussen27@gmail.com;DK;store;SLP-601;Sleeping bag;1;899;0.1;809.1;completed
12098;18-11-2025;Mikkel.Rasmussen27@Gmail.Com;DK;store;ACC-402;Beanie;1;199;0.1;179.1;completed
12377;18-11-2025;Magnus.Pedersen20@Outlook.Dk;SE;store;ACC-401;Merino socks;1;129;0.0;129.0;completed
12377;18-11-2025;magnus.pedersen20@outlook.dk;SE;store;BOT-201;Hiking boots;1;1099;0.0;1099.0;completed
12377;18-11-2025;magnus.pedersen20@outlook.dk;SE;store;JKT-101;Shell jacket;1;1299;0.0;1299.0;completed
12970;18-11-2025;sofie.hansen55@mail.dk;NO;web;ACC-403;Headlamp;2;349;0.0;698.0;completed
12970;18-11-2025;sofie.hansen55@mail.dk;NO;web;ACC-401;Merino socks;1;129;0.0;129.0;completed
12987;18-11-2025;freja.pedersen79@mail.dk;DE;web;ACC-401;Merino socks;2;129;0.0;258.0;completed
13092;18-11-2025;emil.larsen70@gmail.com;NO;web;TNT-501;2p tent;1;2499;0.0;2499.0;completed
13092;18-11-2025;Emil.Larsen70@Gmail.Com;NO;web;ACC-401;Merino socks;1;129;0.0;129.0;completed
11182;19-11-2025;Clara.Jensen27@Outlook.Dk;NO;web;BAG-301;Daypack 25L;1;549;0.15;466.65;completed
11182;19-11-2025;clara.jensen27@outlook.dk;NO;web;ACC-403;Headlamp;1;349;0.15;296.65;completed
11558;19-11-2025;emil.andersen65@mail.dk;NO;app;JKT-101;Shell jacket;2;1299;0.0;2598.0;completed
12946;19-11-2025;Noah.Madsen55@Outlook.Dk;DK;web;ACC-403;Headlamp;1;349;0.0;349.0;completed
12946;19-11-2025;Noah.Madsen55@Outlook.Dk;DK;web;ACC-401;Merino socks;1;129;0.0;129.0;completed
12946;19-11-2025;noah.madsen55@outlook.dk;DK;web;BAG-301;Daypack 25L;2;549;0.0;1098.0;completed
10903;20-11-2025;Jonas.Christensen57@Gmail.Com;DK;app;JKT-102;Down jacket;1;1899;0.1;1709.1;completed
11153;20-11-2025;clara.madsen78@hotmail.com;DK;app;SLP-601;Sleeping bag;1;899;0.0;899.0;completed
11540;20-11-2025;Ida.Christensen69@Yahoo.Dk;NO;web;JKT-102;Down jacket;-1;1899;0.0;-1899.0;refunded
13055;20-11-2025;emil.christensen8@outlook.dk;DK;web;ACC-403;Headlamp;1;349;0.1;314.1;completed
13055;20-11-2025;emil.christensen8@outlook.dk;DK;web;BOT-201;Hiking boots;1;1099;0.1;989.1;completed
13055;20-11-2025;emil.christensen8@outlook.dk;DK;web;JKT-101;Shell jacket;1;1299;0.1;1169.1;completed
10714;21-11-2025;;NO;web;ACC-401;Merino socks;1;129;0.0;129.0;completed
12202;21-11-2025;magnus.christensen95@yahoo.dk;DK;app;JKT-101;Shell jacket;1;1299;0.1;1169.1;completed
12202;21-11-2025;magnus.christensen95@yahoo.dk;DK;app;BAG-302;Trek pack 60L;1;1499;0.1;1349.1;completed
12359;21-11-2025;mette.pedersen92@yahoo.dk;DK;web;BAG-301;Daypack 25L;1;549;0.15;466.65;completed
12359;21-11-2025;mette.pedersen92@yahoo.dk;DK;web;JKT-101;Shell jacket;2;1299;0.15;2208.3;completed
12378;21-11-2025;magnus.pedersen20@outlook.dk;SE;store;SLP-601;Sleeping bag;1;899;0.0;899.0;completed
13050;21-11-2025;sara.nielsen98@hotmail.com;SE;store;ACC-402;Beanie;1;199;0.15;169.15;completed
10137;22-11-2025;Magnus.Larsen88@Gmail.Com;DK;store;JKT-101;Shell jacket;2;1299;0.0;2598.0;completed
10448;22-11-2025;oliver.hansen47@yahoo.dk;DK;web;ACC-402;Beanie;1;199;0.15;169.15;completed
10946;22-11-2025;Clara.Hansen83@Gmail.Com;DE;web;ACC-403;Headlamp;1;349;0.0;349.0;completed
10946;22-11-2025;clara.hansen83@gmail.com;DE;web;JKT-102;Down jacket;1;1899;0.0;1899.0;completed
11257;22-11-2025;anna.rasmussen86@gmail.com;SE;app;ACC-402;Beanie;1;199;0.0;199.0;completed
11317;22-11-2025;Laura.Andersen50@Outlook.Dk;DK;store;ACC-401;Merino socks;1;129;0.0;129.0;completed
11317;22-11-2025;laura.andersen50@outlook.dk;DK;store;BOT-201;Hiking boots;1;1099;0.0;1099.0;completed
11317;22-11-2025;laura.andersen50@outlook.dk;DK;store;JKT-102;Down jacket;1;1899;0.0;1899.0;completed
12902;22-11-2025;mette.andersen9@hotmail.com;DK;store;ACC-403;Headlamp;1;349;0.15;296.65;completed
10705;23-11-2025;oliver.madsen53@gmail.com;DK;store;ACC-402;Beanie;1;199;0.0;199.0;completed
10705;23-11-2025;oliver.madsen53@gmail.com;DK;store;ACC-403;Headlamp;1;349;0.0;349.0;completed
10705;23-11-2025;oliver.madsen53@gmail.com;DK;store;ACC-402;Beanie;1;199;0.0;199.0;completed
12237;23-11-2025;;DK;app;ACC-403;Headlamp;2;349;0.15;593.3;completed
12804;23-11-2025;mette.andersen66@hotmail.com;DK;store;SLP-601;Sleeping bag;1;899;0.1;809.1;completed
12804;23-11-2025;mette.andersen66@hotmail.com;DK;store;ACC-401;Merino socks;1;129;0.1;116.1;completed
12997;23-11-2025;noah.andersen58@mail.dk;SE;store;JKT-102;Down jacket;1;1899;0.15;1614.15;completed
10378;24-11-2025;ida.rasmussen71@outlook.dk;DK;app;JKT-101;Shell jacket;1;1299;0.15;1104.15;completed
10378;24-11-2025;ida.rasmussen71@outlook.dk;DK;app;ACC-403;Headlamp;1;349;0.15;296.65;completed
10460;24-11-2025;Noah.Christensen77@Gmail.Com;DK;web;ACC-401;Merino socks;1;129;0.1;116.1;completed
10595;24-11-2025;mikkel.rasmussen16@hotmail.com;NO;app;ACC-402;Beanie;2;199;0.0;398.0;completed
10628;24-11-2025;noah.nielsen83@hotmail.com;SE;web;BOT-201;Hiking boots;1;1099;0.0;1099.0;completed
10628;24-11-2025;noah.nielsen83@hotmail.com;SE;web;ACC-402;Beanie;1;199;0.0;199.0;completed
10735;25-11-2025;lars.hansen10@yahoo.dk;DK;web;ACC-402;Beanie;1;199;0.0;199.0;completed
10836;25-11-2025;Clara.Madsen1@Yahoo.Dk;DK;web;ACC-403;Headlamp;2;349;0.1;628.2;completed
10836;25-11-2025;clara.madsen1@yahoo.dk;DK;web;BAG-301;Daypack 25L;1;549;0.1;494.1;completed
10836;25-11-2025;clara.madsen1@yahoo.dk;DK;web;ACC-402;Beanie;1;199;0.1;179.1;completed
11627;25-11-2025;emil.jensen31@gmail.com;DE;web;JKT-101;Shell jacket;1;1299;0.0;1299.0;completed
12813;25-11-2025;lars.andersen88@hotmail.com;NO;store;ACC-403;Headlamp;1;349;0.15;296.65;completed
12903;25-11-2025;mette.andersen9@hotmail.com;DK;store;ACC-403;Headlamp;1;349;0.0;349.0;completed
12903;25-11-2025;mette.andersen9@hotmail.com;DK;store;BAG-301;Daypack 25L;2;549;0.0;1098.0;completed
10146;26-11-2025;sofie.petersen57@yahoo.dk;DE;web;SLP-601;Sleeping bag;1;899;0.15;764.15;completed
11230;26-11-2025;sara.andersen67@gmail.com;DK;app;BAG-302;Trek pack 60L;1;1499;0.0;1499.0;completed
11230;26-11-2025;sara.andersen67@gmail.com;DK;app;SLP-601;Sleeping bag;2;899;0.0;1798.0;completed
11597;26-11-2025;lars.petersen75@yahoo.dk;DK;web;BOT-201;Hiking boots;1;1099;0.15;934.15;completed
11654;26-11-2025;laura.nielsen55@outlook.dk;DE;app;ACC-401;Merino socks;2;129;0.1;232.2;completed
11654;26-11-2025;Laura.Nielsen55@Outlook.Dk;DE;app;ACC-403;Headlamp;1;349;0.1;314.1;completed
11688;26-11-2025;Sara.Nielsen78@Outlook.Dk;DK;store;BAG-301;Daypack 25L;1;549;0.1;494.1;completed
12364;26-11-2025;Emil.Hansen96@Gmail.Com;DK;web;ACC-401;Merino socks;2;129;0.15;219.3;completed
12364;26-11-2025;Emil.Hansen96@Gmail.Com;DK;web;ACC-403;Headlamp;1;349;0.15;296.65;completed
12470;26-11-2025;Lars.Hansen42@Gmail.Com;DK;web;ACC-401;Merino socks;2;129;0.0;258.0;completed
12595;26-11-2025;freja.larsen75@mail.dk;DK;web;ACC-401;Merino socks;1;129;0.1;116.1;completed
12595;26-11-2025;Freja.Larsen75@Mail.Dk;DK;web;JKT-101;Shell jacket;1;1299;0.1;1169.1;completed
13093;26-11-2025;emil.larsen70@gmail.com;NO;web;ACC-402;Beanie;2;199;0.15;338.3;completed
13093;26-11-2025;Emil.Larsen70@Gmail.Com;NO;web;ACC-401;Merino socks;2;129;0.15;219.3;completed
13093;26-11-2025;emil.larsen70@gmail.com;NO;web;ACC-403;Headlamp;1;349;0.15;296.65;completed
10486;27-11-2025;jonas.madsen8@mail.dk;SE;web;TNT-501;2p tent;2;2499;0.15;4248.3;completed
10486;27-11-2025;jonas.madsen8@mail.dk;SE;web;BOT-201;Hiking boots;1;1099;0.15;934.15;completed
10584;27-11-2025;ida.pedersen98@outlook.dk;DK;store;SLP-601;Sleeping bag;1;899;0.15;764.15;completed
10584;27-11-2025;ida.pedersen98@outlook.dk;DK;store;ACC-401;Merino socks;1;129;0.15;109.65;completed
10584;27-11-2025;ida.pedersen98@outlook.dk;DK;store;JKT-101;Shell jacket;1;1299;0.15;1104.15;completed
10972;27-11-2025;Laura.Pedersen76@Yahoo.Dk;SE;app;ACC-401;Merino socks;1;129;0.1;116.1;completed
10972;27-11-2025;Laura.Pedersen76@Yahoo.Dk;SE;app;JKT-101;Shell jacket;1;1299;0.1;1169.1;completed
10972;27-11-2025;Laura.Pedersen76@Yahoo.Dk;SE;app;ACC-402;Beanie;2;199;0.1;358.2;completed
11929;27-11-2025;emil.christensen94@outlook.dk;NO;web;JKT-102;Down jacket;1;1899;0.1;1709.1;completed
11929;27-11-2025;emil.christensen94@outlook.dk;NO;web;ACC-401;Merino socks;1;129;0.1;116.1;completed
12374;27-11-2025;sara.hansen83@outlook.dk;DK;web;BOT-201;Hiking boots;1;1099;0.0;1099.0;completed
12675;27-11-2025;;SE;store;ACC-402;Beanie;1;199;0.1;179.1;completed
12841;27-11-2025;emil.jensen13@hotmail.com;DE;store;BAG-301;Daypack 25L;2;549;0.1;988.2;completed
12841;27-11-2025;Emil.Jensen13@Hotmail.Com;DE;store;SLP-601;Sleeping bag;1;899;0.1;809.1;completed
13056;27-11-2025;emil.christensen8@outlook.dk;DK;web;TNT-501;2p tent;2;2499;0.0;4998.0;completed
13056;27-11-2025;emil.christensen8@outlook.dk;DK;web;ACC-403;Headlamp;1;349;0.0;349.0;completed
10209;28-11-2025;lars.rasmussen52@mail.dk;DK;web;ACC-401;Merino socks;1;129;0.15;109.65;completed
10272;28-11-2025;Emil.Rasmussen80@Outlook.Dk;SE;app;ACC-403;Headlamp;1;349;0.0;349.0;completed
12488;28-11-2025;Lars.Larsen86@Hotmail.Com;DK;app;ACC-402;Beanie;2;199;0.0;398.0;completed
12488;28-11-2025;lars.larsen86@hotmail.com;DK;app;ACC-401;Merino socks;2;129;0.0;258.0;completed
12488;28-11-2025;Lars.Larsen86@Hotmail.Com;DK;app;BAG-301;Daypack 25L;1;549;0.0;549.0;completed
12488;28-11-2025;Lars.Larsen86@Hotmail.Com;DK;app;ACC-402;Beanie;2;199;0.0;398.0;completed
12648;28-11-2025;lars.pedersen46@outlook.dk;DK;web;ACC-402;Beanie;1;199;0.1;179.1;completed
10525;29-11-2025;freja.petersen13@mail.dk;DE;store;BOT-201;Hiking boots;1;1099;0.1;989.1;completed
11019;29-11-2025;noah.hansen31@mail.dk;SE;web;ACC-403;Headlamp;1;349;0.15;296.65;completed
11125;29-11-2025;laura.hansen16@outlook.dk;DK;store;ACC-403;Headlamp;1;349;0.0;349.0;completed
11953;29-11-2025;lars.andersen51@yahoo.dk;DK;web;BAG-301;Daypack 25L;1;549;0.15;466.65;completed
11953;29-11-2025;lars.andersen51@yahoo.dk;DK;web;BOT-201;Hiking boots;1;1099;0.15;934.15;completed
12106;29-11-2025;emil.rasmussen88@gmail.com;SE;app;SLP-601;Sleeping bag;2;899;0.0;1798.0;completed
12745;29-11-2025;mikkel.pedersen87@gmail.com;DK;app;BAG-301;Daypack 25L;1;549;0.1;494.1;completed
11161;30-11-2025;magnus.andersen64@gmail.com;DK;store;BAG-302;Trek pack 60L;1;1499;0.15;1274.15;completed
11342;30-11-2025;ida.petersen89@outlook.dk;DK;web;JKT-101;Shell jacket;2;1299;0.0;2598.0;completed
11342;30-11-2025;ida.petersen89@outlook.dk;DK;web;ACC-402;Beanie;1;199;0.0;199.0;completed
11707;30-11-2025;Emil.Nielsen59@Hotmail.Com;DK;web;JKT-102;Down jacket;1;1899;0.1;1709.1;completed
11707;30-11-2025;emil.nielsen59@hotmail.com;DK;web;JKT-101;Shell jacket;2;1299;0.1;2338.2;completed
12306;30-11-2025;Anna.Rasmussen81@Hotmail.Com;DK;store;ACC-401;Merino socks;1;129;0.15;109.65;completed
10299;01-12-2025;Freja.Nielsen97@Outlook.Dk;DE;app;JKT-102;Down jacket;1;1899;0.0;1899.0;completed
10299;01-12-2025;freja.nielsen97@outlook.dk;DE;app;ACC-401;Merino socks;1;129;0.0;129.0;completed
10299;01-12-2025;freja.nielsen97@outlook.dk;DE;app;ACC-402;Beanie;1;199;0.0;199.0;completed
11802;01-12-2025;laura.pedersen42@outlook.dk;NO;web;BOT-201;Hiking boots;2;1099;0.15;1868.3;completed
11833;01-12-2025;ida.nielsen32@outlook.dk;DK;web;ACC-403;Headlamp;1;349;0.0;349.0;completed
12885;01-12-2025;;DK;web;BAG-302;Trek pack 60L;2;1499;0.0;2998.0;completed
10855;02-12-2025;sofie.larsen27@mail.dk;SE;store;BAG-302;Trek pack 60L;2;1499;0.0;2998.0;completed
10855;02-12-2025;sofie.larsen27@mail.dk;SE;store;BAG-301;Daypack 25L;1;549;0.0;549.0;completed
11098;02-12-2025;lars.pedersen43@mail.dk;SE;app;ACC-403;Headlamp;1;349;0.1;314.1;completed
11157;02-12-2025;anna.jensen83@hotmail.com;DK;web;ACC-403;Headlamp;1;349;0.0;349.0;completed
11618;02-12-2025;oliver.petersen89@hotmail.com;DK;store;ACC-402;Beanie;2;199;0.0;398.0;completed
11628;02-12-2025;emil.jensen31@gmail.com;DE;web;BOT-201;Hiking boots;2;1099;0.0;2198.0;completed
12138;02-12-2025;magnus.madsen75@hotmail.com;NO;web;ACC-401;Merino socks;1;129;0.1;116.1;completed
12138;02-12-2025;Magnus.Madsen75@Hotmail.Com;NO;web;JKT-101;Shell jacket;1;1299;0.1;1169.1;completed
12138;02-12-2025;magnus.madsen75@hotmail.com;NO;web;JKT-102;Down jacket;1;1899;0.1;1709.1;completed
12649;02-12-2025;sofie.andersen13@hotmail.com;DE;web;ACC-402;Beanie;1;199;0.1;179.1;completed
12649;02-12-2025;Sofie.Andersen13@Hotmail.Com;DE;web;ACC-401;Merino socks;1;129;0.1;116.1;completed
10074;03-12-2025;;SE;web;ACC-401;Merino socks;1;129;0.0;129.0;completed
10074;03-12-2025;;SE;web;ACC-403;Headlamp;2;349;0.0;698.0;completed
10736;03-12-2025;Lars.Hansen10@Yahoo.Dk;DK;web;ACC-403;Headlamp;1;349;0.0;349.0;completed
11692;03-12-2025;clara.larsen44@mail.dk;DE;store;JKT-102;Down jacket;2;1899;0.15;3228.3;completed
12133;03-12-2025;mette.madsen70@yahoo.dk;DK;app;ACC-402;Beanie;1;199;0.1;179.1;completed
12133;03-12-2025;Mette.Madsen70@Yahoo.Dk;DK;app;JKT-102;Down jacket;2;1899;0.1;3418.2;completed
12405;03-12-2025;Anna.Pedersen23@Outlook.Dk;NO;app;JKT-101;Shell jacket;2;1299;0.0;2598.0;completed
10294;04-12-2025;laura.andersen94@mail.dk;DK;web;BAG-301;Daypack 25L;1;549;0.1;494.1;completed
10294;04-12-2025;Laura.Andersen94@Mail.Dk;DK;web;ACC-402;Beanie;1;199;0.1;179.1;completed
10504;04-12-2025;anna.andersen23@mail.dk;DK;web;JKT-101;Shell jacket;1;1299;0.0;1299.0;completed
11235;04-12-2025;sofie.larsen17@yahoo.dk;DE;web;SLP-601;Sleeping bag;1;899;0.0;899.0;completed
11235;04-12-2025;sofie.larsen17@yahoo.dk;DE;web;JKT-101;Shell jacket;1;1299;0.0;1299.0;completed
11930;04-12-2025;emil.christensen94@outlook.dk;NO;web;ACC-402;Beanie;1;199;0.0;199.0;completed
11930;04-12-2025;emil.christensen94@outlook.dk;NO;web;ACC-401;Merino socks;2;129;0.0;258.0;completed
12011;04-12-2025;sofie.larsen40@gmail.com;DK;web;TNT-501;2p tent;1;2499;0.1;2249.1;completed
12159;04-12-2025;Sofie.Rasmussen60@Gmail.Com;DK;store;ACC-401;Merino socks;2;129;0.0;258.0;completed
12159;04-12-2025;sofie.rasmussen60@gmail.com;DK;store;BAG-302;Trek pack 60L;1;1499;0.0;1499.0;completed
12971;04-12-2025;sofie.hansen55@mail.dk;NO;web;TNT-501;2p tent;1;2499;0.15;2124.15;completed
12971;04-12-2025;sofie.hansen55@mail.dk;NO;web;ACC-402;Beanie;2;199;0.15;338.3;completed
12971;04-12-2025;sofie.hansen55@mail.dk;NO;web;ACC-401;Merino socks;1;129;0.15;109.65;completed
10640;05-12-2025;ida.rasmussen79@hotmail.com;DK;web;SLP-601;Sleeping bag;1;899;0.15;764.15;completed
12746;05-12-2025;mikkel.pedersen87@gmail.com;DK;app;ACC-403;Headlamp;1;349;0.0;349.0;completed
12746;05-12-2025;mikkel.pedersen87@gmail.com;DK;app;JKT-102;Down jacket;1;1899;0.0;1899.0;completed
12746;05-12-2025;mikkel.pedersen87@gmail.com;DK;app;BOT-201;Hiking boots;1;1099;0.0;1099.0;completed
10162;06-12-2025;anna.petersen40@outlook.dk;SE;app;BAG-301;Daypack 25L;1;549;0.0;549.0;completed
10162;06-12-2025;anna.petersen40@outlook.dk;SE;app;ACC-401;Merino socks;2;129;0.0;258.0;completed
10669;06-12-2025;anna.rasmussen49@mail.dk;DK;web;ACC-402;Beanie;1;199;0.0;199.0;completed
10669;06-12-2025;Anna.Rasmussen49@Mail.Dk;DK;web;ACC-401;Merino socks;1;129;0.0;129.0;completed
11028;06-12-2025;;DE;web;ACC-403;Headlamp;2;349;0.0;698.0;completed
12238;06-12-2025;;DK;app;SLP-601;Sleeping bag;1;899;0.0;899.0;completed
12676;06-12-2025;clara.larsen60@yahoo.dk;SE;store;JKT-101;Shell jacket;2;1299;0.0;2598.0;completed
12676;06-12-2025;clara.larsen60@yahoo.dk;SE;store;BAG-301;Daypack 25L;1;549;0.0;549.0;completed
12747;06-12-2025;mikkel.pedersen87@gmail.com;DK;app;ACC-401;Merino socks;1;129;0.1;116.1;completed
12843;06-12-2025;magnus.petersen57@yahoo.dk;DK;web;ACC-401;Merino socks;1;129;0.0;129.0;completed
10178;07-12-2025;laura.madsen42@gmail.com;DK;web;SLP-601;Sleeping bag;1;899;0.0;899.0;completed
10178;07-12-2025;Laura.Madsen42@Gmail.Com;DK;web;JKT-101;Shell jacket;1;1299;0.0;1299.0;completed
11047;07-12-2025;Emil.Christensen56@Outlook.Dk;SE;web;ACC-403;Headlamp;1;349;0.0;349.0;completed
11461;07-12-2025;Freja.Madsen9@Mail.Dk;DE;store;BAG-302;Trek pack 60L;2;1499;0.15;2548.3;completed
11461;07-12-2025;Freja.Madsen9@Mail.Dk;DE;store;BAG-301;Daypack 25L;1;549;0.15;466.65;completed
11598;07-12-2025;;DK;web;BAG-302;Trek pack 60L;1;1499;0.0;1499.0;completed
11598;07-12-2025;;DK;web;ACC-402;Beanie;1;199;0.0;199.0;completed
11812;07-12-2025;magnus.madsen38@yahoo.dk;DK;app;JKT-101;Shell jacket;2;1299;0.0;2598.0;completed
11812;07-12-2025;magnus.madsen38@yahoo.dk;DK;app;TNT-501;2p tent;1;2499;0.0;2499.0;completed
10075;08-12-2025;freja.jensen46@mail.dk;SE;web;ACC-403;Headlamp;1;349;0.1;314.1;completed
10179;08-12-2025;Laura.Madsen42@Gmail.Com;DK;web;BAG-302;Trek pack 60L;2;1499;0.0;2998.0;completed
10179;08-12-2025;laura.madsen42@gmail.com;DK;web;ACC-401;Merino socks;2;129;0.0;258.0;completed
10396;08-12-2025;laura.jensen16@yahoo.dk;DK;web;BAG-302;Trek pack 60L;1;1499;0.1;1349.1;completed
10396;08-12-2025;laura.jensen16@yahoo.dk;DK;web;BAG-301;Daypack 25L;1;549;0.1;494.1;completed
10396;08-12-2025;laura.jensen16@yahoo.dk;DK;web;ACC-403;Headlamp;1;349;0.1;314.1;completed
10947;08-12-2025;clara.hansen83@gmail.com;DE;web;SLP-601;Sleeping bag;2;899;0.0;1798.0;completed
11090;08-12-2025;sofie.larsen31@hotmail.com;DK;web;BAG-302;Trek pack 60L;2;1499;0.0;2998.0;completed
10976;09-12-2025;oliver.christensen51@yahoo.dk;NO;web;SLP-601;Sleeping bag;1;899;0.15;764.15;completed
10976;09-12-2025;Oliver.Christensen51@Yahoo.Dk;NO;web;JKT-101;Shell jacket;2;1299;0.15;2208.3;completed
11012;09-12-2025;lars.madsen18@outlook.dk;SE;web;ACC-403;Headlamp;1;349;0.15;296.65;completed
11162;09-12-2025;Magnus.Andersen64@Gmail.Com;DK;store;ACC-402;Beanie;1;199;0.1;179.1;completed
11591;09-12-2025;freja.rasmussen51@mail.dk;DK;web;BAG-301;Daypack 25L;1;549;0.0;549.0;completed
11675;09-12-2025;anna.nielsen75@outlook.dk;NO;web;JKT-101;Shell jacket;2;1299;0.0;2598.0;completed
11675;09-12-2025;Anna.Nielsen75@Outlook.Dk;NO;web;SLP-601;Sleeping bag;1;899;0.0;899.0;completed
12972;09-12-2025;sofie.hansen55@mail.dk;NO;web;ACC-402;Beanie;1;199;0.1;179.1;completed
10295;10-12-2025;Laura.Andersen94@Mail.Dk;DK;web;ACC-401;Merino socks;1;129;0.15;109.65;completed
10295;10-12-2025;Laura.Andersen94@Mail.Dk;DK;web;BOT-201;Hiking boots;2;1099;0.15;1868.3;completed
10295;10-12-2025;laura.andersen94@mail.dk;DK;web;BAG-302;Trek pack 60L;2;1499;0.15;2548.3;completed
10629;10-12-2025;noah.nielsen83@hotmail.com;SE;web;ACC-401;Merino socks;1;129;0.0;129.0;completed
10629;10-12-2025;noah.nielsen83@hotmail.com;SE;web;ACC-403;Headlamp;2;349;0.0;698.0;completed
10629;10-12-2025;noah.nielsen83@hotmail.com;SE;web;SLP-601;Sleeping bag;1;899;0.0;899.0;completed
10776;10-12-2025;mette.jensen21@gmail.com;DE;web;ACC-403;Headlamp;1;349;0.0;349.0;completed
10776;10-12-2025;Mette.Jensen21@Gmail.Com;DE;web;ACC-402;Beanie;1;199;0.0;199.0;completed
10948;10-12-2025;clara.hansen83@gmail.com;DE;web;ACC-402;Beanie;1;199;0.0;199.0;completed
11884;10-12-2025;;DE;web;SLP-601;Sleeping bag;2;899;0.1;1618.2;completed
11884;10-12-2025;;DE;web;ACC-401;Merino socks;1;129;0.1;116.1;completed
11884;10-12-2025;;DE;web;ACC-402;Beanie;1;199;0.1;179.1;completed
12462;10-12-2025;sara.petersen89@hotmail.com;DK;store;ACC-401;Merino socks;1;129;0.0;129.0;completed
12462;10-12-2025;sara.petersen89@hotmail.com;DK;store;ACC-402;Beanie;1;199;0.0;199.0;completed
12462;10-12-2025;sara.petersen89@hotmail.com;DK;store;BAG-301;Daypack 25L;1;549;0.0;549.0;completed
12973;10-12-2025;sofie.hansen55@mail.dk;NO;web;ACC-402;Beanie;1;199;0.15;169.15;completed
12973;10-12-2025;sofie.hansen55@mail.dk;NO;web;SLP-601;Sleeping bag;1;899;0.15;764.15;completed
10612;11-12-2025;freja.rasmussen60@gmail.com;DE;app;ACC-403;Headlamp;1;349;0.15;296.65;completed
10795;11-12-2025;Ida.Pedersen97@Hotmail.Com;DK;store;ACC-401;Merino socks;1;129;0.0;129.0;completed
10795;11-12-2025;ida.pedersen97@hotmail.com;DK;store;BAG-302;Trek pack 60L;1;1499;0.0;1499.0;completed
11116;11-12-2025;oliver.petersen92@gmail.com;SE;web;BAG-301;Daypack 25L;1;549;0.0;549.0;completed
11462;11-12-2025;freja.madsen9@mail.dk;DE;store;ACC-401;Merino socks;2;129;0.15;219.3;completed
11846;11-12-2025;jonas.christensen85@outlook.dk;DE;web;JKT-101;Shell jacket;1;1299;0.1;1169.1;completed
12272;11-12-2025;mikkel.petersen46@yahoo.dk;DK;web;ACC-402;Beanie;2;199;0.1;358.2;completed
12272;11-12-2025;mikkel.petersen46@yahoo.dk;DK;web;JKT-101;Shell jacket;1;1299;0.1;1169.1;completed
12517;11-12-2025;Emil.Jensen46@Gmail.Com;NO;web;ACC-401;Merino socks;1;129;0.15;109.65;completed
12517;11-12-2025;emil.jensen46@gmail.com;NO;web;BAG-301;Daypack 25L;1;549;0.15;466.65;completed
12703;11-12-2025;lars.christensen2@gmail.com;DE;store;ACC-401;Merino socks;1;129;0.15;109.65;completed
12703;11-12-2025;lars.christensen2@gmail.com;DE;store;SLP-601;Sleeping bag;1;899;0.15;764.15;completed
12703;11-12-2025;Lars.Christensen2@Gmail.Com;DE;store;BOT-201;Hiking boots;1;1099;0.15;934.15;completed
12703;11-12-2025;Lars.Christensen2@Gmail.Com;DE;store;BOT-201;Hiking boots;1;1099;0.15;934.15;completed
13085;11-12-2025;magnus.rasmussen48@gmail.com;DK;web;BAG-301;Daypack 25L;1;549;0.1;494.1;completed
10840;12-12-2025;emil.larsen29@hotmail.com;DK;web;ACC-402;Beanie;2;199;0.0;398.0;completed
10840;12-12-2025;emil.larsen29@hotmail.com;DK;web;JKT-101;Shell jacket;1;1299;0.0;1299.0;completed
11157;12-12-2025;anna.jensen83@hotmail.com;DK;web;ACC-403;Headlamp;-1;349;0.0;-349.0;refunded
12171;12-12-2025;lars.jensen5@hotmail.com;SE;store;ACC-402;Beanie;2;199;0.0;398.0;completed
12171;12-12-2025;lars.jensen5@hotmail.com;SE;store;ACC-401;Merino socks;1;129;0.0;129.0;completed
12171;12-12-2025;lars.jensen5@hotmail.com;SE;store;BAG-301;Daypack 25L;2;549;0.0;1098.0;completed
12203;12-12-2025;Magnus.Christensen95@Yahoo.Dk;DK;app;JKT-101;Shell jacket;1;1299;0.0;1299.0;completed
12748;12-12-2025;mikkel.pedersen87@gmail.com;DK;app;BAG-301;Daypack 25L;2;549;0.1;988.2;completed
12748;12-12-2025;mikkel.pedersen87@gmail.com;DK;app;ACC-402;Beanie;1;199;0.1;179.1;completed
12748;12-12-2025;mikkel.pedersen87@gmail.com;DK;app;ACC-403;Headlamp;1;349;0.1;314.1;completed
12856;12-12-2025;Freja.Andersen34@Outlook.Dk;DE;web;ACC-401;Merino socks;1;129;0.0;129.0;completed
12856;12-12-2025;freja.andersen34@outlook.dk;DE;web;JKT-102;Down jacket;2;1899;0.0;3798.0;completed
12856;12-12-2025;freja.andersen34@outlook.dk;DE;web;BAG-301;Daypack 25L;2;549;0.0;1098.0;completed
13068;12-12-2025;anna.hansen76@hotmail.com;SE;web;ACC-403;Headlamp;2;349;0.1;628.2;completed
13068;12-12-2025;anna.hansen76@hotmail.com;SE;web;ACC-401;Merino socks;1;129;0.1;116.1;completed
13068;12-12-2025;anna.hansen76@hotmail.com;SE;web;JKT-101;Shell jacket;2;1299;0.1;2338.2;completed
10904;13-12-2025;jonas.christensen57@gmail.com;DK;app;SLP-601;Sleeping bag;1;899;0.0;899.0;completed
10904;13-12-2025;jonas.christensen57@gmail.com;DK;app;BOT-201;Hiking boots;1;1099;0.0;1099.0;completed
11235;13-12-2025;sofie.larsen17@yahoo.dk;DE;web;SLP-601;Sleeping bag;-1;899;0.0;-899.0;refunded
11295;13-12-2025;emil.petersen44@outlook.dk;NO;web;BAG-301;Daypack 25L;1;549;0.0;549.0;completed
10558;14-12-2025;noah.christensen30@hotmail.com;DK;web;ACC-402;Beanie;1;199;0.15;169.15;completed
10558;14-12-2025;noah.christensen30@hotmail.com;DK;web;ACC-403;Headlamp;1;349;0.15;296.65;completed
10558;14-12-2025;noah.christensen30@hotmail.com;DK;web;JKT-101;Shell jacket;1;1299;0.15;1104.15;completed
11023;14-12-2025;noah.larsen39@outlook.dk;DK;web;ACC-401;Merino socks;1;129;0.15;109.65;completed
11023;14-12-2025;noah.larsen39@outlook.dk;DK;web;BAG-302;Trek pack 60L;1;1499;0.15;1274.15;completed
11263;14-12-2025;jonas.andersen30@hotmail.com;DK;web;ACC-402;Beanie;2;199;0.0;398.0;completed
11355;14-12-2025;Mette.Rasmussen93@Outlook.Dk;DE;web;JKT-102;Down jacket;2;1899;0.1;3418.2;completed
11355;14-12-2025;mette.rasmussen93@outlook.dk;DE;web;ACC-403;Headlamp;2;349;0.1;628.2;completed
11736;14-12-2025;;SE;web;ACC-401;Merino socks;1;129;0.0;129.0;completed
11736;14-12-2025;;SE;web;TNT-501;2p tent;2;2499;0.0;4998.0;completed
11813;14-12-2025;Magnus.Madsen38@Yahoo.Dk;DK;app;TNT-501;2p tent;1;2499;0.0;2499.0;completed
11891;14-12-2025;Mikkel.Rasmussen12@Yahoo.Dk;DK;web;ACC-401;Merino socks;1;129;0.15;109.65;completed
11891;14-12-2025;mikkel.rasmussen12@yahoo.dk;DK;web;JKT-102;Down jacket;1;1899;0.15;1614.15;completed
12974;14-12-2025;sofie.hansen55@mail.dk;NO;web;BOT-201;Hiking boots;2;1099;0.0;2198.0;completed
12974;14-12-2025;sofie.hansen55@mail.dk;NO;web;JKT-101;Shell jacket;1;1299;0.0;1299.0;completed
12974;14-12-2025;sofie.hansen55@mail.dk;NO;web;JKT-102;Down jacket;1;1899;0.0;1899.0;completed
10613;15-12-2025;Freja.Rasmussen60@Gmail.Com;DE;app;JKT-101;Shell jacket;1;1299;0.1;1169.1;completed
10991;15-12-2025;jonas.jensen20@outlook.dk;DK;web;ACC-401;Merino socks;2;129;0.0;258.0;completed
11655;15-12-2025;Laura.Nielsen55@Outlook.Dk;DE;app;SLP-601;Sleeping bag;2;899;0.0;1798.0;completed
11737;15-12-2025;magnus.hansen64@mail.dk;SE;web;BOT-201;Hiking boots;1;1099;0.0;1099.0;completed
11847;15-12-2025;jonas.christensen85@outlook.dk;DE;web;BAG-301;Daypack 25L;1;549;0.0;549.0;completed
11983;15-12-2025;jonas.jensen60@gmail.com;DK;web;ACC-403;Headlamp;2;349;0.0;698.0;completed
10110;16-12-2025;sofie.madsen52@hotmail.com;DK;web;JKT-101;Shell jacket;2;1299;0.1;2338.2;completed
10110;16-12-2025;sofie.madsen52@hotmail.com;DK;web;JKT-102;Down jacket;1;1899;0.1;1709.1;completed
10266;16-12-2025;emil.christensen70@mail.dk;DK;web;ACC-402;Beanie;1;199;0.0;199.0;completed
10266;16-12-2025;emil.christensen70@mail.dk;DK;web;SLP-601;Sleeping bag;1;899;0.0;899.0;completed
11783;16-12-2025;oliver.pedersen53@hotmail.com;SE;web;BAG-301;Daypack 25L;1;549;0.0;549.0;completed
11783;16-12-2025;oliver.pedersen53@hotmail.com;SE;web;JKT-101;Shell jacket;2;1299;0.0;2598.0;completed
12057;16-12-2025;Jonas.Hansen80@Yahoo.Dk;DK;web;ACC-401;Merino socks;1;129;0.15;109.65;completed
12057;16-12-2025;Jonas.Hansen80@Yahoo.Dk;DK;web;JKT-101;Shell jacket;1;1299;0.15;1104.15;completed
12319;16-12-2025;Anna.Hansen35@Yahoo.Dk;DK;web;ACC-401;Merino socks;1;129;0.0;129.0;completed
12319;16-12-2025;anna.hansen35@yahoo.dk;DK;web;TNT-501;2p tent;2;2499;0.0;4998.0;completed
12814;16-12-2025;lars.andersen88@hotmail.com;NO;store;ACC-402;Beanie;1;199;0.15;169.15;completed
10200;17-12-2025;sofie.petersen24@gmail.com;DK;web;BOT-201;Hiking boots;1;1099;0.15;934.15;completed
10513;17-12-2025;magnus.jensen28@gmail.com;NO;web;ACC-403;Headlamp;1;349;0.1;314.1;completed
10513;17-12-2025;Magnus.Jensen28@Gmail.Com;NO;web;JKT-101;Shell jacket;2;1299;0.1;2338.2;completed
10513;17-12-2025;magnus.jensen28@gmail.com;NO;web;ACC-401;Merino socks;1;129;0.1;116.1;completed
10550;17-12-2025;Emil.Andersen91@Outlook.Dk;DK;web;BOT-201;Hiking boots;1;1099;0.0;1099.0;completed
10696;17-12-2025;emil.rasmussen36@gmail.com;DK;web;JKT-101;Shell jacket;1;1299;0.0;1299.0;completed
10696;17-12-2025;emil.rasmussen36@gmail.com;DK;web;ACC-401;Merino socks;2;129;0.0;258.0;completed
10696;17-12-2025;emil.rasmussen36@gmail.com;DK;web;BAG-301;Daypack 25L;1;549;0.0;549.0;completed
11081;17-12-2025;sofie.madsen46@yahoo.dk;SE;web;ACC-402;Beanie;1;199;0.1;179.1;completed
11329;17-12-2025;;DK;web;JKT-101;Shell jacket;1;1299;0.0;1299.0;completed
11329;17-12-2025;;DK;web;ACC-403;Headlamp;1;349;0.0;349.0;completed
11559;17-12-2025;emil.andersen65@mail.dk;NO;app;BAG-302;Trek pack 60L;1;1499;0.1;1349.1;completed
11559;17-12-2025;emil.andersen65@mail.dk;NO;app;ACC-402;Beanie;1;199;0.1;179.1;completed
11559;17-12-2025;Emil.Andersen65@Mail.Dk;NO;app;JKT-101;Shell jacket;1;1299;0.1;1169.1;completed
11745;17-12-2025;sara.jensen58@gmail.com;SE;web;BOT-201;Hiking boots;2;1099;0.0;2198.0;completed
12353;17-12-2025;mikkel.madsen8@gmail.com;DE;web;SLP-601;Sleeping bag;1;899;0.0;899.0;completed
12353;17-12-2025;mikkel.madsen8@gmail.com;DE;web;ACC-401;Merino socks;1;129;0.0;129.0;completed
12518;17-12-2025;emil.jensen46@gmail.com;NO;web;ACC-403;Headlamp;2;349;0.0;698.0;completed
10083;18-12-2025;Clara.Andersen44@Mail.Dk;DK;web;BOT-201;Hiking boots;1;1099;0.15;934.15;completed
11437;18-12-2025;ida.hansen35@yahoo.dk;DK;web;ACC-401;Merino socks;1;129;0.0;129.0;completed
11500;18-12-2025;laura.hansen12@outlook.dk;DK;web;ACC-403;Headlamp;2;349;0.0;698.0;completed
11560;18-12-2025;emil.andersen65@mail.dk;NO;app;BAG-301;Daypack 25L;2;549;0.0;1098.0;completed
11560;18-12-2025;emil.andersen65@mail.dk;NO;app;ACC-401;Merino socks;1;129;0.0;129.0;completed
11747;18-12-2025;sara.rasmussen91@mail.dk;NO;app;JKT-101;Shell jacket;1;1299;0.0;1299.0;completed
11759;18-12-2025;Anna.Nielsen41@Mail.Dk;DK;web;TNT-501;2p tent;2;2499;0.0;4998.0;completed
13086;18-12-2025;magnus.rasmussen48@gmail.com;DK;web;ACC-401;Merino socks;1;129;0.0;129.0;completed
10003;19-12-2025;anna.madsen77@yahoo.dk;DK;app;BAG-302;Trek pack 60L;1;1499;0.0;1499.0;completed
10003;19-12-2025;anna.madsen77@yahoo.dk;DK;app;JKT-102;Down jacket;1;1899;0.0;1899.0;completed
10630;19-12-2025;Noah.Nielsen83@Hotmail.Com;SE;web;BAG-301;Daypack 25L;1;549;0.1;494.1;completed
10650;19-12-2025;anna.andersen7@gmail.com;DE;app;ACC-403;Headlamp;2;349;0.0;698.0;completed
10650;19-12-2025;anna.andersen7@gmail.com;DE;app;ACC-401;Merino socks;1;129;0.0;129.0;completed
10650;19-12-2025;Anna.Andersen7@Gmail.Com;DE;app;ACC-402;Beanie;2;199;0.0;398.0;completed
11154;19-12-2025;clara.madsen78@hotmail.com;DK;app;ACC-402;Beanie;1;199;0.15;169.15;completed
11236;19-12-2025;sofie.larsen17@yahoo.dk;DE;web;SLP-601;Sleeping bag;1;899;0.15;764.15;completed
11321;19-12-2025;Sofie.Larsen28@Outlook.Dk;SE;web;ACC-402;Beanie;1;199;0.0;199.0;completed
11561;19-12-2025;;NO;app;ACC-401;Merino socks;1;129;0.15;109.65;completed
11561;19-12-2025;;NO;app;BAG-302;Trek pack 60L;1;1499;0.15;1274.15;completed
11561;19-12-2025;;NO;app;ACC-402;Beanie;2;199;0.15;338.3;completed
11770;19-12-2025;lars.larsen42@mail.dk;DK;store;BAG-301;Daypack 25L;2;549;0.15;933.3;completed
12685;19-12-2025;Sara.Larsen14@Hotmail.Com;DE;web;BOT-201;Hiking boots;2;1099;0.0;2198.0;completed
12685;19-12-2025;sara.larsen14@hotmail.com;DE;web;ACC-403;Headlamp;2;349;0.0;698.0;completed
12685;19-12-2025;sara.larsen14@hotmail.com;DE;web;ACC-403;Headlamp;2;349;0.0;698.0;completed
10499;20-12-2025;;SE;store;JKT-102;Down jacket;1;1899;0.0;1899.0;completed
10647;20-12-2025;noah.larsen9@yahoo.dk;NO;web;ACC-401;Merino socks;1;129;0.0;129.0;completed
10647;20-12-2025;noah.larsen9@yahoo.dk;NO;web;ACC-403;Headlamp;2;349;0.0;698.0;completed
10647;20-12-2025;noah.larsen9@yahoo.dk;NO;web;SLP-601;Sleeping bag;1;899;0.0;899.0;completed
11237;20-12-2025;sofie.larsen17@yahoo.dk;DE;web;ACC-403;Headlamp;2;349;0.0;698.0;completed
11305;20-12-2025;noah.christensen98@gmail.com;NO;web;JKT-101;Shell jacket;2;1299;0.0;2598.0;completed
11305;20-12-2025;Noah.Christensen98@Gmail.Com;NO;web;ACC-401;Merino socks;2;129;0.0;258.0;completed
11483;20-12-2025;noah.larsen24@outlook.dk;NO;web;ACC-403;Headlamp;1;349;0.15;296.65;completed
11483;20-12-2025;noah.larsen24@outlook.dk;NO;web;ACC-402;Beanie;1;199;0.15;169.15;completed
12172;20-12-2025;clara.pedersen62@outlook.dk;DE;store;BAG-301;Daypack 25L;1;549;0.0;549.0;completed
12844;20-12-2025;magnus.petersen57@yahoo.dk;DK;web;ACC-401;Merino socks;1;129;0.0;129.0;completed
12904;20-12-2025;mette.andersen9@hotmail.com;DK;store;ACC-403;Headlamp;1;349;0.0;349.0;completed
10450;21-12-2025;emil.nielsen92@yahoo.dk;DK;web;ACC-401;Merino socks;1;129;0.0;129.0;completed
11082;21-12-2025;Sofie.Madsen46@Yahoo.Dk;SE;web;ACC-402;Beanie;1;199;0.0;199.0;completed
11132;21-12-2025;Noah.Hansen49@Gmail.Com;DE;web;JKT-101;Shell jacket;1;1299;0.0;1299.0;completed
11132;21-12-2025;noah.hansen49@gmail.com;DE;web;BAG-302;Trek pack 60L;1;1499;0.0;1499.0;completed
11633;21-12-2025;Ida.Larsen62@Yahoo.Dk;DK;store;ACC-402;Beanie;1;199;0.15;169.15;completed
12176;21-12-2025;emil.pedersen85@gmail.com;DK;store;TNT-501;2p tent;1;2499;0.0;2499.0;completed
10770;22-12-2025;magnus.hansen76@yahoo.dk;SE;web;SLP-601;Sleeping bag;2;899;0.15;1528.3;completed
10770;22-12-2025;magnus.hansen76@yahoo.dk;SE;web;ACC-402;Beanie;2;199;0.15;338.3;completed
10770;22-12-2025;magnus.hansen76@yahoo.dk;SE;web;SLP-601;Sleeping bag;2;899;0.15;1528.3;completed
10973;22-12-2025;laura.pedersen76@yahoo.dk;SE;app;ACC-403;Headlamp;1;349;0.15;296.65;completed
11034;22-12-2025;sara.petersen84@yahoo.dk;DK;web;SLP-601;Sleeping bag;2;899;0.1;1618.2;completed
11479;22-12-2025;sofie.pedersen55@hotmail.com;DE;store;JKT-101;Shell jacket;1;1299;0.0;1299.0;completed
11848;22-12-2025;;DE;web;ACC-403;Headlamp;1;349;0.0;349.0;completed
12426;22-12-2025;lars.nielsen39@yahoo.dk;DK;web;ACC-403;Headlamp;1;349;0.0;349.0;completed
12426;22-12-2025;lars.nielsen39@yahoo.dk;DK;web;ACC-401;Merino socks;1;129;0.0;129.0;completed
12671;22-12-2025;laura.madsen65@hotmail.com;DK;web;ACC-402;Beanie;1;199;0.0;199.0;completed
10526;23-12-2025;freja.petersen13@mail.dk;DE;store;ACC-402;Beanie;2;199;0.0;398.0;completed
10526;23-12-2025;freja.petersen13@mail.dk;DE;store;ACC-402;Beanie;2;199;0.0;398.0;completed
10771;23-12-2025;magnus.hansen76@yahoo.dk;SE;web;BOT-201;Hiking boots;1;1099;0.1;989.1;completed
10771;23-12-2025;magnus.hansen76@yahoo.dk;SE;web;BAG-301;Daypack 25L;1;549;0.1;494.1;completed
10771;23-12-2025;Magnus.Hansen76@Yahoo.Dk;SE;web;ACC-401;Merino socks;2;129;0.1;232.2;completed
11599;23-12-2025;Lars.Petersen75@Yahoo.Dk;DK;web;ACC-402;Beanie;1;199;0.0;199.0;completed
11599;23-12-2025;lars.petersen75@yahoo.dk;DK;web;ACC-401;Merino socks;1;129;0.0;129.0;completed
11814;23-12-2025;magnus.madsen38@yahoo.dk;DK;app;ACC-402;Beanie;1;199;0.1;179.1;completed
12877;23-12-2025;clara.petersen74@yahoo.dk;NO;web;BAG-301;Daypack 25L;1;549;0.15;466.65;completed
10064;24-12-2025;jonas.rasmussen78@outlook.dk;NO;web;BOT-201;Hiking boots;2;1099;0.1;1978.2;completed
11562;24-12-2025;;NO;app;ACC-401;Merino socks;1;129;0.1;116.1;completed
11562;24-12-2025;;NO;app;ACC-403;Headlamp;1;349;0.1;314.1;completed
11722;24-12-2025;sofie.larsen72@gmail.com;NO;web;ACC-402;Beanie;2;199;0.1;358.2;completed
11722;24-12-2025;sofie.larsen72@gmail.com;NO;web;ACC-401;Merino socks;1;129;0.1;116.1;completed
11722;24-12-2025;sofie.larsen72@gmail.com;NO;web;TNT-501;2p tent;1;2499;0.1;2249.1;completed
12914;24-12-2025;mette.pedersen62@mail.dk;DK;store;ACC-401;Merino socks;1;129;0.1;116.1;completed
11083;25-12-2025;Sofie.Madsen46@Yahoo.Dk;SE;web;SLP-601;Sleeping bag;2;899;0.0;1798.0;completed
11215;25-12-2025;Jonas.Jensen97@Gmail.Com;DK;web;ACC-402;Beanie;1;199;0.15;169.15;completed
11353;25-12-2025;Ida.Andersen96@Mail.Dk;DK;web;ACC-401;Merino socks;1;129;0.0;129.0;completed
11353;25-12-2025;ida.andersen96@mail.dk;DK;web;ACC-402;Beanie;1;199;0.0;199.0;completed
11363;25-12-2025;oliver.andersen58@yahoo.dk;DK;store;SLP-601;Sleeping bag;2;899;0.0;1798.0;completed
12260;25-12-2025;laura.larsen77@gmail.com;DK;web;ACC-401;Merino socks;1;129;0.1;116.1;completed
12260;25-12-2025;laura.larsen77@gmail.com;DK;web;BOT-201;Hiking boots;1;1099;0.1;989.1;completed
12260;25-12-2025;laura.larsen77@gmail.com;DK;web;TNT-501;2p tent;1;2499;0.1;2249.1;completed
10905;26-12-2025;jonas.christensen57@gmail.com;DK;app;ACC-403;Headlamp;2;349;0.15;593.3;completed
10905;26-12-2025;jonas.christensen57@gmail.com;DK;app;JKT-101;Shell jacket;2;1299;0.15;2208.3;completed
10905;26-12-2025;jonas.christensen57@gmail.com;DK;app;ACC-401;Merino socks;1;129;0.15;109.65;completed
11533;26-12-2025;jonas.larsen64@hotmail.com;DK;store;ACC-402;Beanie;2;199;0.0;398.0;completed
11533;26-12-2025;jonas.larsen64@hotmail.com;DK;store;JKT-101;Shell jacket;1;1299;0.0;1299.0;completed
12915;26-12-2025;mette.pedersen62@mail.dk;DK;store;ACC-403;Headlamp;1;349;0.0;349.0;completed
10149;27-12-2025;noah.pedersen43@hotmail.com;DK;web;ACC-401;Merino socks;1;129;0.0;129.0;completed
10354;27-12-2025;anna.petersen61@gmail.com;NO;web;BOT-201;Hiking boots;1;1099;0.0;1099.0;completed
10384;27-12-2025;Clara.Andersen46@Outlook.Dk;DE;web;BOT-201;Hiking boots;2;1099;0.15;1868.3;completed
11322;27-12-2025;sofie.larsen28@outlook.dk;SE;web;ACC-402;Beanie;1;199;0.15;169.15;completed
12320;27-12-2025;anna.hansen35@yahoo.dk;DK;web;BAG-302;Trek pack 60L;1;1499;0.1;1349.1;completed
12320;27-12-2025;anna.hansen35@yahoo.dk;DK;web;ACC-402;Beanie;1;199;0.1;179.1;completed
12415;27-12-2025;oliver.madsen35@yahoo.dk;SE;store;JKT-101;Shell jacket;1;1299;0.0;1299.0;completed
12415;27-12-2025;oliver.madsen35@yahoo.dk;SE;store;ACC-403;Headlamp;1;349;0.0;349.0;completed
12415;27-12-2025;oliver.madsen35@yahoo.dk;SE;store;BAG-302;Trek pack 60L;1;1499;0.0;1499.0;completed
12415;27-12-2025;oliver.madsen35@yahoo.dk;SE;store;BAG-302;Trek pack 60L;1;1499;0.0;1499.0;completed
10274;28-12-2025;jonas.madsen44@mail.dk;SE;app;ACC-401;Merino socks;1;129;0.15;109.65;completed
11117;28-12-2025;oliver.petersen92@gmail.com;SE;web;ACC-402;Beanie;2;199;0.0;398.0;completed
11356;28-12-2025;mette.rasmussen93@outlook.dk;DE;web;ACC-401;Merino socks;1;129;0.1;116.1;completed
11356;28-12-2025;mette.rasmussen93@outlook.dk;DE;web;JKT-101;Shell jacket;2;1299;0.1;2338.2;completed
12058;28-12-2025;Jonas.Hansen80@Yahoo.Dk;DK;web;SLP-601;Sleeping bag;1;899;0.1;809.1;completed
12058;28-12-2025;jonas.hansen80@yahoo.dk;DK;web;ACC-401;Merino socks;1;129;0.1;116.1;completed
12058;28-12-2025;jonas.hansen80@yahoo.dk;DK;web;JKT-101;Shell jacket;1;1299;0.1;1169.1;completed
12699;28-12-2025;lars.nielsen25@gmail.com;NO;store;ACC-402;Beanie;2;199;0.0;398.0;completed
12699;28-12-2025;lars.nielsen25@gmail.com;NO;store;ACC-401;Merino socks;1;129;0.0;129.0;completed
10465;29-12-2025;anna.madsen44@gmail.com;NO;store;ACC-402;Beanie;2;199;0.1;358.2;completed
10533;29-12-2025;Jonas.Madsen43@Yahoo.Dk;NO;web;ACC-401;Merino socks;1;129;0.15;109.65;completed
10533;29-12-2025;jonas.madsen43@yahoo.dk;NO;web;ACC-403;Headlamp;2;349;0.15;593.3;completed
10706;29-12-2025;oliver.madsen53@gmail.com;DK;store;ACC-401;Merino socks;1;129;0.0;129.0;completed
11392;29-12-2025;;DE;web;ACC-401;Merino socks;1;129;0.1;116.1;completed
11392;29-12-2025;;DE;web;BOT-201;Hiking boots;1;1099;0.1;989.1;completed
11636;29-12-2025;Sofie.Nielsen96@Gmail.Com;NO;web;ACC-402;Beanie;1;199;0.0;199.0;completed
11636;29-12-2025;Sofie.Nielsen96@Gmail.Com;NO;web;ACC-401;Merino socks;2;129;0.0;258.0;completed
11636;29-12-2025;sofie.nielsen96@gmail.com;NO;web;ACC-403;Headlamp;1;349;0.0;349.0;completed
11723;29-12-2025;sofie.larsen72@gmail.com;NO;web;TNT-501;2p tent;1;2499;0.1;2249.1;completed
11723;29-12-2025;Sofie.Larsen72@Gmail.Com;NO;web;ACC-401;Merino socks;1;129;0.1;116.1;completed
11723;29-12-2025;sofie.larsen72@gmail.com;NO;web;BAG-301;Daypack 25L;1;549;0.1;494.1;completed
11742;29-12-2025;mette.jensen45@hotmail.com;DE;store;BAG-301;Daypack 25L;1;549;0.0;549.0;completed
11742;29-12-2025;mette.jensen45@hotmail.com;DE;store;ACC-403;Headlamp;1;349;0.0;349.0;completed
11909;29-12-2025;clara.petersen91@outlook.dk;NO;web;ACC-401;Merino socks;2;129;0.0;258.0;completed
12916;29-12-2025;mette.pedersen62@mail.dk;DK;store;BOT-201;Hiking boots;1;1099;0.1;989.1;completed
13072;29-12-2025;anna.hansen73@mail.dk;DK;web;SLP-601;Sleeping bag;1;899;0.0;899.0;completed
11309;30-12-2025;clara.madsen42@mail.dk;DK;web;TNT-501;2p tent;1;2499;0.1;2249.1;completed
11387;30-12-2025;mette.andersen74@mail.dk;DK;app;ACC-402;Beanie;1;199;0.15;169.15;completed
11534;30-12-2025;jonas.larsen64@hotmail.com;DK;store;ACC-402;Beanie;2;199;0.0;398.0;completed
11534;30-12-2025;Jonas.Larsen64@Hotmail.Com;DK;store;BAG-301;Daypack 25L;1;549;0.0;549.0;completed
11534;30-12-2025;jonas.larsen64@hotmail.com;DK;store;ACC-401;Merino socks;1;129;0.0;129.0;completed
12719;30-12-2025;Freja.Pedersen44@Yahoo.Dk;DK;web;BAG-302;Trek pack 60L;1;1499;0.0;1499.0;completed
12857;30-12-2025;Freja.Andersen34@Outlook.Dk;DE;web;ACC-402;Beanie;1;199;0.15;169.15;completed
10535;31-12-2025;freja.rasmussen71@outlook.dk;SE;store;ACC-402;Beanie;1;199;0.0;199.0;completed
10590;31-12-2025;freja.pedersen73@mail.dk;DK;web;ACC-402;Beanie;2;199;0.0;398.0;completed
10590;31-12-2025;Freja.Pedersen73@Mail.Dk;DK;web;ACC-403;Headlamp;1;349;0.0;349.0;completed
10617;31-12-2025;mette.petersen16@yahoo.dk;DE;web;SLP-601;Sleeping bag;1;899;0.0;899.0;completed
10617;31-12-2025;mette.petersen16@yahoo.dk;DE;web;ACC-401;Merino socks;1;129;0.0;129.0;completed
10707;31-12-2025;oliver.madsen53@gmail.com;DK;store;TNT-501;2p tent;2;2499;0.1;4498.2;completed
10707;31-12-2025;oliver.madsen53@gmail.com;DK;store;JKT-101;Shell jacket;1;1299;0.1;1169.1;completed
11408;31-12-2025;emil.hansen28@hotmail.com;NO;web;ACC-401;Merino socks;1;129;0.1;116.1;completed
11656;31-12-2025;laura.nielsen55@outlook.dk;DE;app;ACC-403;Headlamp;2;349;0.1;628.2;completed
11849;31-12-2025;Jonas.Christensen85@Outlook.Dk;DE;web;ACC-401;Merino socks;2;129;0.0;258.0;completed
11849;31-12-2025;jonas.christensen85@outlook.dk;DE;web;ACC-402;Beanie;2;199;0.0;398.0;completed
12303;31-12-2025;freja.hansen62@hotmail.com;NO;web;BOT-201;Hiking boots;1;1099;0.1;989.1;completed
12303;31-12-2025;Freja.Hansen62@Hotmail.Com;NO;web;ACC-401;Merino socks;1;129;0.1;116.1;completed
10163;01-01-2026;anna.petersen40@outlook.dk;SE;app;BAG-302;Trek pack 60L;2;1499;0.0;2998.0;completed
10553;01-01-2026;emil.petersen28@outlook.dk;DK;store;ACC-402;Beanie;1;199;0.0;199.0;completed
10553;01-01-2026;emil.petersen28@outlook.dk;DK;store;JKT-102;Down jacket;1;1899;0.0;1899.0;completed
10625;01-01-2026;oliver.petersen10@hotmail.com;DK;app;ACC-401;Merino socks;1;129;0.15;109.65;completed
11075;01-01-2026;Freja.Andersen75@Hotmail.Com;SE;app;ACC-401;Merino socks;2;129;0.1;232.2;completed
11295;01-01-2026;emil.petersen44@outlook.dk;NO;web;BAG-301;Daypack 25L;-1;549;0.0;-549.0;refunded
11386;01-01-2026;Clara.Nielsen24@Yahoo.Dk;DK;web;ACC-402;Beanie;1;199;0.15;169.15;completed
11761;01-01-2026;mikkel.rasmussen64@mail.dk;DK;web;ACC-403;Headlamp;1;349;0.15;296.65;completed
11761;01-01-2026;Mikkel.Rasmussen64@Mail.Dk;DK;web;BAG-301;Daypack 25L;1;549;0.15;466.65;completed
11761;01-01-2026;mikkel.rasmussen64@mail.dk;DK;web;JKT-101;Shell jacket;1;1299;0.15;1104.15;completed
11850;01-01-2026;jonas.christensen85@outlook.dk;DE;web;ACC-401;Merino socks;1;129;0.0;129.0;completed
11850;01-01-2026;jonas.christensen85@outlook.dk;DE;web;BAG-301;Daypack 25L;2;549;0.0;1098.0;completed
11850;01-01-2026;jonas.christensen85@outlook.dk;DE;web;BAG-301;Daypack 25L;2;549;0.0;1098.0;completed
12437;01-01-2026;Lars.Rasmussen31@Mail.Dk;DE;web;SLP-601;Sleeping bag;1;899;0.0;899.0;completed
12437;01-01-2026;Lars.Rasmussen31@Mail.Dk;DE;web;BAG-302;Trek pack 60L;1;1499;0.0;1499.0;completed
12596;01-01-2026;freja.larsen75@mail.dk;DK;web;BAG-301;Daypack 25L;2;549;0.15;933.3;completed
12596;01-01-2026;Freja.Larsen75@Mail.Dk;DK;web;ACC-402;Beanie;1;199;0.15;169.15;completed
12596;01-01-2026;Freja.Larsen75@Mail.Dk;DK;web;BAG-302;Trek pack 60L;1;1499;0.15;1274.15;completed
12771;01-01-2026;anna.petersen1@gmail.com;NO;web;BAG-301;Daypack 25L;2;549;0.0;1098.0;completed
12771;01-01-2026;anna.petersen1@gmail.com;NO;web;BOT-201;Hiking boots;1;1099;0.0;1099.0;completed
12771;01-01-2026;anna.petersen1@gmail.com;NO;web;BAG-302;Trek pack 60L;1;1499;0.0;1499.0;completed
10856;02-01-2026;sofie.larsen27@mail.dk;SE;store;ACC-402;Beanie;2;199;0.0;398.0;completed
10856;02-01-2026;sofie.larsen27@mail.dk;SE;store;BAG-301;Daypack 25L;1;549;0.0;549.0;completed
10913;02-01-2026;sara.larsen14@gmail.com;DK;app;BAG-301;Daypack 25L;1;549;0.0;549.0;completed
10913;02-01-2026;Sara.Larsen14@Gmail.Com;DK;app;TNT-501;2p tent;1;2499;0.0;2499.0;completed
10913;02-01-2026;sara.larsen14@gmail.com;DK;app;SLP-601;Sleeping bag;1;899;0.0;899.0;completed
11373;02-01-2026;Jonas.Hansen35@Yahoo.Dk;DK;web;ACC-402;Beanie;1;199;0.0;199.0;completed
11373;02-01-2026;Jonas.Hansen35@Yahoo.Dk;DK;web;BAG-301;Daypack 25L;1;549;0.0;549.0;completed
11762;02-01-2026;oliver.larsen91@outlook.dk;DK;store;JKT-101;Shell jacket;1;1299;0.0;1299.0;completed
11762;02-01-2026;oliver.larsen91@outlook.dk;DK;store;BOT-201;Hiking boots;1;1099;0.0;1099.0;completed
11762;02-01-2026;oliver.larsen91@outlook.dk;DK;store;ACC-402;Beanie;1;199;0.0;199.0;completed
12689;02-01-2026;jonas.larsen84@gmail.com;DK;web;ACC-403;Headlamp;1;349;0.0;349.0;completed
10992;03-01-2026;jonas.jensen20@outlook.dk;DK;web;SLP-601;Sleeping bag;1;899;0.15;764.15;completed
10992;03-01-2026;jonas.jensen20@outlook.dk;DK;web;ACC-401;Merino socks;1;129;0.15;109.65;completed
10992;03-01-2026;jonas.jensen20@outlook.dk;DK;web;ACC-402;Beanie;1;199;0.15;169.15;completed
11029;03-01-2026;mikkel.hansen73@yahoo.dk;DE;web;ACC-401;Merino socks;2;129;0.0;258.0;completed
11029;03-01-2026;mikkel.hansen73@yahoo.dk;DE;web;ACC-403;Headlamp;1;349;0.0;349.0;completed
11535;03-01-2026;Jonas.Larsen64@Hotmail.Com;DK;store;BOT-201;Hiking boots;2;1099;0.0;2198.0;completed
11535;03-01-2026;Jonas.Larsen64@Hotmail.Com;DK;store;BAG-301;Daypack 25L;1;549;0.0;549.0;completed
11582;03-01-2026;freja.christensen44@outlook.dk;DK;web;ACC-401;Merino socks;1;129;0.1;116.1;completed
11956;03-01-2026;lars.madsen3@outlook.dk;NO;web;TNT-501;2p tent;1;2499;0.0;2499.0;completed
12905;03-01-2026;mette.andersen9@hotmail.com;DK;store;SLP-601;Sleeping bag;1;899;0.0;899.0;completed
12905;03-01-2026;mette.andersen9@hotmail.com;DK;store;ACC-401;Merino socks;1;129;0.0;129.0;completed
10057;04-01-2026;Freja.Larsen9@Outlook.Dk;DE;web;BAG-301;Daypack 25L;2;549;0.0;1098.0;completed
10099;04-01-2026;anna.hansen28@gmail.com;DE;store;ACC-401;Merino socks;1;129;0.15;109.65;completed
10099;04-01-2026;anna.hansen28@gmail.com;DE;store;ACC-402;Beanie;1;199;0.15;169.15;completed
10099;04-01-2026;Anna.Hansen28@Gmail.Com;DE;store;ACC-403;Headlamp;1;349;0.15;296.65;completed
10572;04-01-2026;mikkel.andersen62@yahoo.dk;NO;web;BAG-301;Daypack 25L;1;549;0.0;549.0;completed
11720;04-01-2026;sara.pedersen79@mail.dk;DK;web;ACC-401;Merino socks;1;129;0.0;129.0;completed
12543;04-01-2026;laura.jensen98@hotmail.com;DK;web;BAG-302;Trek pack 60L;1;1499;0.1;1349.1;completed
12543;04-01-2026;laura.jensen98@hotmail.com;DK;web;ACC-401;Merino socks;1;129;0.1;116.1;completed
12772;04-01-2026;anna.petersen1@gmail.com;NO;web;JKT-101;Shell jacket;1;1299;0.15;1104.15;completed
10949;05-01-2026;clara.hansen83@gmail.com;DE;web;ACC-401;Merino socks;1;129;0.0;129.0;completed
11533;05-01-2026;jonas.larsen64@hotmail.com;DK;store;ACC-402;Beanie;-2;199;0.0;-398.0;refunded
12782;05-01-2026;magnus.hansen83@yahoo.dk;DK;web;JKT-102;Down jacket;2;1899;0.15;3228.3;completed
12922;05-01-2026;Lars.Madsen4@Outlook.Dk;NO;store;BOT-201;Hiking boots;1;1099;0.0;1099.0;completed
12922;05-01-2026;Lars.Madsen4@Outlook.Dk;NO;store;JKT-101;Shell jacket;1;1299;0.0;1299.0;completed
12922;05-01-2026;Lars.Madsen4@Outlook.Dk;NO;store;ACC-401;Merino socks;2;129;0.0;258.0;completed
10397;06-01-2026;;DK;web;BAG-301;Daypack 25L;1;549;0.1;494.1;completed
10397;06-01-2026;;DK;web;JKT-101;Shell jacket;1;1299;0.1;1169.1;completed
10397;06-01-2026;;DK;web;JKT-101;Shell jacket;1;1299;0.1;1169.1;completed
10983;06-01-2026;sara.hansen54@outlook.dk;DK;web;ACC-401;Merino socks;2;129;0.0;258.0;completed
11097;06-01-2026;Magnus.Madsen56@Yahoo.Dk;SE;web;ACC-401;Merino socks;1;129;0.1;116.1;completed
11238;06-01-2026;sofie.larsen17@yahoo.dk;DE;web;BAG-301;Daypack 25L;1;549;0.1;494.1;completed
11238;06-01-2026;sofie.larsen17@yahoo.dk;DE;web;BAG-302;Trek pack 60L;1;1499;0.1;1349.1;completed
11969;06-01-2026;Clara.Christensen4@Outlook.Dk;SE;store;BOT-201;Hiking boots;1;1099;0.15;934.15;completed
11969;06-01-2026;clara.christensen4@outlook.dk;SE;store;ACC-402;Beanie;2;199;0.15;338.3;completed
12906;06-01-2026;mette.andersen9@hotmail.com;DK;store;ACC-403;Headlamp;2;349;0.0;698.0;completed
12906;06-01-2026;mette.andersen9@hotmail.com;DK;store;BOT-201;Hiking boots;2;1099;0.0;2198.0;completed
10164;07-01-2026;anna.petersen40@outlook.dk;SE;app;ACC-403;Headlamp;2;349;0.0;698.0;completed
10164;07-01-2026;anna.petersen40@outlook.dk;SE;app;ACC-401;Merino socks;1;129;0.0;129.0;completed
10164;07-01-2026;Anna.Petersen40@Outlook.Dk;SE;app;BAG-301;Daypack 25L;1;549;0.0;549.0;completed
10415;07-01-2026;sara.madsen3@yahoo.dk;SE;web;ACC-403;Headlamp;1;349;0.0;349.0;completed
10651;07-01-2026;anna.andersen7@gmail.com;DE;app;JKT-101;Shell jacket;1;1299;0.0;1299.0;completed
10651;07-01-2026;anna.andersen7@gmail.com;DE;app;ACC-401;Merino socks;2;129;0.0;258.0;completed
11105;07-01-2026;noah.madsen55@gmail.com;DK;web;ACC-402;Beanie;1;199;0.15;169.15;completed
11501;07-01-2026;laura.hansen12@outlook.dk;DK;web;BOT-201;Hiking boots;1;1099;0.1;989.1;completed
11501;07-01-2026;laura.hansen12@outlook.dk;DK;web;ACC-403;Headlamp;1;349;0.1;314.1;completed
11501;07-01-2026;Laura.Hansen12@Outlook.Dk;DK;web;ACC-401;Merino socks;1;129;0.1;116.1;completed
11629;07-01-2026;emil.jensen31@gmail.com;DE;web;ACC-401;Merino socks;2;129;0.15;219.3;completed
12263;07-01-2026;sofie.andersen50@yahoo.dk;NO;web;BOT-201;Hiking boots;1;1099;0.0;1099.0;completed
12263;07-01-2026;sofie.andersen50@yahoo.dk;NO;web;BAG-301;Daypack 25L;2;549;0.0;1098.0;completed
12263;07-01-2026;sofie.andersen50@yahoo.dk;NO;web;BAG-301;Daypack 25L;2;549;0.0;1098.0;completed
12388;07-01-2026;Mikkel.Andersen56@Hotmail.Com;DE;web;ACC-403;Headlamp;1;349;0.15;296.65;completed
12701;07-01-2026;Emil.Pedersen52@Gmail.Com;SE;app;ACC-403;Headlamp;1;349;0.0;349.0;completed
10111;08-01-2026;sofie.madsen52@hotmail.com;DK;web;ACC-402;Beanie;1;199;0.0;199.0;completed
10111;08-01-2026;sofie.madsen52@hotmail.com;DK;web;SLP-601;Sleeping bag;1;899;0.0;899.0;completed
10111;08-01-2026;sofie.madsen52@hotmail.com;DK;web;BOT-201;Hiking boots;1;1099;0.0;1099.0;completed
10591;08-01-2026;freja.pedersen73@mail.dk;DK;web;JKT-101;Shell jacket;2;1299;0.0;2598.0;completed
11714;08-01-2026;Oliver.Jensen51@Yahoo.Dk;DK;web;ACC-401;Merino socks;1;129;0.0;129.0;completed
11776;08-01-2026;magnus.andersen22@gmail.com;DK;app;TNT-501;2p tent;1;2499;0.0;2499.0;completed
13047;08-01-2026;Clara.Jensen88@Outlook.Dk;DE;web;ACC-402;Beanie;2;199;0.1;358.2;completed
13047;08-01-2026;clara.jensen88@outlook.dk;DE;web;BAG-301;Daypack 25L;1;549;0.1;494.1;completed
13047;08-01-2026;clara.jensen88@outlook.dk;DE;web;ACC-401;Merino socks;1;129;0.1;116.1;completed
10319;09-01-2026;Jonas.Jensen77@Gmail.Com;SE;store;BAG-302;Trek pack 60L;1;1499;0.0;1499.0;completed
10527;09-01-2026;freja.petersen13@mail.dk;DE;store;ACC-403;Headlamp;1;349;0.0;349.0;completed
10527;09-01-2026;freja.petersen13@mail.dk;DE;store;BAG-301;Daypack 25L;2;549;0.0;1098.0;completed
10579;09-01-2026;freja.andersen46@outlook.dk;DK;app;ACC-401;Merino socks;1;129;0.0;129.0;completed
10579;09-01-2026;freja.andersen46@outlook.dk;DK;app;SLP-601;Sleeping bag;1;899;0.0;899.0;completed
11380;09-01-2026;jonas.christensen39@hotmail.com;DE;app;JKT-101;Shell jacket;1;1299;0.1;1169.1;completed
11931;09-01-2026;emil.christensen94@outlook.dk;NO;web;ACC-403;Headlamp;2;349;0.0;698.0;completed
11931;09-01-2026;Emil.Christensen94@Outlook.Dk;NO;web;ACC-402;Beanie;1;199;0.0;199.0;completed
12190;09-01-2026;mikkel.petersen5@gmail.com;NO;web;JKT-101;Shell jacket;2;1299;0.15;2208.3;completed
12190;09-01-2026;mikkel.petersen5@gmail.com;NO;web;BAG-301;Daypack 25L;2;549;0.15;933.3;completed
12545;09-01-2026;Emil.Rasmussen41@Hotmail.Com;DE;web;BAG-301;Daypack 25L;2;549;0.0;1098.0;completed
12545;09-01-2026;emil.rasmussen41@hotmail.com;DE;web;ACC-402;Beanie;1;199;0.0;199.0;completed
12549;09-01-2026;mette.hansen58@mail.dk;SE;web;ACC-402;Beanie;1;199;0.1;179.1;completed
12549;09-01-2026;mette.hansen58@mail.dk;SE;web;ACC-401;Merino socks;1;129;0.1;116.1;completed
12709;09-01-2026;mette.rasmussen10@yahoo.dk;DK;store;ACC-402;Beanie;2;199;0.0;398.0;completed
12709;09-01-2026;mette.rasmussen10@yahoo.dk;DK;store;ACC-403;Headlamp;1;349;0.0;349.0;completed
12959;09-01-2026;noah.rasmussen47@hotmail.com;DK;web;JKT-101;Shell jacket;1;1299;0.0;1299.0;completed
12959;09-01-2026;noah.rasmussen47@hotmail.com;DK;web;ACC-402;Beanie;1;199;0.0;199.0;completed
10250;10-01-2026;anna.andersen98@outlook.dk;SE;web;TNT-501;2p tent;1;2499;0.0;2499.0;completed
10250;10-01-2026;anna.andersen98@outlook.dk;SE;web;ACC-401;Merino socks;2;129;0.0;258.0;completed
10250;10-01-2026;anna.andersen98@outlook.dk;SE;web;ACC-403;Headlamp;1;349;0.0;349.0;completed
10652;10-01-2026;anna.andersen7@gmail.com;DE;app;BAG-302;Trek pack 60L;1;1499;0.15;1274.15;completed
10652;10-01-2026;anna.andersen7@gmail.com;DE;app;ACC-403;Headlamp;2;349;0.15;593.3;completed
12360;10-01-2026;clara.jensen53@mail.dk;DK;web;ACC-403;Headlamp;1;349;0.15;296.65;completed
12468;10-01-2026;magnus.jensen31@hotmail.com;DK;app;JKT-101;Shell jacket;1;1299;0.0;1299.0;completed
12468;10-01-2026;magnus.jensen31@hotmail.com;DK;app;ACC-401;Merino socks;1;129;0.0;129.0;completed
12468;10-01-2026;magnus.jensen31@hotmail.com;DK;app;JKT-101;Shell jacket;1;1299;0.0;1299.0;completed
12550;10-01-2026;;SE;web;ACC-402;Beanie;2;199;0.0;398.0;completed
12873;10-01-2026;laura.nielsen46@gmail.com;NO;web;JKT-101;Shell jacket;1;1299;0.0;1299.0;completed
12873;10-01-2026;laura.nielsen46@gmail.com;NO;web;ACC-403;Headlamp;1;349;0.0;349.0;completed
12873;10-01-2026;laura.nielsen46@gmail.com;NO;web;SLP-601;Sleeping bag;1;899;0.0;899.0;completed
10242;11-01-2026;laura.rasmussen5@outlook.dk;DK;web;ACC-401;Merino socks;1;129;0.15;109.65;completed
10242;11-01-2026;laura.rasmussen5@outlook.dk;DK;web;BAG-301;Daypack 25L;1;549;0.15;466.65;completed
10341;11-01-2026;emil.rasmussen58@mail.dk;DK;store;ACC-401;Merino socks;1;129;0.0;129.0;completed
10341;11-01-2026;emil.rasmussen58@mail.dk;DK;store;JKT-102;Down jacket;1;1899;0.0;1899.0;completed
10341;11-01-2026;emil.rasmussen58@mail.dk;DK;store;TNT-501;2p tent;1;2499;0.0;2499.0;completed
10514;11-01-2026;magnus.jensen28@gmail.com;NO;web;BOT-201;Hiking boots;1;1099;0.0;1099.0;completed
10514;11-01-2026;magnus.jensen28@gmail.com;NO;web;ACC-401;Merino socks;2;129;0.0;258.0;completed
10514;11-01-2026;magnus.jensen28@gmail.com;NO;web;ACC-401;Merino socks;2;129;0.0;258.0;completed
10536;11-01-2026;freja.rasmussen71@outlook.dk;SE;store;BAG-301;Daypack 25L;1;549;0.0;549.0;completed
10536;11-01-2026;freja.rasmussen71@outlook.dk;SE;store;JKT-102;Down jacket;1;1899;0.0;1899.0;completed
10654;11-01-2026;Oliver.Petersen87@Gmail.Com;DE;web;JKT-101;Shell jacket;1;1299;0.0;1299.0;completed
11695;11-01-2026;emil.pedersen69@outlook.dk;SE;web;SLP-601;Sleeping bag;1;899;0.0;899.0;completed
11695;11-01-2026;emil.pedersen69@outlook.dk;SE;web;BOT-201;Hiking boots;2;1099;0.0;2198.0;completed
11892;11-01-2026;mikkel.rasmussen12@yahoo.dk;DK;web;ACC-402;Beanie;1;199;0.15;169.15;completed
11892;11-01-2026;mikkel.rasmussen12@yahoo.dk;DK;web;BOT-201;Hiking boots;2;1099;0.15;1868.3;completed
11892;11-01-2026;mikkel.rasmussen12@yahoo.dk;DK;web;ACC-401;Merino socks;1;129;0.15;109.65;completed
12783;11-01-2026;magnus.hansen83@yahoo.dk;DK;web;ACC-403;Headlamp;1;349;0.0;349.0;completed
12783;11-01-2026;magnus.hansen83@yahoo.dk;DK;web;ACC-401;Merino socks;1;129;0.0;129.0;completed
13046;11-01-2026;magnus.andersen4@hotmail.com;DE;web;ACC-403;Headlamp;1;349;0.0;349.0;completed
13087;11-01-2026;magnus.rasmussen48@gmail.com;DK;web;SLP-601;Sleeping bag;1;899;0.1;809.1;completed
13087;11-01-2026;magnus.rasmussen48@gmail.com;DK;web;ACC-402;Beanie;1;199;0.1;179.1;completed
13087;11-01-2026;magnus.rasmussen48@gmail.com;DK;web;JKT-101;Shell jacket;1;1299;0.1;1169.1;completed
13087;11-01-2026;magnus.rasmussen48@gmail.com;DK;web;ACC-402;Beanie;1;199;0.1;179.1;completed
10851;12-01-2026;oliver.pedersen19@gmail.com;DK;web;ACC-401;Merino socks;1;129;0.0;129.0;completed
10851;12-01-2026;oliver.pedersen19@gmail.com;DK;web;ACC-403;Headlamp;1;349;0.0;349.0;completed
11010;12-01-2026;mikkel.jensen70@yahoo.dk;DK;store;ACC-403;Headlamp;1;349;0.15;296.65;completed
11010;12-01-2026;mikkel.jensen70@yahoo.dk;DK;store;SLP-601;Sleeping bag;1;899;0.15;764.15;completed
11010;12-01-2026;mikkel.jensen70@yahoo.dk;DK;store;TNT-501;2p tent;1;2499;0.15;2124.15;completed
11118;12-01-2026;Oliver.Petersen92@Gmail.Com;SE;web;ACC-402;Beanie;2;199;0.0;398.0;completed
11118;12-01-2026;Oliver.Petersen92@Gmail.Com;SE;web;JKT-102;Down jacket;1;1899;0.0;1899.0;completed
11323;12-01-2026;sofie.larsen28@outlook.dk;SE;web;ACC-401;Merino socks;1;129;0.0;129.0;completed
11323;12-01-2026;sofie.larsen28@outlook.dk;SE;web;JKT-101;Shell jacket;1;1299;0.0;1299.0;completed
11323;12-01-2026;sofie.larsen28@outlook.dk;SE;web;BAG-301;Daypack 25L;1;549;0.0;549.0;completed
11357;12-01-2026;Mette.Rasmussen93@Outlook.Dk;DE;web;SLP-601;Sleeping bag;1;899;0.0;899.0;completed
11409;12-01-2026;Emil.Hansen28@Hotmail.Com;NO;web;TNT-501;2p tent;2;2499;0.15;4248.3;completed
12239;12-01-2026;mikkel.rasmussen86@gmail.com;DK;app;ACC-403;Headlamp;2;349;0.0;698.0;completed
12239;12-01-2026;mikkel.rasmussen86@gmail.com;DK;app;BAG-301;Daypack 25L;1;549;0.0;549.0;completed
12613;12-01-2026;Ida.Hansen3@Yahoo.Dk;DE;web;BAG-302;Trek pack 60L;2;1499;0.0;2998.0;completed
12613;12-01-2026;ida.hansen3@yahoo.dk;DE;web;BAG-301;Daypack 25L;1;549;0.0;549.0;completed
12613;12-01-2026;ida.hansen3@yahoo.dk;DE;web;ACC-401;Merino socks;1;129;0.0;129.0;completed
10112;13-01-2026;sofie.madsen52@hotmail.com;DK;web;ACC-401;Merino socks;2;129;0.1;232.2;completed
10691;13-01-2026;magnus.larsen79@gmail.com;DK;store;BAG-301;Daypack 25L;1;549;0.0;549.0;completed
10691;13-01-2026;magnus.larsen79@gmail.com;DK;store;BOT-201;Hiking boots;1;1099;0.0;1099.0;completed
11011;13-01-2026;mikkel.jensen70@yahoo.dk;DK;store;BAG-302;Trek pack 60L;1;1499;0.1;1349.1;completed
11011;13-01-2026;mikkel.jensen70@yahoo.dk;DK;store;ACC-402;Beanie;1;199;0.1;179.1;completed
11657;13-01-2026;laura.nielsen55@outlook.dk;DE;app;ACC-402;Beanie;1;199;0.0;199.0;completed
12621;13-01-2026;Sara.Nielsen27@Outlook.Dk;DK;store;ACC-403;Headlamp;1;349;0.0;349.0;completed
12621;13-01-2026;sara.nielsen27@outlook.dk;DK;store;JKT-101;Shell jacket;2;1299;0.0;2598.0;completed
12621;13-01-2026;sara.nielsen27@outlook.dk;DK;store;ACC-402;Beanie;2;199;0.0;398.0;completed
11238;14-01-2026;sofie.larsen17@yahoo.dk;DE;web;BAG-301;Daypack 25L;-1;549;0.1;-494.1;refunded
11463;14-01-2026;Freja.Madsen9@Mail.Dk;DE;store;BAG-302;Trek pack 60L;1;1499;0.0;1499.0;completed
11463;14-01-2026;freja.madsen9@mail.dk;DE;store;ACC-403;Headlamp;1;349;0.0;349.0;completed
12083;14-01-2026;mikkel.nielsen13@mail.dk;DE;store;JKT-101;Shell jacket;2;1299;0.0;2598.0;completed
12083;14-01-2026;mikkel.nielsen13@mail.dk;DE;store;ACC-402;Beanie;1;199;0.0;199.0;completed
10856;15-01-2026;sofie.larsen27@mail.dk;SE;store;ACC-402;Beanie;-2;199;0.0;-398.0;refunded
10996;15-01-2026;mikkel.andersen92@mail.dk;NO;web;ACC-403;Headlamp;2;349;0.0;698.0;completed
11592;15-01-2026;Freja.Rasmussen51@Mail.Dk;DK;web;ACC-401;Merino socks;1;129;0.0;129.0;completed
11592;15-01-2026;Freja.Rasmussen51@Mail.Dk;DK;web;SLP-601;Sleeping bag;2;899;0.0;1798.0;completed
12321;15-01-2026;anna.hansen35@yahoo.dk;DK;web;ACC-403;Headlamp;1;349;0.1;314.1;completed
12842;15-01-2026;Emil.Jensen13@Hotmail.Com;DE;store;BAG-302;Trek pack 60L;1;1499;0.0;1499.0;completed
12842;15-01-2026;emil.jensen13@hotmail.com;DE;store;ACC-403;Headlamp;1;349;0.0;349.0;completed
13020;15-01-2026;;NO;web;JKT-101;Shell jacket;1;1299;0.0;1299.0;completed
13020;15-01-2026;;NO;web;BAG-302;Trek pack 60L;1;1499;0.0;1499.0;completed
11721;16-01-2026;mikkel.pedersen45@gmail.com;DK;web;SLP-601;Sleeping bag;1;899;0.0;899.0;completed
11721;16-01-2026;mikkel.pedersen45@gmail.com;DK;web;SLP-601;Sleeping bag;1;899;0.0;899.0;completed
12728;16-01-2026;mette.madsen83@outlook.dk;DK;web;SLP-601;Sleeping bag;2;899;0.1;1618.2;completed
12728;16-01-2026;mette.madsen83@outlook.dk;DK;web;ACC-402;Beanie;1;199;0.1;179.1;completed
12917;16-01-2026;Mette.Pedersen62@Mail.Dk;DK;store;BOT-201;Hiking boots;1;1099;0.0;1099.0;completed
12917;16-01-2026;mette.pedersen62@mail.dk;DK;store;ACC-401;Merino socks;1;129;0.0;129.0;completed
12917;16-01-2026;mette.pedersen62@mail.dk;DK;store;ACC-402;Beanie;1;199;0.0;199.0;completed
12988;16-01-2026;freja.pedersen79@mail.dk;DE;web;JKT-101;Shell jacket;1;1299;0.0;1299.0;completed
12988;16-01-2026;freja.pedersen79@mail.dk;DE;web;ACC-402;Beanie;1;199;0.0;199.0;completed
10210;17-01-2026;lars.rasmussen52@mail.dk;DK;web;ACC-403;Headlamp;1;349;0.0;349.0;completed
10715;17-01-2026;anna.larsen78@gmail.com;NO;web;ACC-403;Headlamp;1;349;0.0;349.0;completed
10715;17-01-2026;anna.larsen78@gmail.com;NO;web;ACC-402;Beanie;1;199;0.0;199.0;completed
10715;17-01-2026;anna.larsen78@gmail.com;NO;web;JKT-102;Down jacket;1;1899;0.0;1899.0;completed
11634;17-01-2026;ida.larsen62@yahoo.dk;DK;store;BAG-301;Daypack 25L;2;549;0.15;933.3;completed
11634;17-01-2026;Ida.Larsen62@Yahoo.Dk;DK;store;SLP-601;Sleeping bag;1;899;0.15;764.15;completed
12858;17-01-2026;freja.andersen34@outlook.dk;DE;web;ACC-401;Merino socks;1;129;0.15;109.65;completed
12858;17-01-2026;Freja.Andersen34@Outlook.Dk;DE;web;ACC-402;Beanie;1;199;0.15;169.15;completed
12858;17-01-2026;freja.andersen34@outlook.dk;DE;web;JKT-102;Down jacket;1;1899;0.15;1614.15;completed
12858;17-01-2026;freja.andersen34@outlook.dk;DE;web;ACC-401;Merino socks;1;129;0.15;109.65;completed
10055;18-01-2026;Magnus.Hansen24@Yahoo.Dk;DK;app;BOT-201;Hiking boots;1;1099;0.0;1099.0;completed
10055;18-01-2026;Magnus.Hansen24@Yahoo.Dk;DK;app;ACC-401;Merino socks;2;129;0.0;258.0;completed
11720;18-01-2026;sara.pedersen79@mail.dk;DK;web;ACC-401;Merino socks;-1;129;0.0;-129.0;refunded
12442;18-01-2026;lars.christensen44@mail.dk;DK;app;BOT-201;Hiking boots;2;1099;0.15;1868.3;completed
12442;18-01-2026;Lars.Christensen44@Mail.Dk;DK;app;ACC-401;Merino socks;1;129;0.15;109.65;completed
12686;18-01-2026;sara.larsen14@hotmail.com;DE;web;ACC-403;Headlamp;1;349;0.1;314.1;completed
12686;18-01-2026;sara.larsen14@hotmail.com;DE;web;ACC-401;Merino socks;1;129;0.1;116.1;completed
12686;18-01-2026;sara.larsen14@hotmail.com;DE;web;ACC-402;Beanie;1;199;0.1;179.1;completed
10432;19-01-2026;clara.petersen17@outlook.dk;DK;web;ACC-401;Merino socks;1;129;0.15;109.65;completed
10432;19-01-2026;clara.petersen17@outlook.dk;DK;web;BAG-301;Daypack 25L;1;549;0.15;466.65;completed
11183;19-01-2026;sofie.rasmussen50@yahoo.dk;DK;store;JKT-101;Shell jacket;1;1299;0.0;1299.0;completed
11183;19-01-2026;Sofie.Rasmussen50@Yahoo.Dk;DK;store;ACC-401;Merino socks;2;129;0.0;258.0;completed
11434;19-01-2026;oliver.andersen42@yahoo.dk;NO;app;SLP-601;Sleeping bag;2;899;0.15;1528.3;completed
11434;19-01-2026;Oliver.Andersen42@Yahoo.Dk;NO;app;ACC-402;Beanie;1;199;0.15;169.15;completed
11444;19-01-2026;anna.christensen66@outlook.dk;DK;web;ACC-401;Merino socks;1;129;0.1;116.1;completed
12451;19-01-2026;laura.petersen74@outlook.dk;DE;app;BAG-301;Daypack 25L;1;549;0.0;549.0;completed
12451;19-01-2026;laura.petersen74@outlook.dk;DE;app;JKT-101;Shell jacket;1;1299;0.0;1299.0;completed
12529;19-01-2026;Magnus.Nielsen79@Gmail.Com;DK;web;ACC-401;Merino socks;2;129;0.15;219.3;completed
12715;19-01-2026;Oliver.Andersen28@Hotmail.Com;DE;app;SLP-601;Sleeping bag;1;899;0.0;899.0;completed
12715;19-01-2026;Oliver.Andersen28@Hotmail.Com;DE;app;JKT-102;Down jacket;1;1899;0.0;1899.0;completed
12947;19-01-2026;Noah.Madsen55@Outlook.Dk;DK;web;BOT-201;Hiking boots;1;1099;0.0;1099.0;completed
12947;19-01-2026;noah.madsen55@outlook.dk;DK;web;ACC-401;Merino socks;2;129;0.0;258.0;completed
10099;20-01-2026;anna.hansen28@gmail.com;DE;store;ACC-401;Merino socks;-1;129;0.15;-109.65;refunded
10223;20-01-2026;freja.christensen61@hotmail.com;NO;app;JKT-101;Shell jacket;1;1299;0.0;1299.0;completed
11076;20-01-2026;Freja.Andersen75@Hotmail.Com;SE;app;ACC-403;Headlamp;1;349;0.0;349.0;completed
11525;20-01-2026;sara.christensen37@gmail.com;DK;web;ACC-401;Merino socks;1;129;0.0;129.0;completed
11525;20-01-2026;Sara.Christensen37@Gmail.Com;DK;web;ACC-402;Beanie;2;199;0.0;398.0;completed
11525;20-01-2026;sara.christensen37@gmail.com;DK;web;JKT-101;Shell jacket;1;1299;0.0;1299.0;completed
12597;20-01-2026;Freja.Larsen75@Mail.Dk;DK;web;ACC-401;Merino socks;1;129;0.0;129.0;completed
12597;20-01-2026;freja.larsen75@mail.dk;DK;web;JKT-101;Shell jacket;1;1299;0.0;1299.0;completed
12918;20-01-2026;mette.pedersen62@mail.dk;DK;store;ACC-403;Headlamp;2;349;0.0;698.0;completed
12918;20-01-2026;mette.pedersen62@mail.dk;DK;store;BAG-301;Daypack 25L;1;549;0.0;549.0;completed
10286;21-01-2026;Freja.Nielsen30@Outlook.Dk;DE;web;BAG-302;Trek pack 60L;1;1499;0.0;1499.0;completed
10314;21-01-2026;jonas.madsen55@outlook.dk;DK;web;ACC-401;Merino socks;1;129;0.1;116.1;completed
10314;21-01-2026;jonas.madsen55@outlook.dk;DK;web;JKT-101;Shell jacket;2;1299;0.1;2338.2;completed
10314;21-01-2026;jonas.madsen55@outlook.dk;DK;web;BAG-301;Daypack 25L;1;549;0.1;494.1;completed
10466;21-01-2026;anna.madsen44@gmail.com;NO;store;ACC-403;Headlamp;2;349;0.15;593.3;completed
10466;21-01-2026;anna.madsen44@gmail.com;NO;store;ACC-401;Merino socks;1;129;0.15;109.65;completed
10655;21-01-2026;Jonas.Hansen34@Outlook.Dk;SE;app;BOT-201;Hiking boots;1;1099;0.0;1099.0;completed
10655;21-01-2026;Jonas.Hansen34@Outlook.Dk;SE;app;ACC-403;Headlamp;2;349;0.0;698.0;completed
11087;21-01-2026;ida.hansen91@gmail.com;DK;web;ACC-401;Merino socks;1;129;0.1;116.1;completed
11087;21-01-2026;ida.hansen91@gmail.com;DK;web;BOT-201;Hiking boots;1;1099;0.1;989.1;completed
11087;21-01-2026;ida.hansen91@gmail.com;DK;web;ACC-403;Headlamp;2;349;0.1;628.2;completed
12042;21-01-2026;oliver.christensen77@mail.dk;DK;web;ACC-403;Headlamp;1;349;0.1;314.1;completed
12042;21-01-2026;oliver.christensen77@mail.dk;DK;web;ACC-402;Beanie;2;199;0.1;358.2;completed
12423;21-01-2026;Mikkel.Petersen19@Gmail.Com;NO;web;SLP-601;Sleeping bag;1;899;0.0;899.0;completed
12572;21-01-2026;jonas.andersen42@hotmail.com;DE;web;ACC-401;Merino socks;2;129;0.1;232.2;completed
12572;21-01-2026;jonas.andersen42@hotmail.com;DE;web;ACC-403;Headlamp;1;349;0.1;314.1;completed
13024;21-01-2026;lars.hansen74@yahoo.dk;NO;app;ACC-403;Headlamp;2;349;0.0;698.0;completed
10468;22-01-2026;sofie.andersen53@outlook.dk;NO;store;ACC-402;Beanie;1;199;0.0;199.0;completed
11885;22-01-2026;Sara.Larsen62@Mail.Dk;DE;web;ACC-403;Headlamp;1;349;0.0;349.0;completed
12099;22-01-2026;mikkel.rasmussen27@gmail.com;DK;store;ACC-403;Headlamp;1;349;0.1;314.1;completed
12099;22-01-2026;mikkel.rasmussen27@gmail.com;DK;store;BAG-301;Daypack 25L;1;549;0.1;494.1;completed
12099;22-01-2026;Mikkel.Rasmussen27@Gmail.Com;DK;store;ACC-402;Beanie;2;199;0.1;358.2;completed
12598;22-01-2026;freja.larsen75@mail.dk;DK;web;BAG-302;Trek pack 60L;1;1499;0.1;1349.1;completed
10278;23-01-2026;mette.petersen73@yahoo.dk;NO;web;ACC-401;Merino socks;1;129;0.1;116.1;completed
10278;23-01-2026;mette.petersen73@yahoo.dk;NO;web;BOT-201;Hiking boots;1;1099;0.1;989.1;completed
10278;23-01-2026;mette.petersen73@yahoo.dk;NO;web;TNT-501;2p tent;1;2499;0.1;2249.1;completed
10950;23-01-2026;;DE;web;JKT-101;Shell jacket;1;1299;0.0;1299.0;completed
11184;23-01-2026;Sofie.Rasmussen50@Yahoo.Dk;DK;store;BOT-201;Hiking boots;1;1099;0.0;1099.0;completed
11184;23-01-2026;Sofie.Rasmussen50@Yahoo.Dk;DK;store;BOT-201;Hiking boots;1;1099;0.0;1099.0;completed
12204;23-01-2026;magnus.christensen95@yahoo.dk;DK;app;SLP-601;Sleeping bag;1;899;0.0;899.0;completed
12204;23-01-2026;magnus.christensen95@yahoo.dk;DK;app;ACC-402;Beanie;2;199;0.0;398.0;completed
12204;23-01-2026;magnus.christensen95@yahoo.dk;DK;app;JKT-101;Shell jacket;1;1299;0.0;1299.0;completed
10737;24-01-2026;lars.hansen10@yahoo.dk;DK;web;ACC-401;Merino socks;1;129;0.15;109.65;completed
10737;24-01-2026;lars.hansen10@yahoo.dk;DK;web;JKT-101;Shell jacket;2;1299;0.15;2208.3;completed
10737;24-01-2026;lars.hansen10@yahoo.dk;DK;web;BAG-301;Daypack 25L;2;549;0.15;933.3;completed
11409;24-01-2026;Emil.Hansen28@Hotmail.Com;NO;web;TNT-501;2p tent;-2;2499;0.15;-4248.3;refunded
12284;24-01-2026;clara.rasmussen30@gmail.com;NO;app;ACC-401;Merino socks;1;129;0.1;116.1;completed
11982;25-01-2026;Sofie.Rasmussen25@Gmail.Com;DE;web;BAG-301;Daypack 25L;1;549;0.0;549.0;completed
12012;25-01-2026;sofie.larsen40@gmail.com;DK;web;BOT-201;Hiking boots;1;1099;0.1;989.1;completed
12012;25-01-2026;sofie.larsen40@gmail.com;DK;web;BAG-302;Trek pack 60L;1;1499;0.1;1349.1;completed
12012;25-01-2026;sofie.larsen40@gmail.com;DK;web;JKT-102;Down jacket;1;1899;0.1;1709.1;completed
12043;25-01-2026;oliver.christensen77@mail.dk;DK;web;BAG-301;Daypack 25L;1;549;0.1;494.1;completed
12043;25-01-2026;oliver.christensen77@mail.dk;DK;web;SLP-601;Sleeping bag;1;899;0.1;809.1;completed
12043;25-01-2026;oliver.christensen77@mail.dk;DK;web;ACC-401;Merino socks;2;129;0.1;232.2;completed
12285;25-01-2026;clara.rasmussen30@gmail.com;NO;app;JKT-102;Down jacket;1;1899;0.1;1709.1;completed
12285;25-01-2026;clara.rasmussen30@gmail.com;NO;app;ACC-402;Beanie;1;199;0.1;179.1;completed
12533;25-01-2026;lars.jensen52@mail.dk;DK;app;BAG-301;Daypack 25L;2;549;0.0;1098.0;completed
12533;25-01-2026;lars.jensen52@mail.dk;DK;app;ACC-402;Beanie;1;199;0.0;199.0;completed
12533;25-01-2026;Lars.Jensen52@Mail.Dk;DK;app;JKT-102;Down jacket;2;1899;0.0;3798.0;completed
10916;26-01-2026;laura.christensen26@yahoo.dk;DK;web;BOT-201;Hiking boots;1;1099;0.0;1099.0;completed
10916;26-01-2026;Laura.Christensen26@Yahoo.Dk;DK;web;BAG-301;Daypack 25L;1;549;0.0;549.0;completed
11410;26-01-2026;emil.hansen28@hotmail.com;NO;web;JKT-102;Down jacket;1;1899;0.0;1899.0;completed
11410;26-01-2026;Emil.Hansen28@Hotmail.Com;NO;web;JKT-101;Shell jacket;1;1299;0.0;1299.0;completed
11410;26-01-2026;emil.hansen28@hotmail.com;NO;web;ACC-402;Beanie;2;199;0.0;398.0;completed
12013;26-01-2026;sofie.larsen40@gmail.com;DK;web;SLP-601;Sleeping bag;1;899;0.1;809.1;completed
12013;26-01-2026;sofie.larsen40@gmail.com;DK;web;BAG-301;Daypack 25L;1;549;0.1;494.1;completed
12013;26-01-2026;sofie.larsen40@gmail.com;DK;web;ACC-402;Beanie;1;199;0.1;179.1;completed
10224;27-01-2026;freja.christensen61@hotmail.com;NO;app;BAG-302;Trek pack 60L;1;1499;0.0;1499.0;completed
10224;27-01-2026;freja.christensen61@hotmail.com;NO;app;ACC-402;Beanie;1;199;0.0;199.0;completed
10692;27-01-2026;magnus.larsen79@gmail.com;DK;store;ACC-401;Merino socks;1;129;0.0;129.0;completed
10692;27-01-2026;magnus.larsen79@gmail.com;DK;store;ACC-403;Headlamp;2;349;0.0;698.0;completed
11502;27-01-2026;Laura.Hansen12@Outlook.Dk;DK;web;BOT-201;Hiking boots;1;1099;0.0;1099.0;completed
11502;27-01-2026;laura.hansen12@outlook.dk;DK;web;ACC-403;Headlamp;2;349;0.0;698.0;completed
11748;27-01-2026;sara.rasmussen91@mail.dk;NO;app;ACC-402;Beanie;1;199;0.15;169.15;completed
12773;27-01-2026;Anna.Petersen1@Gmail.Com;NO;web;BAG-301;Daypack 25L;2;549;0.0;1098.0;completed
12773;27-01-2026;anna.petersen1@gmail.com;NO;web;ACC-403;Headlamp;2;349;0.0;698.0;completed
12773;27-01-2026;anna.petersen1@gmail.com;NO;web;ACC-403;Headlamp;2;349;0.0;698.0;completed
10559;28-01-2026;Noah.Christensen30@Hotmail.Com;DK;web;BAG-302;Trek pack 60L;1;1499;0.0;1499.0;completed
10559;28-01-2026;noah.christensen30@hotmail.com;DK;web;ACC-401;Merino socks;1;129;0.0;129.0;completed
11503;28-01-2026;Laura.Hansen12@Outlook.Dk;DK;web;ACC-402;Beanie;1;199;0.0;199.0;completed
11503;28-01-2026;laura.hansen12@outlook.dk;DK;web;BAG-302;Trek pack 60L;1;1499;0.0;1499.0;completed
11503;28-01-2026;laura.hansen12@outlook.dk;DK;web;ACC-401;Merino socks;2;129;0.0;258.0;completed
12471;28-01-2026;lars.hansen42@gmail.com;DK;web;ACC-401;Merino socks;1;129;0.0;129.0;completed
12489;28-01-2026;lars.larsen86@hotmail.com;DK;app;BAG-301;Daypack 25L;1;549;0.1;494.1;completed
10631;29-01-2026;noah.nielsen83@hotmail.com;SE;web;BAG-301;Daypack 25L;1;549;0.0;549.0;completed
10631;29-01-2026;noah.nielsen83@hotmail.com;SE;web;ACC-401;Merino socks;1;129;0.0;129.0;completed
10716;29-01-2026;;NO;web;BAG-301;Daypack 25L;1;549;0.0;549.0;completed
10716;29-01-2026;;NO;web;ACC-401;Merino socks;1;129;0.0;129.0;completed
11264;29-01-2026;jonas.andersen30@hotmail.com;DK;web;BOT-201;Hiking boots;2;1099;0.0;2198.0;completed
11358;29-01-2026;mette.rasmussen93@outlook.dk;DE;web;ACC-401;Merino socks;2;129;0.0;258.0;completed
11358;29-01-2026;mette.rasmussen93@outlook.dk;DE;web;SLP-601;Sleeping bag;2;899;0.0;1798.0;completed
11358;29-01-2026;Mette.Rasmussen93@Outlook.Dk;DE;web;TNT-501;2p tent;2;2499;0.0;4998.0;completed
12264;29-01-2026;sofie.andersen50@yahoo.dk;NO;web;ACC-401;Merino socks;1;129;0.0;129.0;completed
12472;29-01-2026;lars.hansen42@gmail.com;DK;web;ACC-402;Beanie;1;199;0.0;199.0;completed
12472;29-01-2026;lars.hansen42@gmail.com;DK;web;JKT-101;Shell jacket;1;1299;0.0;1299.0;completed
12708;29-01-2026;Ida.Jensen86@Gmail.Com;DK;web;BAG-301;Daypack 25L;1;549;0.0;549.0;completed
12708;29-01-2026;ida.jensen86@gmail.com;DK;web;ACC-402;Beanie;2;199;0.0;398.0;completed
10138;30-01-2026;magnus.larsen88@gmail.com;DK;store;ACC-402;Beanie;2;199;0.0;398.0;completed
10536;30-01-2026;freja.rasmussen71@outlook.dk;SE;store;BAG-301;Daypack 25L;-1;549;0.0;-549.0;refunded
11173;30-01-2026;laura.rasmussen53@hotmail.com;DK;web;JKT-102;Down jacket;2;1899;0.1;3418.2;completed
11173;30-01-2026;laura.rasmussen53@hotmail.com;DK;web;ACC-401;Merino socks;1;129;0.1;116.1;completed
11438;30-01-2026;ida.hansen35@yahoo.dk;DK;web;BAG-301;Daypack 25L;2;549;0.0;1098.0;completed
11519;30-01-2026;mikkel.pedersen52@gmail.com;DK;web;ACC-402;Beanie;1;199;0.0;199.0;completed
11536;30-01-2026;Jonas.Larsen64@Hotmail.Com;DK;store;ACC-403;Headlamp;2;349;0.0;698.0;completed
11706;30-01-2026;jonas.christensen5@hotmail.com;NO;app;BAG-301;Daypack 25L;1;549;0.0;549.0;completed
11706;30-01-2026;jonas.christensen5@hotmail.com;NO;app;BOT-201;Hiking boots;2;1099;0.0;2198.0;completed
11706;30-01-2026;jonas.christensen5@hotmail.com;NO;app;ACC-402;Beanie;1;199;0.0;199.0;completed
12553;30-01-2026;clara.petersen59@hotmail.com;DK;web;ACC-401;Merino socks;1;129;0.0;129.0;completed
12553;30-01-2026;clara.petersen59@hotmail.com;DK;web;BAG-301;Daypack 25L;1;549;0.0;549.0;completed
12614;30-01-2026;Ida.Hansen3@Yahoo.Dk;DE;web;BAG-301;Daypack 25L;2;549;0.1;988.2;completed
12716;30-01-2026;oliver.andersen28@hotmail.com;DE;app;JKT-101;Shell jacket;1;1299;0.0;1299.0;completed
12716;30-01-2026;oliver.andersen28@hotmail.com;DE;app;BAG-302;Trek pack 60L;1;1499;0.0;1499.0;completed
12734;30-01-2026;mikkel.pedersen23@gmail.com;DK;web;JKT-101;Shell jacket;1;1299;0.0;1299.0;completed
10100;31-01-2026;Anna.Hansen28@Gmail.Com;DE;store;ACC-402;Beanie;1;199;0.1;179.1;completed
11062;31-01-2026;Sofie.Hansen63@Hotmail.Com;DK;web;ACC-403;Headlamp;1;349;0.0;349.0;completed
12050;31-01-2026;Laura.Jensen78@Mail.Dk;SE;web;BAG-301;Daypack 25L;1;549;0.0;549.0;completed
12050;31-01-2026;laura.jensen78@mail.dk;SE;web;JKT-101;Shell jacket;1;1299;0.0;1299.0;completed
10358;01-02-2026;ida.larsen39@outlook.dk;DK;web;BAG-301;Daypack 25L;2;549;0.0;1098.0;completed
10358;01-02-2026;ida.larsen39@outlook.dk;DK;web;ACC-402;Beanie;2;199;0.0;398.0;completed
10358;01-02-2026;ida.larsen39@outlook.dk;DK;web;BOT-201;Hiking boots;1;1099;0.0;1099.0;completed
10515;01-02-2026;Magnus.Jensen28@Gmail.Com;NO;web;ACC-403;Headlamp;1;349;0.0;349.0;completed
12677;01-02-2026;clara.larsen60@yahoo.dk;SE;store;ACC-403;Headlamp;1;349;0.0;349.0;completed
12700;01-02-2026;lars.nielsen25@gmail.com;NO;store;ACC-402;Beanie;2;199;0.0;398.0;completed
12700;01-02-2026;lars.nielsen25@gmail.com;NO;store;BAG-301;Daypack 25L;1;549;0.0;549.0;completed
10180;02-02-2026;laura.madsen42@gmail.com;DK;web;ACC-402;Beanie;1;199;0.15;169.15;completed
11324;02-02-2026;sofie.larsen28@outlook.dk;SE;web;ACC-403;Headlamp;1;349;0.0;349.0;completed
11324;02-02-2026;sofie.larsen28@outlook.dk;SE;web;ACC-402;Beanie;1;199;0.0;199.0;completed
11569;02-02-2026;mikkel.hansen29@yahoo.dk;NO;app;ACC-401;Merino socks;1;129;0.0;129.0;completed
11658;02-02-2026;Laura.Nielsen55@Outlook.Dk;DE;app;BAG-302;Trek pack 60L;2;1499;0.1;2698.2;completed
11724;02-02-2026;Sofie.Larsen72@Gmail.Com;NO;web;TNT-501;2p tent;2;2499;0.0;4998.0;completed
11724;02-02-2026;sofie.larsen72@gmail.com;NO;web;ACC-403;Headlamp;1;349;0.0;349.0;completed
12379;02-02-2026;magnus.pedersen20@outlook.dk;SE;store;ACC-401;Merino socks;1;129;0.0;129.0;completed
12379;02-02-2026;Magnus.Pedersen20@Outlook.Dk;SE;store;ACC-403;Headlamp;1;349;0.0;349.0;completed
12830;02-02-2026;noah.larsen22@outlook.dk;DK;app;ACC-402;Beanie;2;199;0.0;398.0;completed
10081;03-02-2026;Sara.Larsen44@Hotmail.Com;DK;web;BAG-301;Daypack 25L;1;549;0.1;494.1;completed
10081;03-02-2026;sara.larsen44@hotmail.com;DK;web;ACC-401;Merino socks;2;129;0.1;232.2;completed
10081;03-02-2026;sara.larsen44@hotmail.com;DK;web;ACC-403;Headlamp;1;349;0.1;314.1;completed
10974;03-02-2026;laura.pedersen76@yahoo.dk;SE;app;JKT-101;Shell jacket;1;1299;0.1;1169.1;completed
10974;03-02-2026;laura.pedersen76@yahoo.dk;SE;app;ACC-401;Merino socks;1;129;0.1;116.1;completed
10974;03-02-2026;Laura.Pedersen76@Yahoo.Dk;SE;app;BAG-301;Daypack 25L;2;549;0.1;988.2;completed
11932;03-02-2026;Emil.Christensen94@Outlook.Dk;NO;web;ACC-402;Beanie;2;199;0.0;398.0;completed
10656;04-02-2026;Jonas.Hansen34@Outlook.Dk;SE;app;TNT-501;2p tent;2;2499;0.0;4998.0;completed
10708;04-02-2026;oliver.madsen53@gmail.com;DK;store;ACC-401;Merino socks;1;129;0.1;116.1;completed
11689;04-02-2026;sara.nielsen78@outlook.dk;DK;store;ACC-402;Beanie;2;199;0.0;398.0;completed
11689;04-02-2026;Sara.Nielsen78@Outlook.Dk;DK;store;BAG-301;Daypack 25L;2;549;0.0;1098.0;completed
12307;04-02-2026;Anna.Rasmussen81@Hotmail.Com;DK;store;SLP-601;Sleeping bag;2;899;0.0;1798.0;completed
12307;04-02-2026;Anna.Rasmussen81@Hotmail.Com;DK;store;ACC-401;Merino socks;1;129;0.0;129.0;completed
12583;04-02-2026;mikkel.andersen88@outlook.dk;DE;web;ACC-402;Beanie;1;199;0.1;179.1;completed
12583;04-02-2026;mikkel.andersen88@outlook.dk;DE;web;BAG-301;Daypack 25L;2;549;0.1;988.2;completed
10738;05-02-2026;Lars.Hansen10@Yahoo.Dk;DK;web;ACC-402;Beanie;1;199;0.0;199.0;completed
10738;05-02-2026;lars.hansen10@yahoo.dk;DK;web;JKT-101;Shell jacket;1;1299;0.0;1299.0;completed
11503;05-02-2026;Laura.Hansen12@Outlook.Dk;DK;web;ACC-402;Beanie;-1;199;0.0;-199.0;refunded
12033;05-02-2026;Mikkel.Jensen53@Gmail.Com;DK;web;BAG-301;Daypack 25L;1;549;0.0;549.0;completed
13025;05-02-2026;Lars.Hansen74@Yahoo.Dk;NO;app;JKT-102;Down jacket;2;1899;0.0;3798.0;completed
10300;06-02-2026;freja.nielsen97@outlook.dk;DE;app;SLP-601;Sleeping bag;2;899;0.0;1798.0;completed
10614;06-02-2026;Freja.Rasmussen60@Gmail.Com;DE;app;JKT-101;Shell jacket;1;1299;0.0;1299.0;completed
10614;06-02-2026;Freja.Rasmussen60@Gmail.Com;DE;app;SLP-601;Sleeping bag;1;899;0.0;899.0;completed
10614;06-02-2026;freja.rasmussen60@gmail.com;DE;app;ACC-401;Merino socks;2;129;0.0;258.0;completed
13026;06-02-2026;lars.hansen74@yahoo.dk;NO;app;ACC-401;Merino socks;2;129;0.1;232.2;completed
13026;06-02-2026;lars.hansen74@yahoo.dk;NO;app;BOT-201;Hiking boots;1;1099;0.1;989.1;completed
13048;06-02-2026;clara.jensen88@outlook.dk;DE;web;ACC-402;Beanie;1;199;0.15;169.15;completed
13048;06-02-2026;clara.jensen88@outlook.dk;DE;web;ACC-403;Headlamp;1;349;0.15;296.65;completed
10102;07-02-2026;mette.rasmussen9@yahoo.dk;SE;app;ACC-401;Merino socks;2;129;0.1;232.2;completed
10301;07-02-2026;freja.nielsen97@outlook.dk;DE;app;ACC-403;Headlamp;2;349;0.0;698.0;completed
11102;07-02-2026;magnus.jensen51@outlook.dk;DK;app;ACC-402;Beanie;2;199;0.1;358.2;completed
11102;07-02-2026;magnus.jensen51@outlook.dk;DK;app;BAG-302;Trek pack 60L;1;1499;0.1;1349.1;completed
11102;07-02-2026;magnus.jensen51@outlook.dk;DK;app;TNT-501;2p tent;1;2499;0.1;2249.1;completed
11851;07-02-2026;jonas.christensen85@outlook.dk;DE;web;JKT-101;Shell jacket;2;1299;0.0;2598.0;completed
12447;07-02-2026;mette.larsen7@outlook.dk;DK;web;ACC-401;Merino socks;1;129;0.0;129.0;completed
12447;07-02-2026;Mette.Larsen7@Outlook.Dk;DK;web;BAG-301;Daypack 25L;1;549;0.0;549.0;completed
12979;07-02-2026;Clara.Petersen73@Outlook.Dk;DE;web;ACC-402;Beanie;1;199;0.0;199.0;completed
12979;07-02-2026;Clara.Petersen73@Outlook.Dk;DE;web;TNT-501;2p tent;2;2499;0.0;4998.0;completed
12979;07-02-2026;clara.petersen73@outlook.dk;DE;web;ACC-401;Merino socks;1;129;0.0;129.0;completed
10100;08-02-2026;Anna.Hansen28@Gmail.Com;DE;store;ACC-402;Beanie;-1;199;0.1;-179.1;refunded
10100;08-02-2026;Anna.Hansen28@Gmail.Com;DE;store;ACC-402;Beanie;-1;199;0.1;-179.1;refunded
11970;08-02-2026;Clara.Christensen4@Outlook.Dk;SE;store;ACC-401;Merino socks;1;129;0.0;129.0;completed
12845;08-02-2026;magnus.petersen57@yahoo.dk;DK;web;ACC-401;Merino socks;2;129;0.0;258.0;completed
12845;08-02-2026;magnus.petersen57@yahoo.dk;DK;web;BAG-301;Daypack 25L;1;549;0.0;549.0;completed
12845;08-02-2026;magnus.petersen57@yahoo.dk;DK;web;ACC-403;Headlamp;1;349;0.0;349.0;completed
10122;09-02-2026;mikkel.larsen75@yahoo.dk;DE;store;ACC-403;Headlamp;1;349;0.1;314.1;completed
10122;09-02-2026;mikkel.larsen75@yahoo.dk;DE;store;BAG-301;Daypack 25L;1;549;0.1;494.1;completed
11370;09-02-2026;clara.hansen26@gmail.com;SE;web;ACC-403;Headlamp;1;349;0.1;314.1;completed
11370;09-02-2026;clara.hansen26@gmail.com;SE;web;ACC-401;Merino socks;1;129;0.1;116.1;completed
12533;09-02-2026;lars.jensen52@mail.dk;DK;app;BAG-301;Daypack 25L;-2;549;0.0;-1098.0;refunded
10505;10-02-2026;anna.andersen23@mail.dk;DK;web;ACC-403;Headlamp;1;349;0.15;296.65;completed
10505;10-02-2026;Anna.Andersen23@Mail.Dk;DK;web;BAG-301;Daypack 25L;1;549;0.15;466.65;completed
10487;11-02-2026;jonas.madsen8@mail.dk;SE;web;BAG-301;Daypack 25L;1;549;0.1;494.1;completed
10778;11-02-2026;magnus.larsen72@mail.dk;DK;web;JKT-102;Down jacket;1;1899;0.1;1709.1;completed
10778;11-02-2026;Magnus.Larsen72@Mail.Dk;DK;web;JKT-101;Shell jacket;1;1299;0.1;1169.1;completed
11464;11-02-2026;freja.madsen9@mail.dk;DE;store;SLP-601;Sleeping bag;2;899;0.0;1798.0;completed
11464;11-02-2026;freja.madsen9@mail.dk;DE;store;ACC-402;Beanie;1;199;0.0;199.0;completed
11933;11-02-2026;Emil.Christensen94@Outlook.Dk;NO;web;ACC-401;Merino socks;1;129;0.1;116.1;completed
12534;11-02-2026;;DK;app;ACC-401;Merino socks;1;129;0.15;109.65;completed
12051;12-02-2026;Laura.Jensen78@Mail.Dk;SE;web;ACC-402;Beanie;1;199;0.0;199.0;completed
12051;12-02-2026;laura.jensen78@mail.dk;SE;web;BAG-301;Daypack 25L;1;549;0.0;549.0;completed
12051;12-02-2026;Laura.Jensen78@Mail.Dk;SE;web;JKT-102;Down jacket;1;1899;0.0;1899.0;completed
12696;12-02-2026;magnus.rasmussen52@hotmail.com;DE;store;ACC-402;Beanie;1;199;0.15;169.15;completed
12696;12-02-2026;magnus.rasmussen52@hotmail.com;DE;store;BOT-201;Hiking boots;1;1099;0.15;934.15;completed
12406;13-02-2026;anna.pedersen23@outlook.dk;NO;app;JKT-102;Down jacket;1;1899;0.1;1709.1;completed
12607;13-02-2026;sofie.larsen14@hotmail.com;DK;web;ACC-401;Merino socks;1;129;0.0;129.0;completed
11123;14-02-2026;Sofie.Hansen67@Mail.Dk;DK;web;JKT-102;Down jacket;1;1899;0.0;1899.0;completed
11123;14-02-2026;sofie.hansen67@mail.dk;DK;web;ACC-402;Beanie;1;199;0.0;199.0;completed
11306;14-02-2026;Noah.Christensen98@Gmail.Com;NO;web;ACC-401;Merino socks;2;129;0.0;258.0;completed
11306;14-02-2026;Noah.Christensen98@Gmail.Com;NO;web;ACC-403;Headlamp;1;349;0.0;349.0;completed
11823;14-02-2026;Oliver.Nielsen2@Outlook.Dk;SE;web;ACC-402;Beanie;1;199;0.0;199.0;completed
12314;14-02-2026;noah.christensen90@hotmail.com;DK;web;SLP-601;Sleeping bag;1;899;0.1;809.1;completed
12314;14-02-2026;noah.christensen90@hotmail.com;DK;web;ACC-402;Beanie;1;199;0.1;179.1;completed
11486;15-02-2026;mikkel.nielsen91@gmail.com;DE;store;ACC-402;Beanie;2;199;0.0;398.0;completed
11520;15-02-2026;Mikkel.Pedersen52@Gmail.Com;DK;web;ACC-401;Merino socks;1;129;0.15;109.65;completed
11520;15-02-2026;mikkel.pedersen52@gmail.com;DK;web;BAG-302;Trek pack 60L;1;1499;0.15;1274.15;completed
12271;15-02-2026;Oliver.Larsen44@Outlook.Dk;SE;web;JKT-102;Down jacket;2;1899;0.1;3418.2;completed
12271;15-02-2026;oliver.larsen44@outlook.dk;SE;web;JKT-101;Shell jacket;1;1299;0.1;1169.1;completed
12271;15-02-2026;oliver.larsen44@outlook.dk;SE;web;ACC-403;Headlamp;1;349;0.1;314.1;completed
10534;16-02-2026;jonas.madsen43@yahoo.dk;NO;web;ACC-403;Headlamp;1;349;0.0;349.0;completed
12059;16-02-2026;;DK;web;BAG-302;Trek pack 60L;1;1499;0.0;1499.0;completed
12059;16-02-2026;;DK;web;ACC-401;Merino socks;1;129;0.0;129.0;completed
12948;17-02-2026;noah.madsen55@outlook.dk;DK;web;ACC-401;Merino socks;1;129;0.0;129.0;completed
10537;18-02-2026;freja.rasmussen71@outlook.dk;SE;store;ACC-402;Beanie;1;199;0.0;199.0;completed
11155;18-02-2026;clara.madsen78@hotmail.com;DK;app;ACC-402;Beanie;1;199;0.15;169.15;completed
11155;18-02-2026;clara.madsen78@hotmail.com;DK;app;ACC-401;Merino socks;2;129;0.15;219.3;completed
12749;18-02-2026;mikkel.pedersen87@gmail.com;DK;app;BOT-201;Hiking boots;1;1099;0.15;934.15;completed
12749;18-02-2026;mikkel.pedersen87@gmail.com;DK;app;BAG-302;Trek pack 60L;2;1499;0.15;2548.3;completed
12839;18-02-2026;clara.nielsen16@outlook.dk;DK;web;ACC-401;Merino socks;2;129;0.0;258.0;completed
12839;18-02-2026;clara.nielsen16@outlook.dk;DK;web;TNT-501;2p tent;2;2499;0.0;4998.0;completed
13044;18-02-2026;Clara.Jensen1@Hotmail.Com;DK;web;ACC-402;Beanie;1;199;0.1;179.1;completed
11504;19-02-2026;Laura.Hansen12@Outlook.Dk;DK;web;ACC-401;Merino socks;1;129;0.0;129.0;completed
11784;19-02-2026;oliver.pedersen53@hotmail.com;SE;web;ACC-401;Merino socks;1;129;0.0;129.0;completed
11784;19-02-2026;oliver.pedersen53@hotmail.com;SE;web;BAG-301;Daypack 25L;1;549;0.0;549.0;completed
11886;19-02-2026;sara.larsen62@mail.dk;DE;web;JKT-101;Shell jacket;1;1299;0.0;1299.0;completed
12123;19-02-2026;oliver.larsen63@outlook.dk;DK;web;ACC-401;Merino socks;1;129;0.15;109.65;completed
12123;19-02-2026;oliver.larsen63@outlook.dk;DK;web;BOT-201;Hiking boots;2;1099;0.15;1868.3;completed
12123;19-02-2026;oliver.larsen63@outlook.dk;DK;web;BAG-301;Daypack 25L;1;549;0.15;466.65;completed
12680;19-02-2026;Magnus.Larsen64@Gmail.Com;NO;app;JKT-101;Shell jacket;1;1299;0.0;1299.0;completed
12706;19-02-2026;sofie.hansen53@hotmail.com;DK;web;JKT-101;Shell jacket;1;1299;0.0;1299.0;completed
10084;20-02-2026;clara.andersen44@mail.dk;DK;web;ACC-401;Merino socks;1;129;0.0;129.0;completed
10759;20-02-2026;Anna.Jensen35@Mail.Dk;DK;web;BOT-201;Hiking boots;1;1099;0.15;934.15;completed
10759;20-02-2026;anna.jensen35@mail.dk;DK;web;TNT-501;2p tent;1;2499;0.15;2124.15;completed
10759;20-02-2026;anna.jensen35@mail.dk;DK;web;BAG-301;Daypack 25L;2;549;0.15;933.3;completed
10759;20-02-2026;Anna.Jensen35@Mail.Dk;DK;web;BOT-201;Hiking boots;1;1099;0.15;934.15;completed
11505;20-02-2026;laura.hansen12@outlook.dk;DK;web;BOT-201;Hiking boots;1;1099;0.0;1099.0;completed
11505;20-02-2026;laura.hansen12@outlook.dk;DK;web;ACC-401;Merino socks;1;129;0.0;129.0;completed
11505;20-02-2026;laura.hansen12@outlook.dk;DK;web;BAG-301;Daypack 25L;1;549;0.0;549.0;completed
12949;20-02-2026;noah.madsen55@outlook.dk;DK;web;JKT-101;Shell jacket;1;1299;0.0;1299.0;completed
12960;20-02-2026;noah.rasmussen47@hotmail.com;DK;web;ACC-401;Merino socks;1;129;0.0;129.0;completed
10267;21-02-2026;emil.christensen70@mail.dk;DK;web;BAG-301;Daypack 25L;1;549;0.1;494.1;completed
10267;21-02-2026;emil.christensen70@mail.dk;DK;web;ACC-402;Beanie;1;199;0.1;179.1;completed
11484;21-02-2026;noah.larsen24@outlook.dk;NO;web;ACC-402;Beanie;1;199;0.1;179.1;completed
11708;21-02-2026;emil.nielsen59@hotmail.com;DK;web;BAG-301;Daypack 25L;1;549;0.0;549.0;completed
11708;21-02-2026;emil.nielsen59@hotmail.com;DK;web;ACC-401;Merino socks;1;129;0.0;129.0;completed
11725;21-02-2026;sofie.larsen72@gmail.com;NO;web;SLP-601;Sleeping bag;1;899;0.0;899.0;completed
11725;21-02-2026;sofie.larsen72@gmail.com;NO;web;ACC-401;Merino socks;2;129;0.0;258.0;completed
12687;21-02-2026;sara.larsen14@hotmail.com;DE;web;ACC-401;Merino socks;1;129;0.0;129.0;completed
12869;21-02-2026;Sara.Rasmussen27@Outlook.Dk;DK;web;ACC-401;Merino socks;1;129;0.15;109.65;completed
12869;21-02-2026;sara.rasmussen27@outlook.dk;DK;web;ACC-403;Headlamp;1;349;0.15;296.65;completed
10573;22-02-2026;mikkel.andersen62@yahoo.dk;NO;web;JKT-101;Shell jacket;1;1299;0.1;1169.1;completed
11676;22-02-2026;anna.nielsen75@outlook.dk;NO;web;ACC-403;Headlamp;2;349;0.0;698.0;completed
11959;22-02-2026;noah.rasmussen34@mail.dk;NO;app;JKT-101;Shell jacket;2;1299;0.0;2598.0;completed
11959;22-02-2026;noah.rasmussen34@mail.dk;NO;app;ACC-403;Headlamp;1;349;0.0;349.0;completed
11959;22-02-2026;Noah.Rasmussen34@Mail.Dk;NO;app;BAG-301;Daypack 25L;1;549;0.0;549.0;completed
12240;22-02-2026;Mikkel.Rasmussen86@Gmail.Com;DK;app;BAG-301;Daypack 25L;2;549;0.0;1098.0;completed
12240;22-02-2026;Mikkel.Rasmussen86@Gmail.Com;DK;app;ACC-402;Beanie;1;199;0.0;199.0;completed
12240;22-02-2026;mikkel.rasmussen86@gmail.com;DK;app;SLP-601;Sleeping bag;1;899;0.0;899.0;completed
12407;22-02-2026;anna.pedersen23@outlook.dk;NO;app;ACC-401;Merino socks;1;129;0.15;109.65;completed
12407;22-02-2026;Anna.Pedersen23@Outlook.Dk;NO;app;BAG-302;Trek pack 60L;1;1499;0.15;1274.15;completed
10608;23-02-2026;mette.madsen51@outlook.dk;DK;app;ACC-402;Beanie;2;199;0.15;338.3;completed
10608;23-02-2026;mette.madsen51@outlook.dk;DK;app;ACC-401;Merino socks;1;129;0.15;109.65;completed
11606;23-02-2026;mette.nielsen10@yahoo.dk;DK;store;ACC-403;Headlamp;2;349;0.0;698.0;completed
11606;23-02-2026;mette.nielsen10@yahoo.dk;DK;store;TNT-501;2p tent;1;2499;0.0;2499.0;completed
12394;23-02-2026;jonas.jensen87@gmail.com;DE;store;ACC-401;Merino socks;2;129;0.1;232.2;completed
12907;23-02-2026;Mette.Andersen9@Hotmail.Com;DK;store;JKT-101;Shell jacket;1;1299;0.0;1299.0;completed
12907;23-02-2026;mette.andersen9@hotmail.com;DK;store;ACC-401;Merino socks;1;129;0.0;129.0;completed
10366;24-02-2026;oliver.jensen83@mail.dk;SE;web;BAG-301;Daypack 25L;2;549;0.0;1098.0;completed
10739;24-02-2026;;DK;web;ACC-402;Beanie;2;199;0.0;398.0;completed
11181;25-02-2026;anna.jensen75@yahoo.dk;DK;web;ACC-401;Merino socks;1;129;0.0;129.0;completed
11900;25-02-2026;Sara.Larsen55@Mail.Dk;SE;web;JKT-101;Shell jacket;1;1299;0.0;1299.0;completed
12365;25-02-2026;emil.hansen96@gmail.com;DK;web;ACC-401;Merino socks;2;129;0.0;258.0;completed
12815;25-02-2026;lars.andersen88@hotmail.com;NO;store;BAG-301;Daypack 25L;1;549;0.0;549.0;completed
10123;26-02-2026;mikkel.larsen75@yahoo.dk;DE;store;ACC-403;Headlamp;2;349;0.0;698.0;completed
11637;26-02-2026;Sofie.Nielsen96@Gmail.Com;NO;web;ACC-401;Merino socks;2;129;0.1;232.2;completed
11637;26-02-2026;Sofie.Nielsen96@Gmail.Com;NO;web;JKT-101;Shell jacket;1;1299;0.1;1169.1;completed
12195;26-02-2026;oliver.christensen54@yahoo.dk;DK;store;JKT-101;Shell jacket;2;1299;0.1;2338.2;completed
12195;26-02-2026;Oliver.Christensen54@Yahoo.Dk;DK;store;ACC-402;Beanie;2;199;0.1;358.2;completed
12448;26-02-2026;mette.larsen7@outlook.dk;DK;web;ACC-401;Merino socks;1;129;0.1;116.1;completed
12448;26-02-2026;mette.larsen7@outlook.dk;DK;web;ACC-402;Beanie;1;199;0.1;179.1;completed
12672;26-02-2026;laura.madsen65@hotmail.com;DK;web;ACC-403;Headlamp;1;349;0.1;314.1;completed
11013;27-02-2026;lars.madsen18@outlook.dk;SE;web;BAG-302;Trek pack 60L;2;1499;0.15;2548.3;completed
11013;27-02-2026;lars.madsen18@outlook.dk;SE;web;ACC-401;Merino socks;1;129;0.15;109.65;completed
11013;27-02-2026;lars.madsen18@outlook.dk;SE;web;JKT-101;Shell jacket;1;1299;0.15;1104.15;completed
12876;27-02-2026;freja.christensen47@gmail.com;DK;store;BAG-302;Trek pack 60L;1;1499;0.15;1274.15;completed
12948;27-02-2026;noah.madsen55@outlook.dk;DK;web;ACC-401;Merino socks;-1;129;0.0;-129.0;refunded
12975;27-02-2026;sofie.hansen55@mail.dk;NO;web;JKT-102;Down jacket;1;1899;0.15;1614.15;completed
12975;27-02-2026;Sofie.Hansen55@Mail.Dk;NO;web;ACC-402;Beanie;2;199;0.15;338.3;completed
10124;28-02-2026;mikkel.larsen75@yahoo.dk;DE;store;ACC-403;Headlamp;1;349;0.1;314.1;completed
10124;28-02-2026;mikkel.larsen75@yahoo.dk;DE;store;ACC-401;Merino socks;1;129;0.1;116.1;completed
11443;28-02-2026;ida.nielsen2@outlook.dk;DK;web;BAG-301;Daypack 25L;1;549;0.0;549.0;completed
11443;28-02-2026;ida.nielsen2@outlook.dk;DK;web;ACC-403;Headlamp;1;349;0.0;349.0;completed
11472;28-02-2026;Sara.Christensen73@Hotmail.Com;DK;web;ACC-401;Merino socks;1;129;0.0;129.0;completed
11472;28-02-2026;Sara.Christensen73@Hotmail.Com;DK;web;ACC-403;Headlamp;2;349;0.0;698.0;completed
12599;28-02-2026;freja.larsen75@mail.dk;DK;web;SLP-601;Sleeping bag;1;899;0.0;899.0;completed
13021;28-02-2026;anna.rasmussen6@hotmail.com;NO;web;ACC-401;Merino socks;1;129;0.0;129.0;completed
10165;01-03-2026;anna.petersen40@outlook.dk;SE;app;BAG-301;Daypack 25L;1;549;0.1;494.1;completed
10165;01-03-2026;Anna.Petersen40@Outlook.Dk;SE;app;ACC-401;Merino socks;2;129;0.1;232.2;completed
11306;01-03-2026;Noah.Christensen98@Gmail.Com;NO;web;ACC-401;Merino socks;-2;129;0.0;-258.0;refunded
12052;01-03-2026;laura.jensen78@mail.dk;SE;web;ACC-403;Headlamp;1;349;0.15;296.65;completed
12052;01-03-2026;laura.jensen78@mail.dk;SE;web;ACC-402;Beanie;2;199;0.15;338.3;completed
12205;01-03-2026;magnus.christensen95@yahoo.dk;DK;app;BAG-301;Daypack 25L;1;549;0.0;549.0;completed
13045;01-03-2026;clara.jensen1@hotmail.com;DK;web;BAG-301;Daypack 25L;2;549;0.0;1098.0;completed
13045;01-03-2026;clara.jensen1@hotmail.com;DK;web;JKT-102;Down jacket;1;1899;0.0;1899.0;completed
11030;02-03-2026;mikkel.hansen73@yahoo.dk;DE;web;BAG-302;Trek pack 60L;2;1499;0.1;2698.2;completed
11570;02-03-2026;mikkel.hansen29@yahoo.dk;NO;app;JKT-102;Down jacket;1;1899;0.1;1709.1;completed
11570;02-03-2026;mikkel.hansen29@yahoo.dk;NO;app;TNT-501;2p tent;1;2499;0.1;2249.1;completed
11934;02-03-2026;emil.christensen94@outlook.dk;NO;web;ACC-402;Beanie;1;199;0.15;169.15;completed
12635;02-03-2026;emil.rasmussen96@gmail.com;DK;store;BAG-301;Daypack 25L;1;549;0.0;549.0;completed
12995;03-03-2026;anna.pedersen61@hotmail.com;SE;web;BAG-301;Daypack 25L;2;549;0.0;1098.0;completed
12995;03-03-2026;anna.pedersen61@hotmail.com;SE;web;ACC-402;Beanie;1;199;0.0;199.0;completed
10906;04-03-2026;jonas.christensen57@gmail.com;DK;app;ACC-401;Merino socks;1;129;0.15;109.65;completed
11465;04-03-2026;Freja.Madsen9@Mail.Dk;DE;store;JKT-101;Shell jacket;1;1299;0.0;1299.0;completed
11465;04-03-2026;freja.madsen9@mail.dk;DE;store;ACC-401;Merino socks;1;129;0.0;129.0;completed
11465;04-03-2026;Freja.Madsen9@Mail.Dk;DE;store;ACC-402;Beanie;1;199;0.0;199.0;completed
12191;04-03-2026;mikkel.petersen5@gmail.com;NO;web;ACC-402;Beanie;1;199;0.0;199.0;completed
10615;05-03-2026;freja.rasmussen60@gmail.com;DE;app;ACC-403;Headlamp;1;349;0.1;314.1;completed
10615;05-03-2026;Freja.Rasmussen60@Gmail.Com;DE;app;BAG-301;Daypack 25L;1;549;0.1;494.1;completed
10984;05-03-2026;Sara.Hansen54@Outlook.Dk;DK;web;ACC-401;Merino socks;1;129;0.1;116.1;completed
10984;05-03-2026;sara.hansen54@outlook.dk;DK;web;TNT-501;2p tent;1;2499;0.1;2249.1;completed
10984;05-03-2026;sara.hansen54@outlook.dk;DK;web;ACC-403;Headlamp;2;349;0.1;628.2;completed
12356;05-03-2026;lars.petersen7@gmail.com;DK;web;BAG-301;Daypack 25L;1;549;0.15;466.65;completed
12356;05-03-2026;Lars.Petersen7@Gmail.Com;DK;web;ACC-402;Beanie;1;199;0.15;169.15;completed
12636;05-03-2026;emil.rasmussen96@gmail.com;DK;store;ACC-401;Merino socks;1;129;0.0;129.0;completed
12636;05-03-2026;emil.rasmussen96@gmail.com;DK;store;ACC-401;Merino socks;1;129;0.0;129.0;completed
12762;05-03-2026;Freja.Larsen96@Yahoo.Dk;DE;web;ACC-401;Merino socks;1;129;0.1;116.1;completed
12762;05-03-2026;freja.larsen96@yahoo.dk;DE;web;BOT-201;Hiking boots;1;1099;0.1;989.1;completed
10951;06-03-2026;clara.hansen83@gmail.com;DE;web;ACC-402;Beanie;2;199;0.0;398.0;completed
10951;06-03-2026;clara.hansen83@gmail.com;DE;web;JKT-101;Shell jacket;1;1299;0.0;1299.0;completed
10308;07-03-2026;laura.christensen33@hotmail.com;SE;web;ACC-402;Beanie;2;199;0.0;398.0;completed
10473;07-03-2026;sofie.jensen50@yahoo.dk;DE;store;ACC-401;Merino socks;1;129;0.15;109.65;completed
10538;07-03-2026;freja.rasmussen71@outlook.dk;SE;store;JKT-101;Shell jacket;1;1299;0.15;1104.15;completed
10538;07-03-2026;Freja.Rasmussen71@Outlook.Dk;SE;store;ACC-401;Merino socks;1;129;0.15;109.65;completed
11014;07-03-2026;lars.madsen18@outlook.dk;SE;web;ACC-402;Beanie;1;199;0.0;199.0;completed
11014;07-03-2026;lars.madsen18@outlook.dk;SE;web;BOT-201;Hiking boots;1;1099;0.0;1099.0;completed
11815;07-03-2026;magnus.madsen38@yahoo.dk;DK;app;BAG-301;Daypack 25L;2;549;0.15;933.3;completed
12294;07-03-2026;Laura.Andersen27@Mail.Dk;SE;web;BAG-301;Daypack 25L;2;549;0.0;1098.0;completed
12294;07-03-2026;laura.andersen27@mail.dk;SE;web;ACC-403;Headlamp;2;349;0.0;698.0;completed
12294;07-03-2026;laura.andersen27@mail.dk;SE;web;BOT-201;Hiking boots;2;1099;0.0;2198.0;completed
10156;08-03-2026;sara.petersen48@yahoo.dk;SE;app;ACC-401;Merino socks;1;129;0.0;129.0;completed
12824;10-03-2026;magnus.larsen7@mail.dk;SE;web;ACC-402;Beanie;1;199;0.0;199.0;completed
10574;11-03-2026;mikkel.andersen62@yahoo.dk;NO;web;SLP-601;Sleeping bag;1;899;0.0;899.0;completed
10574;11-03-2026;mikkel.andersen62@yahoo.dk;NO;web;BOT-201;Hiking boots;1;1099;0.0;1099.0;completed
10574;11-03-2026;mikkel.andersen62@yahoo.dk;NO;web;SLP-601;Sleeping bag;1;899;0.0;899.0;completed
11857;11-03-2026;Noah.Madsen19@Outlook.Dk;DK;web;JKT-102;Down jacket;2;1899;0.0;3798.0;completed
11857;11-03-2026;noah.madsen19@outlook.dk;DK;web;BAG-302;Trek pack 60L;1;1499;0.0;1499.0;completed
12177;12-03-2026;emil.pedersen85@gmail.com;DK;store;BOT-201;Hiking boots;1;1099;0.0;1099.0;completed
10580;13-03-2026;Freja.Andersen46@Outlook.Dk;DK;app;BAG-301;Daypack 25L;1;549;0.0;549.0;completed
10580;13-03-2026;freja.andersen46@outlook.dk;DK;app;ACC-403;Headlamp;1;349;0.0;349.0;completed
10580;13-03-2026;freja.andersen46@outlook.dk;DK;app;JKT-101;Shell jacket;1;1299;0.0;1299.0;completed
10697;13-03-2026;emil.rasmussen36@gmail.com;DK;web;BOT-201;Hiking boots;1;1099;0.0;1099.0;completed
10697;13-03-2026;Emil.Rasmussen36@Gmail.Com;DK;web;BAG-301;Daypack 25L;1;549;0.0;549.0;completed
10952;13-03-2026;clara.hansen83@gmail.com;DE;web;ACC-402;Beanie;1;199;0.0;199.0;completed
10952;13-03-2026;clara.hansen83@gmail.com;DE;web;JKT-101;Shell jacket;1;1299;0.0;1299.0;completed
10952;13-03-2026;clara.hansen83@gmail.com;DE;web;BOT-201;Hiking boots;1;1099;0.0;1099.0;completed
11960;13-03-2026;noah.rasmussen34@mail.dk;NO;app;JKT-101;Shell jacket;1;1299;0.15;1104.15;completed
12506;13-03-2026;magnus.madsen25@gmail.com;DK;web;ACC-401;Merino socks;1;129;0.0;129.0;completed
13088;13-03-2026;magnus.rasmussen48@gmail.com;DK;web;BOT-201;Hiking boots;1;1099;0.15;934.15;completed
10474;14-03-2026;sofie.jensen50@yahoo.dk;DE;store;ACC-401;Merino socks;1;129;0.0;129.0;completed
10861;14-03-2026;laura.andersen2@gmail.com;SE;app;ACC-403;Headlamp;1;349;0.1;314.1;completed
11163;14-03-2026;magnus.andersen64@gmail.com;DK;store;SLP-601;Sleeping bag;1;899;0.0;899.0;completed
11185;14-03-2026;sofie.rasmussen50@yahoo.dk;DK;store;ACC-401;Merino socks;1;129;0.0;129.0;completed
11506;14-03-2026;Laura.Hansen12@Outlook.Dk;DK;web;BOT-201;Hiking boots;1;1099;0.1;989.1;completed
12060;14-03-2026;;DK;web;JKT-101;Shell jacket;1;1299;0.0;1299.0;completed
12060;14-03-2026;;DK;web;ACC-402;Beanie;1;199;0.0;199.0;completed
12060;14-03-2026;;DK;web;JKT-102;Down jacket;1;1899;0.0;1899.0;completed
12134;14-03-2026;Mette.Madsen70@Yahoo.Dk;DK;app;JKT-101;Shell jacket;2;1299;0.15;2208.3;completed
12507;14-03-2026;Magnus.Madsen25@Gmail.Com;DK;web;JKT-101;Shell jacket;1;1299;0.15;1104.15;completed
10305;15-03-2026;Sofie.Andersen3@Hotmail.Com;DE;web;ACC-402;Beanie;1;199;0.0;199.0;completed
10305;15-03-2026;sofie.andersen3@hotmail.com;DE;web;TNT-501;2p tent;1;2499;0.0;2499.0;completed
10305;15-03-2026;sofie.andersen3@hotmail.com;DE;web;ACC-403;Headlamp;1;349;0.0;349.0;completed
10305;15-03-2026;Sofie.Andersen3@Hotmail.Com;DE;web;ACC-402;Beanie;1;199;0.0;199.0;completed
11128;15-03-2026;anna.christensen67@yahoo.dk;DK;web;BAG-301;Daypack 25L;1;549;0.0;549.0;completed
11128;15-03-2026;Anna.Christensen67@Yahoo.Dk;DK;web;BOT-201;Hiking boots;2;1099;0.0;2198.0;completed
11128;15-03-2026;Anna.Christensen67@Yahoo.Dk;DK;web;ACC-403;Headlamp;1;349;0.0;349.0;completed
10516;16-03-2026;magnus.jensen28@gmail.com;NO;web;ACC-403;Headlamp;1;349;0.15;296.65;completed
10516;16-03-2026;magnus.jensen28@gmail.com;NO;web;ACC-402;Beanie;2;199;0.15;338.3;completed
10632;16-03-2026;Noah.Nielsen83@Hotmail.Com;SE;web;JKT-102;Down jacket;2;1899;0.15;3228.3;completed
11296;16-03-2026;emil.petersen44@outlook.dk;NO;web;JKT-102;Down jacket;1;1899;0.15;1614.15;completed
12040;16-03-2026;ida.jensen40@hotmail.com;NO;web;JKT-101;Shell jacket;2;1299;0.0;2598.0;completed
12040;16-03-2026;ida.jensen40@hotmail.com;NO;web;ACC-403;Headlamp;1;349;0.0;349.0;completed
12499;16-03-2026;Jonas.Andersen18@Hotmail.Com;DK;web;BAG-301;Daypack 25L;1;549;0.0;549.0;completed
12519;16-03-2026;emil.jensen46@gmail.com;NO;web;ACC-401;Merino socks;2;129;0.15;219.3;completed
12519;16-03-2026;Emil.Jensen46@Gmail.Com;NO;web;SLP-601;Sleeping bag;2;899;0.15;1528.3;completed
10125;17-03-2026;mikkel.larsen75@yahoo.dk;DE;store;BAG-301;Daypack 25L;1;549;0.0;549.0;completed
10539;19-03-2026;freja.rasmussen71@outlook.dk;SE;store;BAG-302;Trek pack 60L;1;1499;0.0;1499.0;completed
11447;19-03-2026;anna.madsen15@gmail.com;DK;web;ACC-401;Merino socks;1;129;0.0;129.0;completed
10717;21-03-2026;anna.larsen78@gmail.com;NO;web;ACC-403;Headlamp;1;349;0.0;349.0;completed
10717;21-03-2026;anna.larsen78@gmail.com;NO;web;ACC-402;Beanie;1;199;0.0;199.0;completed
11035;21-03-2026;sara.petersen84@yahoo.dk;DK;web;ACC-403;Headlamp;2;349;0.0;698.0;completed
11507;21-03-2026;Laura.Hansen12@Outlook.Dk;DK;web;BOT-201;Hiking boots;1;1099;0.15;934.15;completed
11507;21-03-2026;laura.hansen12@outlook.dk;DK;web;ACC-403;Headlamp;2;349;0.15;593.3;completed
11411;22-03-2026;;NO;web;JKT-101;Shell jacket;2;1299;0.1;2338.2;completed
11411;22-03-2026;;NO;web;ACC-401;Merino socks;1;129;0.1;116.1;completed
11411;22-03-2026;;NO;web;SLP-601;Sleeping bag;1;899;0.1;809.1;completed
11630;22-03-2026;emil.jensen31@gmail.com;DE;web;JKT-101;Shell jacket;1;1299;0.15;1104.15;completed
11934;22-03-2026;emil.christensen94@outlook.dk;NO;web;ACC-402;Beanie;-1;199;0.15;-169.15;refunded
12846;22-03-2026;magnus.petersen57@yahoo.dk;DK;web;ACC-402;Beanie;1;199;0.0;199.0;completed
10474;23-03-2026;sofie.jensen50@yahoo.dk;DE;store;ACC-401;Merino socks;-1;129;0.0;-129.0;refunded
10474;23-03-2026;sofie.jensen50@yahoo.dk;DE;store;ACC-401;Merino socks;-1;129;0.0;-129.0;refunded
10781;23-03-2026;ida.pedersen56@hotmail.com;DK;app;ACC-401;Merino socks;2;129;0.1;232.2;completed
11031;23-03-2026;mikkel.hansen73@yahoo.dk;DE;web;ACC-403;Headlamp;2;349;0.0;698.0;completed
12389;23-03-2026;mikkel.andersen56@hotmail.com;DE;web;JKT-102;Down jacket;1;1899;0.15;1614.15;completed
12389;23-03-2026;mikkel.andersen56@hotmail.com;DE;web;ACC-403;Headlamp;1;349;0.15;296.65;completed
12389;23-03-2026;mikkel.andersen56@hotmail.com;DE;web;ACC-401;Merino socks;1;129;0.15;109.65;completed
10289;24-03-2026;mikkel.petersen38@hotmail.com;DK;web;BAG-301;Daypack 25L;1;549;0.15;466.65;completed
11015;24-03-2026;lars.madsen18@outlook.dk;SE;web;BAG-301;Daypack 25L;1;549;0.0;549.0;completed
11015;24-03-2026;lars.madsen18@outlook.dk;SE;web;BAG-302;Trek pack 60L;1;1499;0.0;1499.0;completed
11015;24-03-2026;Lars.Madsen18@Outlook.Dk;SE;web;BOT-201;Hiking boots;1;1099;0.0;1099.0;completed
11364;24-03-2026;oliver.andersen58@yahoo.dk;DK;store;ACC-402;Beanie;1;199;0.15;169.15;completed
11547;24-03-2026;mette.pedersen65@hotmail.com;NO;store;JKT-102;Down jacket;1;1899;0.0;1899.0;completed
11547;24-03-2026;mette.pedersen65@hotmail.com;NO;store;BOT-201;Hiking boots;1;1099;0.0;1099.0;completed
12424;24-03-2026;mikkel.petersen19@gmail.com;NO;web;ACC-401;Merino socks;1;129;0.1;116.1;completed
12424;24-03-2026;Mikkel.Petersen19@Gmail.Com;NO;web;BAG-301;Daypack 25L;2;549;0.1;988.2;completed
12424;24-03-2026;mikkel.petersen19@gmail.com;NO;web;SLP-601;Sleeping bag;1;899;0.1;809.1;completed
10095;25-03-2026;;NO;web;ACC-401;Merino socks;1;129;0.0;129.0;completed
11224;25-03-2026;mette.jensen44@mail.dk;NO;web;ACC-402;Beanie;2;199;0.0;398.0;completed
11393;25-03-2026;laura.madsen60@hotmail.com;DE;web;BOT-201;Hiking boots;1;1099;0.15;934.15;completed
12044;25-03-2026;Oliver.Christensen77@Mail.Dk;DK;web;ACC-402;Beanie;1;199;0.1;179.1;completed
10575;26-03-2026;mikkel.andersen62@yahoo.dk;NO;web;ACC-401;Merino socks;2;129;0.0;258.0;completed
10575;26-03-2026;Mikkel.Andersen62@Yahoo.Dk;NO;web;BAG-301;Daypack 25L;1;549;0.0;549.0;completed
10740;26-03-2026;lars.hansen10@yahoo.dk;DK;web;JKT-101;Shell jacket;2;1299;0.0;2598.0;completed
10740;26-03-2026;lars.hansen10@yahoo.dk;DK;web;TNT-501;2p tent;2;2499;0.0;4998.0;completed
12626;26-03-2026;sofie.pedersen4@hotmail.com;DK;web;ACC-401;Merino socks;1;129;0.0;129.0;completed
10126;27-03-2026;mikkel.larsen75@yahoo.dk;DE;store;ACC-401;Merino socks;1;129;0.0;129.0;completed
10126;27-03-2026;mikkel.larsen75@yahoo.dk;DE;store;JKT-102;Down jacket;1;1899;0.0;1899.0;completed
10598;27-03-2026;Anna.Madsen17@Outlook.Dk;DK;web;JKT-101;Shell jacket;1;1299;0.0;1299.0;completed
10684;27-03-2026;Lars.Rasmussen97@Outlook.Dk;DK;web;ACC-401;Merino socks;1;129;0.1;116.1;completed
11872;27-03-2026;mikkel.hansen21@outlook.dk;DK;web;ACC-402;Beanie;1;199;0.0;199.0;completed
11872;27-03-2026;mikkel.hansen21@outlook.dk;DK;web;ACC-401;Merino socks;2;129;0.0;258.0;completed
11872;27-03-2026;mikkel.hansen21@outlook.dk;DK;web;ACC-403;Headlamp;1;349;0.0;349.0;completed
12428;27-03-2026;sara.petersen20@outlook.dk;SE;web;ACC-401;Merino socks;1;129;0.0;129.0;completed
12554;27-03-2026;clara.petersen59@hotmail.com;DK;web;ACC-402;Beanie;2;199;0.1;358.2;completed
12627;27-03-2026;Sofie.Pedersen4@Hotmail.Com;DK;web;ACC-403;Headlamp;2;349;0.15;593.3;completed
12627;27-03-2026;sofie.pedersen4@hotmail.com;DK;web;ACC-402;Beanie;1;199;0.15;169.15;completed
12241;28-03-2026;mikkel.rasmussen86@gmail.com;DK;app;ACC-402;Beanie;1;199;0.0;199.0;completed
10927;29-03-2026;sara.larsen29@hotmail.com;NO;web;ACC-401;Merino socks;1;129;0.1;116.1;completed
11297;29-03-2026;emil.petersen44@outlook.dk;NO;web;BAG-302;Trek pack 60L;1;1499;0.1;1349.1;completed
11571;29-03-2026;Mikkel.Hansen29@Yahoo.Dk;NO;app;BAG-301;Daypack 25L;1;549;0.1;494.1;completed
11712;29-03-2026;oliver.nielsen70@yahoo.dk;DK;web;JKT-101;Shell jacket;1;1299;0.1;1169.1;completed
11712;29-03-2026;oliver.nielsen70@yahoo.dk;DK;web;ACC-402;Beanie;1;199;0.1;179.1;completed
12143;29-03-2026;Mikkel.Petersen84@Hotmail.Com;SE;web;ACC-401;Merino socks;1;129;0.1;116.1;completed
12143;29-03-2026;mikkel.petersen84@hotmail.com;SE;web;BOT-201;Hiking boots;1;1099;0.1;989.1;completed
10413;30-03-2026;sofie.pedersen84@outlook.dk;DK;store;BOT-201;Hiking boots;1;1099;0.0;1099.0;completed
10413;30-03-2026;sofie.pedersen84@outlook.dk;DK;store;TNT-501;2p tent;1;2499;0.0;2499.0;completed
11298;30-03-2026;emil.petersen44@outlook.dk;NO;web;ACC-401;Merino socks;2;129;0.0;258.0;completed
11298;30-03-2026;Emil.Petersen44@Outlook.Dk;NO;web;BAG-301;Daypack 25L;1;549;0.0;549.0;completed
11298;30-03-2026;Emil.Petersen44@Outlook.Dk;NO;web;ACC-402;Beanie;1;199;0.0;199.0;completed
12664;30-03-2026;Emil.Madsen41@Hotmail.Com;NO;store;BAG-301;Daypack 25L;2;549;0.0;1098.0;completed
12664;30-03-2026;emil.madsen41@hotmail.com;NO;store;ACC-401;Merino socks;1;129;0.0;129.0;completed
12664;30-03-2026;emil.madsen41@hotmail.com;NO;store;JKT-102;Down jacket;1;1899;0.0;1899.0;completed
12908;30-03-2026;mette.andersen9@hotmail.com;DK;store;ACC-401;Merino socks;2;129;0.0;258.0;completed
12985;30-03-2026;clara.andersen26@hotmail.com;DK;web;ACC-402;Beanie;2;199;0.0;398.0;completed
10451;31-03-2026;emil.nielsen92@yahoo.dk;DK;web;JKT-101;Shell jacket;2;1299;0.0;2598.0;completed
10451;31-03-2026;emil.nielsen92@yahoo.dk;DK;web;ACC-403;Headlamp;1;349;0.0;349.0;completed
11077;31-03-2026;Freja.Andersen75@Hotmail.Com;SE;app;ACC-401;Merino socks;1;129;0.0;129.0;completed
11077;31-03-2026;freja.andersen75@hotmail.com;SE;app;BAG-301;Daypack 25L;2;549;0.0;1098.0;completed
11077;31-03-2026;freja.andersen75@hotmail.com;SE;app;ACC-403;Headlamp;1;349;0.0;349.0;completed
11394;31-03-2026;laura.madsen60@hotmail.com;DE;web;ACC-401;Merino socks;1;129;0.0;129.0;completed
11394;31-03-2026;laura.madsen60@hotmail.com;DE;web;BAG-301;Daypack 25L;1;549;0.0;549.0;completed
12006;31-03-2026;;SE;web;ACC-402;Beanie;1;199;0.1;179.1;completed
12006;31-03-2026;;SE;web;ACC-403;Headlamp;1;349;0.1;314.1;completed
12006;31-03-2026;;SE;web;JKT-102;Down jacket;1;1899;0.1;1709.1;completed
10461;01-04-2026;Noah.Christensen77@Gmail.Com;DK;web;ACC-403;Headlamp;2;349;0.1;628.2;completed
10709;01-04-2026;oliver.madsen53@gmail.com;DK;store;JKT-102;Down jacket;2;1899;0.0;3798.0;completed
10709;01-04-2026;oliver.madsen53@gmail.com;DK;store;ACC-401;Merino socks;2;129;0.0;258.0;completed
11771;01-04-2026;;DK;store;ACC-402;Beanie;1;199;0.0;199.0;completed
11771;01-04-2026;;DK;store;ACC-401;Merino socks;1;129;0.0;129.0;completed
11771;01-04-2026;;DK;store;BAG-301;Daypack 25L;2;549;0.0;1098.0;completed
11893;01-04-2026;mikkel.rasmussen12@yahoo.dk;DK;web;ACC-402;Beanie;1;199;0.1;179.1;completed
11893;01-04-2026;mikkel.rasmussen12@yahoo.dk;DK;web;ACC-403;Headlamp;1;349;0.1;314.1;completed
11893;01-04-2026;Mikkel.Rasmussen12@Yahoo.Dk;DK;web;ACC-401;Merino socks;1;129;0.1;116.1;completed
11989;01-04-2026;Lars.Petersen33@Gmail.Com;DK;store;ACC-403;Headlamp;1;349;0.0;349.0;completed
11989;01-04-2026;lars.petersen33@gmail.com;DK;store;BAG-301;Daypack 25L;1;549;0.0;549.0;completed
11989;01-04-2026;lars.petersen33@gmail.com;DK;store;JKT-101;Shell jacket;1;1299;0.0;1299.0;completed
10741;02-04-2026;Lars.Hansen10@Yahoo.Dk;DK;web;ACC-402;Beanie;2;199;0.15;338.3;completed
10741;02-04-2026;lars.hansen10@yahoo.dk;DK;web;BAG-301;Daypack 25L;2;549;0.15;933.3;completed
10741;02-04-2026;lars.hansen10@yahoo.dk;DK;web;ACC-401;Merino socks;1;129;0.15;109.65;completed
10791;02-04-2026;oliver.hansen26@gmail.com;DE;web;BAG-301;Daypack 25L;1;549;0.15;466.65;completed
10791;02-04-2026;oliver.hansen26@gmail.com;DE;web;ACC-401;Merino socks;2;129;0.15;219.3;completed
11696;02-04-2026;emil.pedersen69@outlook.dk;SE;web;ACC-403;Headlamp;2;349;0.1;628.2;completed
11696;02-04-2026;emil.pedersen69@outlook.dk;SE;web;ACC-401;Merino socks;1;129;0.1;116.1;completed
11078;03-04-2026;freja.andersen75@hotmail.com;SE;app;ACC-403;Headlamp;1;349;0.1;314.1;completed
11395;03-04-2026;Laura.Madsen60@Hotmail.Com;DE;web;JKT-102;Down jacket;1;1899;0.15;1614.15;completed
11395;03-04-2026;laura.madsen60@hotmail.com;DE;web;JKT-101;Shell jacket;2;1299;0.15;2208.3;completed
12425;03-04-2026;mikkel.petersen19@gmail.com;NO;web;ACC-402;Beanie;2;199;0.0;398.0;completed
12622;03-04-2026;Sara.Nielsen27@Outlook.Dk;DK;store;ACC-402;Beanie;1;199;0.0;199.0;completed
12622;03-04-2026;sara.nielsen27@outlook.dk;DK;store;BAG-301;Daypack 25L;2;549;0.0;1098.0;completed
12622;03-04-2026;sara.nielsen27@outlook.dk;DK;store;SLP-601;Sleeping bag;1;899;0.0;899.0;completed
12622;03-04-2026;Sara.Nielsen27@Outlook.Dk;DK;store;ACC-402;Beanie;1;199;0.0;199.0;completed
10225;04-04-2026;freja.christensen61@hotmail.com;NO;app;JKT-101;Shell jacket;1;1299;0.15;1104.15;completed
10225;04-04-2026;freja.christensen61@hotmail.com;NO;app;BAG-301;Daypack 25L;2;549;0.15;933.3;completed
11036;04-04-2026;sara.petersen84@yahoo.dk;DK;web;BOT-201;Hiking boots;1;1099;0.0;1099.0;completed
11036;04-04-2026;Sara.Petersen84@Yahoo.Dk;DK;web;ACC-403;Headlamp;1;349;0.0;349.0;completed
11036;04-04-2026;sara.petersen84@yahoo.dk;DK;web;BOT-201;Hiking boots;1;1099;0.0;1099.0;completed
12774;04-04-2026;anna.petersen1@gmail.com;NO;web;ACC-401;Merino socks;1;129;0.0;129.0;completed
12774;04-04-2026;anna.petersen1@gmail.com;NO;web;ACC-402;Beanie;1;199;0.0;199.0;completed
13027;04-04-2026;lars.hansen74@yahoo.dk;NO;app;BOT-201;Hiking boots;1;1099;0.15;934.15;completed
13027;04-04-2026;lars.hansen74@yahoo.dk;NO;app;JKT-102;Down jacket;1;1899;0.15;1614.15;completed
13027;04-04-2026;lars.hansen74@yahoo.dk;NO;app;ACC-402;Beanie;2;199;0.15;338.3;completed
11412;05-04-2026;Emil.Hansen28@Hotmail.Com;NO;web;TNT-501;2p tent;2;2499;0.0;4998.0;completed
11412;05-04-2026;emil.hansen28@hotmail.com;NO;web;ACC-402;Beanie;1;199;0.0;199.0;completed
10166;06-04-2026;Anna.Petersen40@Outlook.Dk;SE;app;ACC-402;Beanie;1;199;0.0;199.0;completed
10576;06-04-2026;Mikkel.Andersen62@Yahoo.Dk;NO;web;ACC-403;Headlamp;1;349;0.0;349.0;completed
10576;06-04-2026;mikkel.andersen62@yahoo.dk;NO;web;BAG-301;Daypack 25L;2;549;0.0;1098.0;completed
10633;06-04-2026;;SE;web;ACC-402;Beanie;1;199;0.1;179.1;completed
10644;06-04-2026;mette.christensen31@hotmail.com;NO;web;BAG-301;Daypack 25L;1;549;0.0;549.0;completed
11413;06-04-2026;emil.hansen28@hotmail.com;NO;web;ACC-401;Merino socks;1;129;0.0;129.0;completed
12034;06-04-2026;mikkel.jensen53@gmail.com;DK;web;TNT-501;2p tent;1;2499;0.0;2499.0;completed
12034;06-04-2026;Mikkel.Jensen53@Gmail.Com;DK;web;ACC-402;Beanie;1;199;0.0;199.0;completed
12034;06-04-2026;mikkel.jensen53@gmail.com;DK;web;ACC-401;Merino socks;1;129;0.0;129.0;completed
12763;06-04-2026;freja.larsen96@yahoo.dk;DE;web;BOT-201;Hiking boots;2;1099;0.0;2198.0;completed
12763;06-04-2026;freja.larsen96@yahoo.dk;DE;web;ACC-402;Beanie;1;199;0.0;199.0;completed
10569;07-04-2026;freja.rasmussen11@mail.dk;DK;web;ACC-401;Merino socks;1;129;0.0;129.0;completed
10928;08-04-2026;Sara.Larsen29@Hotmail.Com;NO;web;BAG-301;Daypack 25L;1;549;0.1;494.1;completed
10928;08-04-2026;sara.larsen29@hotmail.com;NO;web;ACC-401;Merino socks;1;129;0.1;116.1;completed
10928;08-04-2026;sara.larsen29@hotmail.com;NO;web;BOT-201;Hiking boots;1;1099;0.1;989.1;completed
11298;08-04-2026;emil.petersen44@outlook.dk;NO;web;ACC-401;Merino socks;-2;129;0.0;-258.0;refunded
11537;08-04-2026;jonas.larsen64@hotmail.com;DK;store;JKT-102;Down jacket;1;1899;0.0;1899.0;completed
11537;08-04-2026;Jonas.Larsen64@Hotmail.Com;DK;store;JKT-101;Shell jacket;2;1299;0.0;2598.0;completed
11537;08-04-2026;jonas.larsen64@hotmail.com;DK;store;ACC-401;Merino socks;2;129;0.0;258.0;completed
11630;08-04-2026;emil.jensen31@gmail.com;DE;web;JKT-101;Shell jacket;-1;1299;0.15;-1104.15;refunded
10367;09-04-2026;oliver.jensen83@mail.dk;SE;web;ACC-401;Merino socks;1;129;0.1;116.1;completed
10367;09-04-2026;oliver.jensen83@mail.dk;SE;web;BOT-201;Hiking boots;1;1099;0.1;989.1;completed
10768;09-04-2026;oliver.larsen75@hotmail.com;DK;app;ACC-402;Beanie;1;199;0.1;179.1;completed
10768;09-04-2026;oliver.larsen75@hotmail.com;DK;app;ACC-402;Beanie;1;199;0.1;179.1;completed
11523;09-04-2026;oliver.madsen57@gmail.com;NO;web;TNT-501;2p tent;1;2499;0.0;2499.0;completed
11548;09-04-2026;mette.pedersen65@hotmail.com;NO;store;ACC-402;Beanie;2;199;0.0;398.0;completed
11824;09-04-2026;oliver.nielsen2@outlook.dk;SE;web;ACC-403;Headlamp;1;349;0.1;314.1;completed
11824;09-04-2026;oliver.nielsen2@outlook.dk;SE;web;ACC-401;Merino socks;1;129;0.1;116.1;completed
12750;09-04-2026;mikkel.pedersen87@gmail.com;DK;app;ACC-401;Merino socks;2;129;0.1;232.2;completed
10634;10-04-2026;noah.nielsen83@hotmail.com;SE;web;JKT-101;Shell jacket;1;1299;0.0;1299.0;completed
11299;10-04-2026;emil.petersen44@outlook.dk;NO;web;ACC-401;Merino socks;1;129;0.0;129.0;completed
11299;10-04-2026;emil.petersen44@outlook.dk;NO;web;SLP-601;Sleeping bag;1;899;0.0;899.0;completed
11343;10-04-2026;ida.petersen89@outlook.dk;DK;web;ACC-401;Merino socks;2;129;0.0;258.0;completed
10175;11-04-2026;noah.pedersen13@yahoo.dk;DK;app;ACC-403;Headlamp;2;349;0.0;698.0;completed
10175;11-04-2026;noah.pedersen13@yahoo.dk;DK;app;ACC-401;Merino socks;2;129;0.0;258.0;completed
11297;11-04-2026;emil.petersen44@outlook.dk;NO;web;BAG-302;Trek pack 60L;-1;1499;0.1;-1349.1;refunded
11572;11-04-2026;Mikkel.Hansen29@Yahoo.Dk;NO;app;ACC-403;Headlamp;1;349;0.0;349.0;completed
11572;11-04-2026;mikkel.hansen29@yahoo.dk;NO;app;SLP-601;Sleeping bag;2;899;0.0;1798.0;completed
10004;12-04-2026;anna.madsen77@yahoo.dk;DK;app;ACC-403;Headlamp;2;349;0.0;698.0;completed
10004;12-04-2026;Anna.Madsen77@Yahoo.Dk;DK;app;BAG-301;Daypack 25L;2;549;0.0;1098.0;completed
10004;12-04-2026;Anna.Madsen77@Yahoo.Dk;DK;app;JKT-101;Shell jacket;1;1299;0.0;1299.0;completed
10222;12-04-2026;laura.hansen94@outlook.dk;SE;app;ACC-403;Headlamp;2;349;0.0;698.0;completed
10841;12-04-2026;Emil.Larsen29@Hotmail.Com;DK;web;ACC-403;Headlamp;1;349;0.15;296.65;completed
10841;12-04-2026;emil.larsen29@hotmail.com;DK;web;BAG-301;Daypack 25L;1;549;0.15;466.65;completed
10841;12-04-2026;emil.larsen29@hotmail.com;DK;web;ACC-401;Merino socks;1;129;0.15;109.65;completed
11910;12-04-2026;clara.petersen91@outlook.dk;NO;web;JKT-101;Shell jacket;1;1299;0.0;1299.0;completed
12173;12-04-2026;Clara.Pedersen62@Outlook.Dk;DE;store;ACC-403;Headlamp;2;349;0.0;698.0;completed
12308;12-04-2026;;DK;store;JKT-101;Shell jacket;1;1299;0.1;1169.1;completed
12520;12-04-2026;Emil.Jensen46@Gmail.Com;NO;web;ACC-403;Headlamp;1;349;0.0;349.0;completed
12520;12-04-2026;Emil.Jensen46@Gmail.Com;NO;web;BAG-301;Daypack 25L;1;549;0.0;549.0;completed
12520;12-04-2026;emil.jensen46@gmail.com;NO;web;ACC-402;Beanie;1;199;0.0;199.0;completed
10423;13-04-2026;sofie.hansen46@outlook.dk;DK;web;ACC-401;Merino socks;2;129;0.15;219.3;completed
11619;13-04-2026;Oliver.Petersen89@Hotmail.Com;DK;store;TNT-501;2p tent;1;2499;0.0;2499.0;completed
12665;13-04-2026;Emil.Madsen41@Hotmail.Com;NO;store;BAG-301;Daypack 25L;1;549;0.15;466.65;completed
12665;13-04-2026;emil.madsen41@hotmail.com;NO;store;BOT-201;Hiking boots;2;1099;0.15;1868.3;completed
10852;14-04-2026;oliver.pedersen19@gmail.com;DK;web;ACC-402;Beanie;1;199;0.0;199.0;completed
12286;14-04-2026;Clara.Rasmussen30@Gmail.Com;NO;app;ACC-401;Merino socks;1;129;0.15;109.65;completed
10452;15-04-2026;;DK;web;ACC-403;Headlamp;2;349;0.15;593.3;completed
10452;15-04-2026;;DK;web;BAG-302;Trek pack 60L;1;1499;0.15;1274.15;completed
10452;15-04-2026;;DK;web;ACC-401;Merino socks;2;129;0.15;219.3;completed
11902;15-04-2026;Magnus.Madsen62@Hotmail.Com;NO;web;ACC-402;Beanie;1;199;0.0;199.0;completed
11902;15-04-2026;magnus.madsen62@hotmail.com;NO;web;JKT-102;Down jacket;1;1899;0.0;1899.0;completed
11902;15-04-2026;magnus.madsen62@hotmail.com;NO;web;JKT-102;Down jacket;1;1899;0.0;1899.0;completed
12100;15-04-2026;mikkel.rasmussen27@gmail.com;DK;store;ACC-403;Headlamp;1;349;0.0;349.0;completed
12100;15-04-2026;mikkel.rasmussen27@gmail.com;DK;store;JKT-102;Down jacket;2;1899;0.0;3798.0;completed
12717;15-04-2026;oliver.andersen28@hotmail.com;DE;app;BAG-301;Daypack 25L;1;549;0.0;549.0;completed
11164;16-04-2026;Magnus.Andersen64@Gmail.Com;DK;store;JKT-102;Down jacket;1;1899;0.0;1899.0;completed
11164;16-04-2026;magnus.andersen64@gmail.com;DK;store;ACC-402;Beanie;1;199;0.0;199.0;completed
11198;16-04-2026;Sofie.Madsen65@Yahoo.Dk;NO;web;ACC-401;Merino socks;1;129;0.0;129.0;completed
11198;16-04-2026;Sofie.Madsen65@Yahoo.Dk;NO;web;BAG-301;Daypack 25L;1;549;0.0;549.0;completed
11600;16-04-2026;lars.petersen75@yahoo.dk;DK;web;JKT-101;Shell jacket;1;1299;0.0;1299.0;completed
12390;16-04-2026;mikkel.andersen56@hotmail.com;DE;web;SLP-601;Sleeping bag;2;899;0.0;1798.0;completed
12390;16-04-2026;mikkel.andersen56@hotmail.com;DE;web;ACC-403;Headlamp;2;349;0.0;698.0;completed
12390;16-04-2026;mikkel.andersen56@hotmail.com;DE;web;JKT-102;Down jacket;1;1899;0.0;1899.0;completed
10791;17-04-2026;oliver.hansen26@gmail.com;DE;web;BAG-301;Daypack 25L;-1;549;0.15;-466.65;refunded
11466;17-04-2026;freja.madsen9@mail.dk;DE;store;SLP-601;Sleeping bag;1;899;0.1;809.1;completed
11508;17-04-2026;laura.hansen12@outlook.dk;DK;web;ACC-401;Merino socks;1;129;0.1;116.1;completed
12206;17-04-2026;magnus.christensen95@yahoo.dk;DK;app;ACC-402;Beanie;2;199;0.0;398.0;completed
12206;17-04-2026;magnus.christensen95@yahoo.dk;DK;app;ACC-403;Headlamp;1;349;0.0;349.0;completed
10710;18-04-2026;Oliver.Madsen53@Gmail.Com;DK;store;ACC-401;Merino socks;1;129;0.15;109.65;completed
10710;18-04-2026;oliver.madsen53@gmail.com;DK;store;JKT-102;Down jacket;1;1899;0.15;1614.15;completed
11186;18-04-2026;sofie.rasmussen50@yahoo.dk;DK;store;ACC-402;Beanie;2;199;0.0;398.0;completed
11186;18-04-2026;sofie.rasmussen50@yahoo.dk;DK;store;BOT-201;Hiking boots;2;1099;0.0;2198.0;completed
12035;18-04-2026;mikkel.jensen53@gmail.com;DK;web;BOT-201;Hiking boots;2;1099;0.0;2198.0;completed
12035;18-04-2026;mikkel.jensen53@gmail.com;DK;web;ACC-402;Beanie;1;199;0.0;199.0;completed
12380;18-04-2026;magnus.pedersen20@outlook.dk;SE;store;ACC-401;Merino socks;2;129;0.0;258.0;completed
12380;18-04-2026;magnus.pedersen20@outlook.dk;SE;store;ACC-402;Beanie;2;199;0.0;398.0;completed
10201;19-04-2026;Sofie.Petersen24@Gmail.Com;DK;web;SLP-601;Sleeping bag;2;899;0.0;1798.0;completed
10201;19-04-2026;sofie.petersen24@gmail.com;DK;web;BAG-302;Trek pack 60L;1;1499;0.0;1499.0;completed
10201;19-04-2026;sofie.petersen24@gmail.com;DK;web;ACC-401;Merino socks;1;129;0.0;129.0;completed
12600;19-04-2026;freja.larsen75@mail.dk;DK;web;SLP-601;Sleeping bag;1;899;0.15;764.15;completed
12600;19-04-2026;freja.larsen75@mail.dk;DK;web;BAG-302;Trek pack 60L;1;1499;0.15;1274.15;completed
12600;19-04-2026;freja.larsen75@mail.dk;DK;web;JKT-102;Down jacket;1;1899;0.15;1614.15;completed
10150;20-04-2026;noah.pedersen43@hotmail.com;DK;web;ACC-402;Beanie;1;199;0.0;199.0;completed
11199;20-04-2026;sofie.madsen65@yahoo.dk;NO;web;JKT-101;Shell jacket;2;1299;0.1;2338.2;completed
11620;20-04-2026;oliver.petersen89@hotmail.com;DK;store;ACC-402;Beanie;1;199;0.0;199.0;completed
11620;20-04-2026;oliver.petersen89@hotmail.com;DK;store;SLP-601;Sleeping bag;1;899;0.0;899.0;completed
12322;20-04-2026;anna.hansen35@yahoo.dk;DK;web;ACC-402;Beanie;1;199;0.1;179.1;completed
10782;21-04-2026;ida.pedersen56@hotmail.com;DK;app;JKT-101;Shell jacket;1;1299;0.15;1104.15;completed
10782;21-04-2026;ida.pedersen56@hotmail.com;DK;app;ACC-403;Headlamp;2;349;0.15;593.3;completed
10782;21-04-2026;Ida.Pedersen56@Hotmail.Com;DK;app;ACC-401;Merino socks;1;129;0.15;109.65;completed
11772;21-04-2026;lars.larsen42@mail.dk;DK;store;JKT-101;Shell jacket;1;1299;0.0;1299.0;completed
11824;21-04-2026;oliver.nielsen2@outlook.dk;SE;web;ACC-403;Headlamp;-1;349;0.1;-314.1;refunded
12381;21-04-2026;Magnus.Pedersen20@Outlook.Dk;SE;store;BAG-301;Daypack 25L;1;549;0.1;494.1;completed
12381;21-04-2026;magnus.pedersen20@outlook.dk;SE;store;TNT-501;2p tent;2;2499;0.1;4498.2;completed
12521;21-04-2026;emil.jensen46@gmail.com;NO;web;ACC-401;Merino socks;1;129;0.0;129.0;completed
12521;21-04-2026;emil.jensen46@gmail.com;NO;web;ACC-403;Headlamp;1;349;0.0;349.0;completed
10566;22-04-2026;;DK;app;ACC-402;Beanie;1;199;0.1;179.1;completed
10566;22-04-2026;;DK;app;JKT-101;Shell jacket;1;1299;0.1;1169.1;completed
10566;22-04-2026;;DK;app;SLP-601;Sleeping bag;2;899;0.1;1618.2;completed
10660;22-04-2026;sara.rasmussen12@gmail.com;SE;web;BAG-302;Trek pack 60L;2;1499;0.0;2998.0;completed
10660;22-04-2026;sara.rasmussen12@gmail.com;SE;web;BAG-301;Daypack 25L;1;549;0.0;549.0;completed
12538;22-04-2026;sara.christensen60@yahoo.dk;DK;web;ACC-403;Headlamp;1;349;0.0;349.0;completed
10506;23-04-2026;anna.andersen23@mail.dk;DK;web;BAG-302;Trek pack 60L;1;1499;0.1;1349.1;completed
10506;23-04-2026;Anna.Andersen23@Mail.Dk;DK;web;ACC-403;Headlamp;1;349;0.1;314.1;completed
10506;23-04-2026;anna.andersen23@mail.dk;DK;web;JKT-102;Down jacket;2;1899;0.1;3418.2;completed
10506;23-04-2026;Anna.Andersen23@Mail.Dk;DK;web;ACC-403;Headlamp;1;349;0.1;314.1;completed
10663;23-04-2026;freja.jensen42@hotmail.com;DK;store;JKT-101;Shell jacket;2;1299;0.0;2598.0;completed
11091;23-04-2026;sofie.larsen31@hotmail.com;DK;web;ACC-402;Beanie;1;199;0.1;179.1;completed
11200;23-04-2026;sofie.madsen65@yahoo.dk;NO;web;BOT-201;Hiking boots;1;1099;0.1;989.1;completed
11200;23-04-2026;sofie.madsen65@yahoo.dk;NO;web;ACC-401;Merino socks;2;129;0.1;232.2;completed
11467;23-04-2026;freja.madsen9@mail.dk;DE;store;ACC-402;Beanie;1;199;0.15;169.15;completed
10917;24-04-2026;Laura.Christensen26@Yahoo.Dk;DK;web;ACC-401;Merino socks;1;129;0.15;109.65;completed
11239;24-04-2026;sofie.larsen17@yahoo.dk;DE;web;ACC-402;Beanie;1;199;0.0;199.0;completed
11239;24-04-2026;sofie.larsen17@yahoo.dk;DE;web;BAG-302;Trek pack 60L;1;1499;0.0;1499.0;completed
11239;24-04-2026;sofie.larsen17@yahoo.dk;DE;web;ACC-401;Merino socks;1;129;0.0;129.0;completed
11990;24-04-2026;;DK;store;JKT-101;Shell jacket;2;1299;0.0;2598.0;completed
11990;24-04-2026;;DK;store;ACC-401;Merino socks;1;129;0.0;129.0;completed
11990;24-04-2026;;DK;store;ACC-403;Headlamp;2;349;0.0;698.0;completed
10742;25-04-2026;lars.hansen10@yahoo.dk;DK;web;ACC-401;Merino socks;1;129;0.0;129.0;completed
10742;25-04-2026;lars.hansen10@yahoo.dk;DK;web;JKT-101;Shell jacket;2;1299;0.0;2598.0;completed
10742;25-04-2026;Lars.Hansen10@Yahoo.Dk;DK;web;BOT-201;Hiking boots;2;1099;0.0;2198.0;completed
11878;25-04-2026;Noah.Hansen57@Yahoo.Dk;NO;store;ACC-403;Headlamp;1;349;0.15;296.65;completed
11878;25-04-2026;noah.hansen57@yahoo.dk;NO;store;JKT-102;Down jacket;1;1899;0.15;1614.15;completed
11878;25-04-2026;Noah.Hansen57@Yahoo.Dk;NO;store;ACC-402;Beanie;1;199;0.15;169.15;completed
10005;26-04-2026;anna.madsen77@yahoo.dk;DK;app;ACC-401;Merino socks;2;129;0.0;258.0;completed
10005;26-04-2026;anna.madsen77@yahoo.dk;DK;app;SLP-601;Sleeping bag;1;899;0.0;899.0;completed
10416;26-04-2026;Sara.Madsen3@Yahoo.Dk;SE;web;BAG-301;Daypack 25L;2;549;0.0;1098.0;completed
10416;26-04-2026;sara.madsen3@yahoo.dk;SE;web;ACC-401;Merino socks;1;129;0.0;129.0;completed
10416;26-04-2026;Sara.Madsen3@Yahoo.Dk;SE;web;BAG-301;Daypack 25L;2;549;0.0;1098.0;completed
10743;26-04-2026;lars.hansen10@yahoo.dk;DK;web;ACC-402;Beanie;2;199;0.15;338.3;completed
11156;26-04-2026;clara.madsen78@hotmail.com;DK;app;ACC-403;Headlamp;1;349;0.1;314.1;completed
11879;26-04-2026;noah.hansen57@yahoo.dk;NO;store;ACC-401;Merino socks;1;129;0.1;116.1;completed
10912;27-04-2026;emil.larsen74@hotmail.com;DK;web;JKT-102;Down jacket;1;1899;0.0;1899.0;completed
12101;27-04-2026;mikkel.rasmussen27@gmail.com;DK;store;ACC-402;Beanie;1;199;0.0;199.0;completed
12242;27-04-2026;mikkel.rasmussen86@gmail.com;DK;app;ACC-403;Headlamp;2;349;0.1;628.2;completed
12242;27-04-2026;mikkel.rasmussen86@gmail.com;DK;app;JKT-101;Shell jacket;1;1299;0.1;1169.1;completed
12615;27-04-2026;ida.hansen3@yahoo.dk;DE;web;ACC-401;Merino socks;2;129;0.0;258.0;completed
12751;27-04-2026;mikkel.pedersen87@gmail.com;DK;app;JKT-102;Down jacket;1;1899;0.15;1614.15;completed
10060;28-04-2026;lars.nielsen76@yahoo.dk;DK;web;ACC-402;Beanie;1;199;0.0;199.0;completed
10060;28-04-2026;Lars.Nielsen76@Yahoo.Dk;DK;web;JKT-101;Shell jacket;1;1299;0.0;1299.0;completed
10202;28-04-2026;sofie.petersen24@gmail.com;DK;web;ACC-402;Beanie;1;199;0.0;199.0;completed
10508;28-04-2026;mikkel.madsen47@mail.dk;NO;store;ACC-401;Merino socks;2;129;0.15;219.3;completed
10508;28-04-2026;mikkel.madsen47@mail.dk;NO;store;ACC-402;Beanie;2;199;0.15;338.3;completed
11016;28-04-2026;lars.madsen18@outlook.dk;SE;web;ACC-403;Headlamp;1;349;0.0;349.0;completed
11873;28-04-2026;mikkel.hansen21@outlook.dk;DK;web;JKT-101;Shell jacket;1;1299;0.0;1299.0;completed
11873;28-04-2026;Mikkel.Hansen21@Outlook.Dk;DK;web;ACC-401;Merino socks;1;129;0.0;129.0;completed
10985;29-04-2026;Sara.Hansen54@Outlook.Dk;DK;web;ACC-403;Headlamp;1;349;0.0;349.0;completed
10985;29-04-2026;sara.hansen54@outlook.dk;DK;web;TNT-501;2p tent;1;2499;0.0;2499.0;completed
11729;29-04-2026;Clara.Larsen31@Gmail.Com;DE;web;TNT-501;2p tent;2;2499;0.1;4498.2;completed
11729;29-04-2026;clara.larsen31@gmail.com;DE;web;ACC-401;Merino socks;1;129;0.1;116.1;completed
11729;29-04-2026;clara.larsen31@gmail.com;DE;web;JKT-102;Down jacket;1;1899;0.1;1709.1;completed
10004;30-04-2026;anna.madsen77@yahoo.dk;DK;app;ACC-403;Headlamp;-2;349;0.0;-698.0;refunded
10181;30-04-2026;Laura.Madsen42@Gmail.Com;DK;web;JKT-101;Shell jacket;1;1299;0.0;1299.0;completed
10181;30-04-2026;laura.madsen42@gmail.com;DK;web;ACC-402;Beanie;2;199;0.0;398.0;completed
10181;30-04-2026;Laura.Madsen42@Gmail.Com;DK;web;JKT-102;Down jacket;1;1899;0.0;1899.0;completed
10635;30-04-2026;noah.nielsen83@hotmail.com;SE;web;BOT-201;Hiking boots;2;1099;0.0;2198.0;completed
10635;30-04-2026;noah.nielsen83@hotmail.com;SE;web;BAG-302;Trek pack 60L;1;1499;0.0;1499.0;completed
12752;30-04-2026;mikkel.pedersen87@gmail.com;DK;app;SLP-601;Sleeping bag;1;899;0.15;764.15;completed
12752;30-04-2026;mikkel.pedersen87@gmail.com;DK;app;BAG-301;Daypack 25L;1;549;0.15;466.65;completed
12752;30-04-2026;Mikkel.Pedersen87@Gmail.Com;DK;app;BOT-201;Hiking boots;1;1099;0.15;934.15;completed
10368;01-05-2026;Oliver.Jensen83@Mail.Dk;SE;web;JKT-102;Down jacket;1;1899;0.0;1899.0;completed
10368;01-05-2026;oliver.jensen83@mail.dk;SE;web;SLP-601;Sleeping bag;2;899;0.0;1798.0;completed
10368;01-05-2026;Oliver.Jensen83@Mail.Dk;SE;web;ACC-402;Beanie;1;199;0.0;199.0;completed
11103;01-05-2026;magnus.jensen51@outlook.dk;DK;app;ACC-402;Beanie;1;199;0.0;199.0;completed
11103;01-05-2026;magnus.jensen51@outlook.dk;DK;app;TNT-501;2p tent;1;2499;0.0;2499.0;completed
11601;01-05-2026;lars.petersen75@yahoo.dk;DK;web;JKT-102;Down jacket;1;1899;0.1;1709.1;completed
11601;01-05-2026;lars.petersen75@yahoo.dk;DK;web;ACC-402;Beanie;1;199;0.1;179.1;completed
11601;01-05-2026;lars.petersen75@yahoo.dk;DK;web;SLP-601;Sleeping bag;2;899;0.1;1618.2;completed
12061;01-05-2026;;DK;web;ACC-401;Merino socks;1;129;0.0;129.0;completed
12243;01-05-2026;mikkel.rasmussen86@gmail.com;DK;app;ACC-402;Beanie;1;199;0.0;199.0;completed
12243;01-05-2026;Mikkel.Rasmussen86@Gmail.Com;DK;app;BOT-201;Hiking boots;1;1099;0.0;1099.0;completed
10182;02-05-2026;laura.madsen42@gmail.com;DK;web;ACC-402;Beanie;1;199;0.0;199.0;completed
10182;02-05-2026;laura.madsen42@gmail.com;DK;web;ACC-403;Headlamp;1;349;0.0;349.0;completed
10256;02-05-2026;sofie.larsen12@mail.dk;DK;web;SLP-601;Sleeping bag;1;899;0.0;899.0;completed
10256;02-05-2026;sofie.larsen12@mail.dk;DK;web;JKT-101;Shell jacket;1;1299;0.0;1299.0;completed
12753;02-05-2026;mikkel.pedersen87@gmail.com;DK;app;BAG-301;Daypack 25L;1;549;0.15;466.65;completed
12753;02-05-2026;mikkel.pedersen87@gmail.com;DK;app;SLP-601;Sleeping bag;1;899;0.15;764.15;completed
12753;02-05-2026;mikkel.pedersen87@gmail.com;DK;app;ACC-401;Merino socks;1;129;0.15;109.65;completed
12864;02-05-2026;mikkel.christensen54@outlook.dk;DK;web;ACC-402;Beanie;2;199;0.0;398.0;completed
12864;02-05-2026;mikkel.christensen54@outlook.dk;DK;web;ACC-403;Headlamp;1;349;0.0;349.0;completed
10006;03-05-2026;Anna.Madsen77@Yahoo.Dk;DK;app;BAG-301;Daypack 25L;1;549;0.0;549.0;completed
10006;03-05-2026;anna.madsen77@yahoo.dk;DK;app;ACC-402;Beanie;1;199;0.0;199.0;completed
10417;03-05-2026;sara.madsen3@yahoo.dk;SE;web;ACC-401;Merino socks;1;129;0.0;129.0;completed
10417;03-05-2026;sara.madsen3@yahoo.dk;SE;web;ACC-402;Beanie;1;199;0.0;199.0;completed
11659;03-05-2026;Laura.Nielsen55@Outlook.Dk;DE;app;ACC-401;Merino socks;2;129;0.0;258.0;completed
12847;03-05-2026;magnus.petersen57@yahoo.dk;DK;web;TNT-501;2p tent;1;2499;0.1;2249.1;completed
10718;04-05-2026;Anna.Larsen78@Gmail.Com;NO;web;ACC-402;Beanie;2;199;0.1;358.2;completed
10953;04-05-2026;clara.hansen83@gmail.com;DE;web;SLP-601;Sleeping bag;2;899;0.0;1798.0;completed
10953;04-05-2026;clara.hansen83@gmail.com;DE;web;BAG-302;Trek pack 60L;1;1499;0.0;1499.0;completed
10953;04-05-2026;clara.hansen83@gmail.com;DE;web;BAG-302;Trek pack 60L;1;1499;0.0;1499.0;completed
11801;04-05-2026;Emil.Andersen44@Gmail.Com;DK;web;ACC-401;Merino socks;1;129;0.1;116.1;completed
11801;04-05-2026;emil.andersen44@gmail.com;DK;web;ACC-403;Headlamp;1;349;0.1;314.1;completed
11801;04-05-2026;emil.andersen44@gmail.com;DK;web;ACC-402;Beanie;2;199;0.1;358.2;completed
11801;04-05-2026;Emil.Andersen44@Gmail.Com;DK;web;ACC-401;Merino socks;1;129;0.1;116.1;completed
12754;04-05-2026;Mikkel.Pedersen87@Gmail.Com;DK;app;ACC-401;Merino socks;1;129;0.0;129.0;completed
11894;05-05-2026;mikkel.rasmussen12@yahoo.dk;DK;web;BOT-201;Hiking boots;1;1099;0.0;1099.0;completed
11894;05-05-2026;Mikkel.Rasmussen12@Yahoo.Dk;DK;web;ACC-403;Headlamp;1;349;0.0;349.0;completed
10760;06-05-2026;anna.jensen35@mail.dk;DK;web;BOT-201;Hiking boots;1;1099;0.1;989.1;completed
10760;06-05-2026;anna.jensen35@mail.dk;DK;web;ACC-401;Merino socks;2;129;0.1;232.2;completed
11069;06-05-2026;emil.larsen52@hotmail.com;DE;store;ACC-402;Beanie;1;199;0.0;199.0;completed
11079;06-05-2026;Freja.Andersen75@Hotmail.Com;SE;app;ACC-403;Headlamp;1;349;0.0;349.0;completed
11079;06-05-2026;Freja.Andersen75@Hotmail.Com;SE;app;BOT-201;Hiking boots;1;1099;0.0;1099.0;completed
11300;06-05-2026;emil.petersen44@outlook.dk;NO;web;TNT-501;2p tent;1;2499;0.1;2249.1;completed
11300;06-05-2026;emil.petersen44@outlook.dk;NO;web;ACC-402;Beanie;1;199;0.1;179.1;completed
11300;06-05-2026;emil.petersen44@outlook.dk;NO;web;JKT-102;Down jacket;2;1899;0.1;3418.2;completed
11749;06-05-2026;sara.rasmussen91@mail.dk;NO;app;ACC-401;Merino socks;1;129;0.0;129.0;completed
10226;07-05-2026;freja.christensen61@hotmail.com;NO;app;ACC-402;Beanie;1;199;0.15;169.15;completed
10997;07-05-2026;Mikkel.Andersen92@Mail.Dk;NO;web;ACC-402;Beanie;2;199;0.15;338.3;completed
11240;07-05-2026;sofie.larsen17@yahoo.dk;DE;web;ACC-401;Merino socks;1;129;0.0;129.0;completed
11573;07-05-2026;Mikkel.Hansen29@Yahoo.Dk;NO;app;ACC-401;Merino socks;1;129;0.0;129.0;completed
12490;07-05-2026;lars.larsen86@hotmail.com;DK;app;ACC-403;Headlamp;2;349;0.1;628.2;completed
12490;07-05-2026;lars.larsen86@hotmail.com;DK;app;ACC-402;Beanie;1;199;0.1;179.1;completed
12490;07-05-2026;lars.larsen86@hotmail.com;DK;app;ACC-402;Beanie;1;199;0.1;179.1;completed
10185;08-05-2026;clara.petersen43@hotmail.com;DK;store;JKT-101;Shell jacket;1;1299;0.15;1104.15;completed
10431;08-05-2026;Jonas.Nielsen37@Yahoo.Dk;DK;app;BAG-301;Daypack 25L;1;549;0.0;549.0;completed
12666;08-05-2026;Emil.Madsen41@Hotmail.Com;NO;store;BAG-301;Daypack 25L;1;549;0.0;549.0;completed
10402;09-05-2026;sofie.christensen90@mail.dk;NO;store;BAG-301;Daypack 25L;1;549;0.0;549.0;completed
10719;09-05-2026;anna.larsen78@gmail.com;NO;web;JKT-101;Shell jacket;1;1299;0.0;1299.0;completed
10719;09-05-2026;anna.larsen78@gmail.com;NO;web;ACC-401;Merino socks;1;129;0.0;129.0;completed
12601;09-05-2026;freja.larsen75@mail.dk;DK;web;ACC-401;Merino socks;2;129;0.0;258.0;completed
12601;09-05-2026;freja.larsen75@mail.dk;DK;web;BAG-301;Daypack 25L;1;549;0.0;549.0;completed
10005;10-05-2026;anna.madsen77@yahoo.dk;DK;app;ACC-401;Merino socks;-2;129;0.0;-258.0;refunded
11063;10-05-2026;;DK;web;ACC-402;Beanie;1;199;0.0;199.0;completed
11063;10-05-2026;;DK;web;ACC-401;Merino socks;1;129;0.0;129.0;completed
12053;10-05-2026;laura.jensen78@mail.dk;SE;web;ACC-401;Merino socks;1;129;0.15;109.65;completed
12053;10-05-2026;laura.jensen78@mail.dk;SE;web;SLP-601;Sleeping bag;1;899;0.15;764.15;completed
12139;10-05-2026;magnus.madsen75@hotmail.com;NO;web;TNT-501;2p tent;2;2499;0.0;4998.0;completed
12139;10-05-2026;Magnus.Madsen75@Hotmail.Com;NO;web;BAG-301;Daypack 25L;2;549;0.0;1098.0;completed
12139;10-05-2026;magnus.madsen75@hotmail.com;NO;web;ACC-402;Beanie;1;199;0.0;199.0;completed
10404;11-05-2026;emil.pedersen44@yahoo.dk;DE;store;ACC-401;Merino socks;1;129;0.0;129.0;completed
10227;12-05-2026;freja.christensen61@hotmail.com;NO;app;ACC-402;Beanie;2;199;0.0;398.0;completed
10342;12-05-2026;emil.rasmussen58@mail.dk;DK;store;JKT-102;Down jacket;1;1899;0.0;1899.0;completed
10342;12-05-2026;emil.rasmussen58@mail.dk;DK;store;SLP-601;Sleeping bag;1;899;0.0;899.0;completed
11834;12-05-2026;Ida.Nielsen32@Outlook.Dk;DK;web;ACC-401;Merino socks;1;129;0.15;109.65;completed
11834;12-05-2026;Ida.Nielsen32@Outlook.Dk;DK;web;ACC-402;Beanie;1;199;0.15;169.15;completed
11258;13-05-2026;Anna.Rasmussen86@Gmail.Com;SE;app;SLP-601;Sleeping bag;1;899;0.0;899.0;completed
11417;13-05-2026;ida.rasmussen82@outlook.dk;SE;store;ACC-402;Beanie;1;199;0.0;199.0;completed
11104;14-05-2026;magnus.jensen51@outlook.dk;DK;app;JKT-102;Down jacket;1;1899;0.1;1709.1;completed
11104;14-05-2026;Magnus.Jensen51@Outlook.Dk;DK;app;JKT-101;Shell jacket;1;1299;0.1;1169.1;completed
11660;14-05-2026;laura.nielsen55@outlook.dk;DE;app;JKT-101;Shell jacket;1;1299;0.0;1299.0;completed
11660;14-05-2026;laura.nielsen55@outlook.dk;DE;app;ACC-401;Merino socks;1;129;0.0;129.0;completed
10936;15-05-2026;oliver.larsen98@outlook.dk;DK;store;ACC-403;Headlamp;1;349;0.1;314.1;completed
11680;15-05-2026;Mette.Larsen87@Yahoo.Dk;DK;store;BAG-301;Daypack 25L;1;549;0.0;549.0;completed
11680;15-05-2026;mette.larsen87@yahoo.dk;DK;store;BAG-302;Trek pack 60L;1;1499;0.0;1499.0;completed
12196;15-05-2026;oliver.christensen54@yahoo.dk;DK;store;BAG-301;Daypack 25L;1;549;0.0;549.0;completed
12196;15-05-2026;oliver.christensen54@yahoo.dk;DK;store;JKT-101;Shell jacket;1;1299;0.0;1299.0;completed
12207;15-05-2026;magnus.christensen95@yahoo.dk;DK;app;ACC-401;Merino socks;1;129;0.0;129.0;completed
12207;15-05-2026;magnus.christensen95@yahoo.dk;DK;app;BAG-301;Daypack 25L;2;549;0.0;1098.0;completed
12261;15-05-2026;laura.larsen77@gmail.com;DK;web;ACC-401;Merino socks;2;129;0.0;258.0;completed
12261;15-05-2026;laura.larsen77@gmail.com;DK;web;ACC-403;Headlamp;2;349;0.0;698.0;completed
12261;15-05-2026;laura.larsen77@gmail.com;DK;web;JKT-102;Down jacket;1;1899;0.0;1899.0;completed
12657;15-05-2026;magnus.christensen48@hotmail.com;DK;app;BAG-302;Trek pack 60L;1;1499;0.0;1499.0;completed
10219;16-05-2026;lars.jensen96@gmail.com;DK;web;BAG-301;Daypack 25L;2;549;0.0;1098.0;completed
10219;16-05-2026;lars.jensen96@gmail.com;DK;web;ACC-402;Beanie;1;199;0.0;199.0;completed
10219;16-05-2026;lars.jensen96@gmail.com;DK;web;SLP-601;Sleeping bag;1;899;0.0;899.0;completed
10933;16-05-2026;laura.rasmussen79@mail.dk;DE;store;BAG-301;Daypack 25L;2;549;0.0;1098.0;completed
10933;16-05-2026;laura.rasmussen79@mail.dk;DE;store;ACC-402;Beanie;1;199;0.0;199.0;completed
10933;16-05-2026;laura.rasmussen79@mail.dk;DE;store;JKT-101;Shell jacket;1;1299;0.0;1299.0;completed
11174;16-05-2026;laura.rasmussen53@hotmail.com;DK;web;ACC-402;Beanie;1;199;0.0;199.0;completed
11174;16-05-2026;laura.rasmussen53@hotmail.com;DK;web;ACC-403;Headlamp;1;349;0.0;349.0;completed
11174;16-05-2026;Laura.Rasmussen53@Hotmail.Com;DK;web;ACC-401;Merino socks;1;129;0.0;129.0;completed
10783;17-05-2026;ida.pedersen56@hotmail.com;DK;app;BOT-201;Hiking boots;1;1099;0.15;934.15;completed
10783;17-05-2026;ida.pedersen56@hotmail.com;DK;app;JKT-101;Shell jacket;1;1299;0.15;1104.15;completed
10783;17-05-2026;ida.pedersen56@hotmail.com;DK;app;BAG-301;Daypack 25L;2;549;0.15;933.3;completed
10914;17-05-2026;sara.larsen14@gmail.com;DK;app;JKT-101;Shell jacket;1;1299;0.1;1169.1;completed
10954;17-05-2026;Clara.Hansen83@Gmail.Com;DE;web;ACC-403;Headlamp;1;349;0.15;296.65;completed
12784;17-05-2026;magnus.hansen83@yahoo.dk;DK;web;BOT-201;Hiking boots;2;1099;0.0;2198.0;completed
12784;17-05-2026;Magnus.Hansen83@Yahoo.Dk;DK;web;TNT-501;2p tent;1;2499;0.0;2499.0;completed
12784;17-05-2026;magnus.hansen83@yahoo.dk;DK;web;ACC-401;Merino socks;1;129;0.0;129.0;completed
10955;18-05-2026;clara.hansen83@gmail.com;DE;web;SLP-601;Sleeping bag;2;899;0.0;1798.0;completed
10955;18-05-2026;clara.hansen83@gmail.com;DE;web;SLP-601;Sleeping bag;2;899;0.0;1798.0;completed
11330;18-05-2026;sofie.larsen98@gmail.com;DK;web;BAG-301;Daypack 25L;1;549;0.15;466.65;completed
11785;18-05-2026;;SE;web;ACC-402;Beanie;1;199;0.0;199.0;completed
11785;18-05-2026;;SE;web;BOT-201;Hiking boots;1;1099;0.0;1099.0;completed
12036;18-05-2026;mikkel.jensen53@gmail.com;DK;web;ACC-402;Beanie;1;199;0.0;199.0;completed
10220;19-05-2026;lars.jensen96@gmail.com;DK;web;SLP-601;Sleeping bag;1;899;0.1;809.1;completed
11069;19-05-2026;emil.larsen52@hotmail.com;DE;store;ACC-402;Beanie;-1;199;0.0;-199.0;refunded
11371;19-05-2026;clara.hansen26@gmail.com;SE;web;JKT-101;Shell jacket;1;1299;0.0;1299.0;completed
11874;19-05-2026;Mikkel.Hansen21@Outlook.Dk;DK;web;ACC-401;Merino socks;1;129;0.15;109.65;completed
12164;19-05-2026;Oliver.Rasmussen8@Gmail.Com;DK;app;ACC-403;Headlamp;2;349;0.15;593.3;completed
10540;20-05-2026;freja.rasmussen71@outlook.dk;SE;store;SLP-601;Sleeping bag;1;899;0.1;809.1;completed
10540;20-05-2026;Freja.Rasmussen71@Outlook.Dk;SE;store;JKT-102;Down jacket;1;1899;0.1;1709.1;completed
10540;20-05-2026;freja.rasmussen71@outlook.dk;SE;store;ACC-403;Headlamp;1;349;0.1;314.1;completed
12616;20-05-2026;ida.hansen3@yahoo.dk;DE;web;SLP-601;Sleeping bag;2;899;0.0;1798.0;completed
12616;20-05-2026;ida.hansen3@yahoo.dk;DE;web;ACC-403;Headlamp;1;349;0.0;349.0;completed
12616;20-05-2026;ida.hansen3@yahoo.dk;DE;web;ACC-401;Merino socks;1;129;0.0;129.0;completed
10443;21-05-2026;mette.petersen6@hotmail.com;DK;web;ACC-402;Beanie;1;199;0.1;179.1;completed
10443;21-05-2026;mette.petersen6@hotmail.com;DK;web;ACC-401;Merino socks;1;129;0.1;116.1;completed
10443;21-05-2026;mette.petersen6@hotmail.com;DK;web;JKT-101;Shell jacket;1;1299;0.1;1169.1;completed
10577;21-05-2026;;NO;web;ACC-403;Headlamp;1;349;0.0;349.0;completed
11301;21-05-2026;emil.petersen44@outlook.dk;NO;web;ACC-401;Merino socks;1;129;0.0;129.0;completed
11538;21-05-2026;jonas.larsen64@hotmail.com;DK;store;ACC-401;Merino socks;2;129;0.15;219.3;completed
11773;21-05-2026;lars.larsen42@mail.dk;DK;store;BAG-301;Daypack 25L;1;549;0.0;549.0;completed
12382;21-05-2026;magnus.pedersen20@outlook.dk;SE;store;ACC-403;Headlamp;1;349;0.0;349.0;completed
12382;21-05-2026;magnus.pedersen20@outlook.dk;SE;store;TNT-501;2p tent;1;2499;0.0;2499.0;completed
12544;21-05-2026;laura.jensen98@hotmail.com;DK;web;JKT-102;Down jacket;1;1899;0.15;1614.15;completed
12544;21-05-2026;laura.jensen98@hotmail.com;DK;web;ACC-401;Merino socks;1;129;0.15;109.65;completed
12544;21-05-2026;Laura.Jensen98@Hotmail.Com;DK;web;BAG-301;Daypack 25L;1;549;0.15;466.65;completed
11064;22-05-2026;sofie.hansen63@hotmail.com;DK;web;ACC-401;Merino socks;1;129;0.1;116.1;completed
11064;22-05-2026;sofie.hansen63@hotmail.com;DK;web;BOT-201;Hiking boots;2;1099;0.1;1978.2;completed
11064;22-05-2026;Sofie.Hansen63@Hotmail.Com;DK;web;ACC-402;Beanie;1;199;0.1;179.1;completed
11852;22-05-2026;jonas.christensen85@outlook.dk;DE;web;BOT-201;Hiking boots;1;1099;0.0;1099.0;completed
11852;22-05-2026;jonas.christensen85@outlook.dk;DE;web;BAG-301;Daypack 25L;1;549;0.0;549.0;completed
11964;22-05-2026;freja.pedersen11@outlook.dk;SE;store;ACC-402;Beanie;2;199;0.15;338.3;completed
12045;22-05-2026;oliver.christensen77@mail.dk;DK;web;ACC-403;Headlamp;1;349;0.0;349.0;completed
12045;22-05-2026;oliver.christensen77@mail.dk;DK;web;BOT-201;Hiking boots;1;1099;0.0;1099.0;completed
12244;22-05-2026;;DK;app;BOT-201;Hiking boots;2;1099;0.15;1868.3;completed
12934;22-05-2026;Sara.Petersen54@Hotmail.Com;SE;store;ACC-402;Beanie;1;199;0.0;199.0;completed
13075;22-05-2026;Oliver.Petersen80@Yahoo.Dk;DK;app;TNT-501;2p tent;1;2499;0.0;2499.0;completed
10806;24-05-2026;clara.rasmussen73@yahoo.dk;SE;web;ACC-402;Beanie;1;199;0.0;199.0;completed
12617;24-05-2026;Ida.Hansen3@Yahoo.Dk;DE;web;ACC-403;Headlamp;1;349;0.0;349.0;completed
10541;25-05-2026;freja.rasmussen71@outlook.dk;SE;store;ACC-401;Merino socks;1;129;0.0;129.0;completed
10541;25-05-2026;freja.rasmussen71@outlook.dk;SE;store;BAG-301;Daypack 25L;1;549;0.0;549.0;completed
10541;25-05-2026;freja.rasmussen71@outlook.dk;SE;store;ACC-402;Beanie;2;199;0.0;398.0;completed
11468;25-05-2026;freja.madsen9@mail.dk;DE;store;BOT-201;Hiking boots;2;1099;0.0;2198.0;completed
11468;25-05-2026;freja.madsen9@mail.dk;DE;store;ACC-401;Merino socks;1;129;0.0;129.0;completed
11468;25-05-2026;Freja.Madsen9@Mail.Dk;DE;store;JKT-102;Down jacket;1;1899;0.0;1899.0;completed
11509;25-05-2026;laura.hansen12@outlook.dk;DK;web;ACC-403;Headlamp;2;349;0.0;698.0;completed
11661;26-05-2026;laura.nielsen55@outlook.dk;DE;app;JKT-101;Shell jacket;1;1299;0.1;1169.1;completed
11661;26-05-2026;laura.nielsen55@outlook.dk;DE;app;ACC-401;Merino socks;1;129;0.1;116.1;completed
11661;26-05-2026;laura.nielsen55@outlook.dk;DE;app;BAG-301;Daypack 25L;1;549;0.1;494.1;completed
11925;26-05-2026;;NO;web;JKT-101;Shell jacket;2;1299;0.15;2208.3;completed
12775;26-05-2026;anna.petersen1@gmail.com;NO;web;BAG-302;Trek pack 60L;1;1499;0.0;1499.0;completed
11906;27-05-2026;mette.andersen56@hotmail.com;DK;web;ACC-402;Beanie;1;199;0.15;169.15;completed
12069;27-05-2026;mikkel.christensen10@gmail.com;SE;web;ACC-403;Headlamp;1;349;0.0;349.0;completed
10315;28-05-2026;jonas.madsen55@outlook.dk;DK;web;ACC-401;Merino socks;1;129;0.15;109.65;completed
11726;28-05-2026;sofie.larsen72@gmail.com;NO;web;JKT-101;Shell jacket;1;1299;0.1;1169.1;completed
11726;28-05-2026;Sofie.Larsen72@Gmail.Com;NO;web;BAG-301;Daypack 25L;1;549;0.1;494.1;completed
11726;28-05-2026;Sofie.Larsen72@Gmail.Com;NO;web;ACC-402;Beanie;2;199;0.1;358.2;completed
10151;29-05-2026;noah.pedersen43@hotmail.com;DK;web;BOT-201;Hiking boots;1;1099;0.1;989.1;completed
10151;29-05-2026;noah.pedersen43@hotmail.com;DK;web;JKT-102;Down jacket;1;1899;0.1;1709.1;completed
10398;29-05-2026;Laura.Jensen16@Yahoo.Dk;DK;web;JKT-101;Shell jacket;2;1299;0.0;2598.0;completed
11550;29-05-2026;Noah.Andersen52@Hotmail.Com;DK;web;JKT-101;Shell jacket;2;1299;0.0;2598.0;completed
11550;29-05-2026;Noah.Andersen52@Hotmail.Com;DK;web;SLP-601;Sleeping bag;1;899;0.0;899.0;completed
10399;30-05-2026;laura.jensen16@yahoo.dk;DK;web;ACC-403;Headlamp;1;349;0.15;296.65;completed
10399;30-05-2026;laura.jensen16@yahoo.dk;DK;web;SLP-601;Sleeping bag;2;899;0.15;1528.3;completed
10993;30-05-2026;jonas.jensen20@outlook.dk;DK;web;JKT-101;Shell jacket;1;1299;0.1;1169.1;completed
11266;30-05-2026;laura.larsen13@hotmail.com;SE;web;BAG-301;Daypack 25L;1;549;0.0;549.0;completed
11266;30-05-2026;laura.larsen13@hotmail.com;SE;web;ACC-402;Beanie;1;199;0.0;199.0;completed
12036;30-05-2026;mikkel.jensen53@gmail.com;DK;web;ACC-402;Beanie;-1;199;0.0;-199.0;refunded
12135;30-05-2026;mette.madsen70@yahoo.dk;DK;app;JKT-102;Down jacket;2;1899;0.0;3798.0;completed
12351;30-05-2026;mette.petersen76@hotmail.com;NO;app;ACC-403;Headlamp;2;349;0.15;593.3;completed
10211;31-05-2026;lars.rasmussen52@mail.dk;DK;web;ACC-401;Merino socks;2;129;0.0;258.0;completed
11331;31-05-2026;Sofie.Larsen98@Gmail.Com;DK;web;ACC-401;Merino socks;2;129;0.0;258.0;completed
11331;31-05-2026;sofie.larsen98@gmail.com;DK;web;ACC-403;Headlamp;2;349;0.0;698.0;completed
11331;31-05-2026;sofie.larsen98@gmail.com;DK;web;ACC-402;Beanie;1;199;0.0;199.0;completed
11510;31-05-2026;laura.hansen12@outlook.dk;DK;web;ACC-403;Headlamp;1;349;0.1;314.1;completed
11510;31-05-2026;Laura.Hansen12@Outlook.Dk;DK;web;ACC-402;Beanie;1;199;0.1;179.1;completed
12208;31-05-2026;magnus.christensen95@yahoo.dk;DK;app;BAG-302;Trek pack 60L;2;1499;0.1;2698.2;completed
12208;31-05-2026;magnus.christensen95@yahoo.dk;DK;app;JKT-102;Down jacket;1;1899;0.1;1709.1;completed
12464;31-05-2026;sofie.rasmussen83@hotmail.com;DK;store;TNT-501;2p tent;2;2499;0.0;4998.0;completed
12464;31-05-2026;sofie.rasmussen83@hotmail.com;DK;store;JKT-101;Shell jacket;2;1299;0.0;2598.0;completed
10228;01-06-2026;freja.christensen61@hotmail.com;NO;app;TNT-501;2p tent;1;2499;0.0;2499.0;completed
10228;01-06-2026;freja.christensen61@hotmail.com;NO;app;ACC-401;Merino socks;1;129;0.0;129.0;completed
12342;01-06-2026;lars.petersen78@gmail.com;DK;web;ACC-401;Merino socks;1;129;0.1;116.1;completed
12755;01-06-2026;mikkel.pedersen87@gmail.com;DK;app;ACC-402;Beanie;1;199;0.0;199.0;completed
11511;02-06-2026;;DK;web;ACC-402;Beanie;1;199;0.15;169.15;completed
11690;02-06-2026;sara.nielsen78@outlook.dk;DK;store;JKT-101;Shell jacket;1;1299;0.0;1299.0;completed
11168;03-06-2026;mette.madsen65@hotmail.com;DK;app;BAG-301;Daypack 25L;1;549;0.15;466.65;completed
11168;03-06-2026;mette.madsen65@hotmail.com;DK;app;ACC-403;Headlamp;1;349;0.15;296.65;completed
11803;03-06-2026;Laura.Pedersen42@Outlook.Dk;NO;web;ACC-401;Merino socks;1;129;0.0;129.0;completed
11965;03-06-2026;freja.pedersen11@outlook.dk;SE;store;ACC-401;Merino socks;2;129;0.15;219.3;completed
11965;03-06-2026;freja.pedersen11@outlook.dk;SE;store;ACC-402;Beanie;2;199;0.15;338.3;completed
11965;03-06-2026;Freja.Pedersen11@Outlook.Dk;SE;store;JKT-101;Shell jacket;1;1299;0.15;1104.15;completed
12383;03-06-2026;magnus.pedersen20@outlook.dk;SE;store;BOT-201;Hiking boots;1;1099;0.1;989.1;completed
12878;03-06-2026;clara.petersen74@yahoo.dk;NO;web;ACC-401;Merino socks;2;129;0.0;258.0;completed
12878;03-06-2026;clara.petersen74@yahoo.dk;NO;web;BAG-301;Daypack 25L;1;549;0.0;549.0;completed
10433;04-06-2026;Clara.Petersen17@Outlook.Dk;DK;web;JKT-101;Shell jacket;2;1299;0.0;2598.0;completed
10433;04-06-2026;Clara.Petersen17@Outlook.Dk;DK;web;ACC-403;Headlamp;1;349;0.0;349.0;completed
10433;04-06-2026;Clara.Petersen17@Outlook.Dk;DK;web;JKT-102;Down jacket;1;1899;0.0;1899.0;completed
10636;04-06-2026;noah.nielsen83@hotmail.com;SE;web;BAG-302;Trek pack 60L;2;1499;0.15;2548.3;completed
11145;04-06-2026;mikkel.rasmussen59@outlook.dk;SE;web;ACC-402;Beanie;1;199;0.0;199.0;completed
11145;04-06-2026;mikkel.rasmussen59@outlook.dk;SE;web;ACC-401;Merino socks;1;129;0.0;129.0;completed
11145;04-06-2026;mikkel.rasmussen59@outlook.dk;SE;web;BAG-301;Daypack 25L;1;549;0.0;549.0;completed
11574;04-06-2026;mikkel.hansen29@yahoo.dk;NO;app;JKT-101;Shell jacket;1;1299;0.1;1169.1;completed
12258;04-06-2026;noah.christensen68@yahoo.dk;DK;app;SLP-601;Sleeping bag;1;899;0.0;899.0;completed
12546;04-06-2026;;DE;web;TNT-501;2p tent;1;2499;0.0;2499.0;completed
12546;04-06-2026;;DE;web;ACC-403;Headlamp;1;349;0.0;349.0;completed
12546;04-06-2026;;DE;web;BAG-301;Daypack 25L;1;549;0.0;549.0;completed
10720;05-06-2026;anna.larsen78@gmail.com;NO;web;BAG-301;Daypack 25L;1;549;0.15;466.65;completed
11245;05-06-2026;oliver.christensen47@gmail.com;DK;web;SLP-601;Sleeping bag;2;899;0.15;1528.3;completed
11421;05-06-2026;emil.rasmussen35@outlook.dk;DK;store;ACC-403;Headlamp;1;349;0.0;349.0;completed
11421;05-06-2026;emil.rasmussen35@outlook.dk;DK;store;BOT-201;Hiking boots;2;1099;0.0;2198.0;completed
11421;05-06-2026;emil.rasmussen35@outlook.dk;DK;store;ACC-401;Merino socks;1;129;0.0;129.0;completed
12295;05-06-2026;laura.andersen27@mail.dk;SE;web;ACC-402;Beanie;1;199;0.0;199.0;completed
12295;05-06-2026;laura.andersen27@mail.dk;SE;web;TNT-501;2p tent;1;2499;0.0;2499.0;completed
11391;06-06-2026;ida.petersen80@mail.dk;NO;app;ACC-402;Beanie;2;199;0.1;358.2;completed
11391;06-06-2026;Ida.Petersen80@Mail.Dk;NO;app;ACC-401;Merino socks;2;129;0.1;232.2;completed
12054;06-06-2026;Laura.Jensen78@Mail.Dk;SE;web;BAG-302;Trek pack 60L;2;1499;0.15;2548.3;completed
12418;06-06-2026;Sara.Christensen81@Gmail.Com;NO;web;BAG-301;Daypack 25L;1;549;0.1;494.1;completed
12418;06-06-2026;sara.christensen81@gmail.com;NO;web;ACC-401;Merino socks;1;129;0.1;116.1;completed
10369;07-06-2026;oliver.jensen83@mail.dk;SE;web;ACC-402;Beanie;1;199;0.0;199.0;completed
10369;07-06-2026;oliver.jensen83@mail.dk;SE;web;JKT-102;Down jacket;1;1899;0.0;1899.0;completed
12919;07-06-2026;mette.pedersen62@mail.dk;DK;store;ACC-401;Merino socks;1;129;0.15;109.65;completed
12935;07-06-2026;sara.petersen54@hotmail.com;SE;store;SLP-601;Sleeping bag;1;899;0.0;899.0;completed
12935;07-06-2026;Sara.Petersen54@Hotmail.Com;SE;store;BOT-201;Hiking boots;1;1099;0.0;1099.0;completed
11575;08-06-2026;Mikkel.Hansen29@Yahoo.Dk;NO;app;JKT-101;Shell jacket;1;1299;0.0;1299.0;completed
11575;08-06-2026;mikkel.hansen29@yahoo.dk;NO;app;SLP-601;Sleeping bag;1;899;0.0;899.0;completed
11874;08-06-2026;Mikkel.Hansen21@Outlook.Dk;DK;web;ACC-401;Merino socks;-1;129;0.15;-109.65;refunded
12384;08-06-2026;Magnus.Pedersen20@Outlook.Dk;SE;store;ACC-402;Beanie;2;199;0.15;338.3;completed
10929;09-06-2026;sara.larsen29@hotmail.com;NO;web;ACC-402;Beanie;1;199;0.15;169.15;completed
10929;09-06-2026;sara.larsen29@hotmail.com;NO;web;JKT-101;Shell jacket;1;1299;0.15;1104.15;completed
10929;09-06-2026;sara.larsen29@hotmail.com;NO;web;JKT-102;Down jacket;1;1899;0.15;1614.15;completed
11080;09-06-2026;Freja.Andersen75@Hotmail.Com;SE;app;ACC-402;Beanie;1;199;0.0;199.0;completed
11080;09-06-2026;Freja.Andersen75@Hotmail.Com;SE;app;JKT-101;Shell jacket;1;1299;0.0;1299.0;completed
11302;09-06-2026;Emil.Petersen44@Outlook.Dk;NO;web;JKT-101;Shell jacket;1;1299;0.1;1169.1;completed
11302;09-06-2026;emil.petersen44@outlook.dk;NO;web;ACC-402;Beanie;1;199;0.1;179.1;completed
11332;09-06-2026;sofie.larsen98@gmail.com;DK;web;SLP-601;Sleeping bag;2;899;0.0;1798.0;completed
11916;09-06-2026;mikkel.petersen27@yahoo.dk;SE;app;BAG-301;Daypack 25L;1;549;0.0;549.0;completed
11916;09-06-2026;mikkel.petersen27@yahoo.dk;SE;app;ACC-401;Merino socks;1;129;0.0;129.0;completed
11916;09-06-2026;mikkel.petersen27@yahoo.dk;SE;app;ACC-403;Headlamp;1;349;0.0;349.0;completed
12209;10-06-2026;magnus.christensen95@yahoo.dk;DK;app;ACC-403;Headlamp;1;349;0.0;349.0;completed
11935;11-06-2026;emil.christensen94@outlook.dk;NO;web;SLP-601;Sleeping bag;1;899;0.0;899.0;completed
11935;11-06-2026;emil.christensen94@outlook.dk;NO;web;ACC-401;Merino socks;1;129;0.0;129.0;completed
11935;11-06-2026;emil.christensen94@outlook.dk;NO;web;ACC-403;Headlamp;2;349;0.0;698.0;completed
12070;11-06-2026;mikkel.christensen10@gmail.com;SE;web;SLP-601;Sleeping bag;2;899;0.1;1618.2;completed
12070;11-06-2026;mikkel.christensen10@gmail.com;SE;web;JKT-101;Shell jacket;1;1299;0.1;1169.1;completed
12070;11-06-2026;mikkel.christensen10@gmail.com;SE;web;BAG-301;Daypack 25L;1;549;0.1;494.1;completed
12756;12-06-2026;mikkel.pedersen87@gmail.com;DK;app;JKT-101;Shell jacket;1;1299;0.0;1299.0;completed
12513;13-06-2026;mette.andersen63@yahoo.dk;DE;web;ACC-402;Beanie;2;199;0.0;398.0;completed
12623;13-06-2026;Sara.Nielsen27@Outlook.Dk;DK;store;SLP-601;Sleeping bag;1;899;0.0;899.0;completed
12623;13-06-2026;sara.nielsen27@outlook.dk;DK;store;JKT-101;Shell jacket;1;1299;0.0;1299.0;completed
12623;13-06-2026;sara.nielsen27@outlook.dk;DK;store;ACC-402;Beanie;1;199;0.0;199.0;completed
10627;14-06-2026;Sara.Petersen93@Gmail.Com;NO;store;BAG-301;Daypack 25L;1;549;0.15;466.65;completed
11365;14-06-2026;oliver.andersen58@yahoo.dk;DK;store;BOT-201;Hiking boots;1;1099;0.0;1099.0;completed
11187;16-06-2026;Sofie.Rasmussen50@Yahoo.Dk;DK;store;BAG-301;Daypack 25L;1;549;0.0;549.0;completed
11376;16-06-2026;jonas.christensen90@yahoo.dk;DK;web;ACC-402;Beanie;1;199;0.0;199.0;completed
11631;17-06-2026;emil.jensen31@gmail.com;DE;web;ACC-401;Merino socks;2;129;0.15;219.3;completed
12245;17-06-2026;mikkel.rasmussen86@gmail.com;DK;app;ACC-401;Merino socks;2;129;0.0;258.0;completed
12245;17-06-2026;Mikkel.Rasmussen86@Gmail.Com;DK;app;BOT-201;Hiking boots;1;1099;0.0;1099.0;completed
12296;17-06-2026;laura.andersen27@mail.dk;SE;web;ACC-402;Beanie;1;199;0.0;199.0;completed
12296;17-06-2026;laura.andersen27@mail.dk;SE;web;JKT-101;Shell jacket;1;1299;0.0;1299.0;completed
12637;17-06-2026;emil.rasmussen96@gmail.com;DK;store;ACC-403;Headlamp;1;349;0.0;349.0;completed
10862;18-06-2026;laura.andersen2@gmail.com;SE;app;BAG-301;Daypack 25L;1;549;0.1;494.1;completed
10862;18-06-2026;Laura.Andersen2@Gmail.Com;SE;app;ACC-403;Headlamp;2;349;0.1;628.2;completed
11024;18-06-2026;noah.larsen39@outlook.dk;DK;web;SLP-601;Sleeping bag;1;899;0.15;764.15;completed
11024;18-06-2026;noah.larsen39@outlook.dk;DK;web;ACC-401;Merino socks;1;129;0.15;109.65;completed
13028;18-06-2026;;NO;app;JKT-101;Shell jacket;2;1299;0.15;2208.3;completed
10433;19-06-2026;Clara.Petersen17@Outlook.Dk;DK;web;JKT-101;Shell jacket;-2;1299;0.0;-2598.0;refunded
11576;19-06-2026;mikkel.hansen29@yahoo.dk;NO;app;SLP-601;Sleeping bag;1;899;0.0;899.0;completed
11576;19-06-2026;Mikkel.Hansen29@Yahoo.Dk;NO;app;BAG-301;Daypack 25L;1;549;0.0;549.0;completed
11835;19-06-2026;Ida.Nielsen32@Outlook.Dk;DK;web;JKT-101;Shell jacket;2;1299;0.0;2598.0;completed
11835;19-06-2026;Ida.Nielsen32@Outlook.Dk;DK;web;ACC-401;Merino socks;1;129;0.0;129.0;completed
11895;19-06-2026;Mikkel.Rasmussen12@Yahoo.Dk;DK;web;ACC-401;Merino socks;1;129;0.1;116.1;completed
11895;19-06-2026;mikkel.rasmussen12@yahoo.dk;DK;web;BOT-201;Hiking boots;1;1099;0.1;989.1;completed
11895;19-06-2026;mikkel.rasmussen12@yahoo.dk;DK;web;ACC-402;Beanie;1;199;0.1;179.1;completed
12936;19-06-2026;Sara.Petersen54@Hotmail.Com;SE;store;BAG-302;Trek pack 60L;1;1499;0.0;1499.0;completed
12936;19-06-2026;sara.petersen54@hotmail.com;SE;store;ACC-402;Beanie;1;199;0.0;199.0;completed
10229;20-06-2026;;NO;app;ACC-403;Headlamp;1;349;0.1;314.1;completed
11741;20-06-2026;mette.pedersen98@outlook.dk;NO;web;BAG-301;Daypack 25L;1;549;0.0;549.0;completed
11741;20-06-2026;Mette.Pedersen98@Outlook.Dk;NO;web;SLP-601;Sleeping bag;1;899;0.0;899.0;completed
11741;20-06-2026;mette.pedersen98@outlook.dk;NO;web;ACC-403;Headlamp;2;349;0.0;698.0;completed
12757;20-06-2026;Mikkel.Pedersen87@Gmail.Com;DK;app;BAG-302;Trek pack 60L;1;1499;0.0;1499.0;completed
12757;20-06-2026;mikkel.pedersen87@gmail.com;DK;app;ACC-402;Beanie;1;199;0.0;199.0;completed
11169;21-06-2026;mette.madsen65@hotmail.com;DK;app;ACC-401;Merino socks;2;129;0.0;258.0;completed
11169;21-06-2026;Mette.Madsen65@Hotmail.Com;DK;app;BAG-301;Daypack 25L;2;549;0.0;1098.0;completed
11169;21-06-2026;mette.madsen65@hotmail.com;DK;app;BOT-201;Hiking boots;2;1099;0.0;2198.0;completed
11241;21-06-2026;Sofie.Larsen17@Yahoo.Dk;DE;web;JKT-101;Shell jacket;2;1299;0.15;2208.3;completed
11414;21-06-2026;emil.hansen28@hotmail.com;NO;web;BAG-301;Daypack 25L;1;549;0.0;549.0;completed
11697;21-06-2026;emil.pedersen69@outlook.dk;SE;web;BAG-301;Daypack 25L;1;549;0.0;549.0;completed
11911;21-06-2026;Clara.Petersen91@Outlook.Dk;NO;web;BAG-302;Trek pack 60L;2;1499;0.0;2998.0;completed
12246;21-06-2026;mikkel.rasmussen86@gmail.com;DK;app;ACC-402;Beanie;1;199;0.15;169.15;completed
12473;21-06-2026;lars.hansen42@gmail.com;DK;web;BOT-201;Hiking boots;1;1099;0.0;1099.0;completed
12473;21-06-2026;lars.hansen42@gmail.com;DK;web;ACC-402;Beanie;2;199;0.0;398.0;completed
13073;21-06-2026;anna.hansen73@mail.dk;DK;web;ACC-401;Merino socks;2;129;0.15;219.3;completed
10306;22-06-2026;sofie.andersen3@hotmail.com;DE;web;ACC-403;Headlamp;1;349;0.15;296.65;completed
10414;22-06-2026;sofie.pedersen84@outlook.dk;DK;store;ACC-403;Headlamp;1;349;0.1;314.1;completed
10488;22-06-2026;jonas.madsen8@mail.dk;SE;web;JKT-101;Shell jacket;2;1299;0.0;2598.0;completed
10528;22-06-2026;freja.petersen13@mail.dk;DE;store;JKT-101;Shell jacket;1;1299;0.15;1104.15;completed
10744;22-06-2026;lars.hansen10@yahoo.dk;DK;web;ACC-401;Merino socks;1;129;0.1;116.1;completed
10956;22-06-2026;clara.hansen83@gmail.com;DE;web;ACC-402;Beanie;1;199;0.15;169.15;completed
11662;22-06-2026;laura.nielsen55@outlook.dk;DE;app;BAG-301;Daypack 25L;2;549;0.15;933.3;completed
10745;23-06-2026;lars.hansen10@yahoo.dk;DK;web;JKT-102;Down jacket;1;1899;0.1;1709.1;completed
11750;23-06-2026;sara.rasmussen91@mail.dk;NO;app;ACC-401;Merino socks;2;129;0.1;232.2;completed
11750;23-06-2026;Sara.Rasmussen91@Mail.Dk;NO;app;JKT-101;Shell jacket;1;1299;0.1;1169.1;completed
11836;23-06-2026;ida.nielsen32@outlook.dk;DK;web;JKT-101;Shell jacket;1;1299;0.15;1104.15;completed
11836;23-06-2026;ida.nielsen32@outlook.dk;DK;web;ACC-401;Merino socks;1;129;0.15;109.65;completed
12573;23-06-2026;jonas.andersen42@hotmail.com;DE;web;JKT-101;Shell jacket;1;1299;0.0;1299.0;completed
10139;24-06-2026;magnus.larsen88@gmail.com;DK;store;ACC-403;Headlamp;1;349;0.1;314.1;completed
10637;24-06-2026;Noah.Nielsen83@Hotmail.Com;SE;web;BAG-301;Daypack 25L;1;549;0.15;466.65;completed
10847;24-06-2026;;DE;web;BOT-201;Hiking boots;1;1099;0.15;934.15;completed
10957;24-06-2026;clara.hansen83@gmail.com;DE;web;JKT-102;Down jacket;2;1899;0.0;3798.0;completed
10957;24-06-2026;clara.hansen83@gmail.com;DE;web;ACC-402;Beanie;2;199;0.0;398.0;completed
11070;24-06-2026;emil.larsen52@hotmail.com;DE;store;ACC-403;Headlamp;1;349;0.15;296.65;completed
11070;24-06-2026;emil.larsen52@hotmail.com;DE;store;ACC-401;Merino socks;1;129;0.15;109.65;completed
11070;24-06-2026;emil.larsen52@hotmail.com;DE;store;ACC-401;Merino socks;1;129;0.15;109.65;completed
11715;24-06-2026;Oliver.Jensen51@Yahoo.Dk;DK;web;TNT-501;2p tent;1;2499;0.15;2124.15;completed
11936;24-06-2026;emil.christensen94@outlook.dk;NO;web;ACC-402;Beanie;1;199;0.1;179.1;completed
11936;24-06-2026;emil.christensen94@outlook.dk;NO;web;BAG-302;Trek pack 60L;1;1499;0.1;1349.1;completed
11936;24-06-2026;emil.christensen94@outlook.dk;NO;web;ACC-401;Merino socks;1;129;0.1;116.1;completed
10842;25-06-2026;Emil.Larsen29@Hotmail.Com;DK;web;ACC-403;Headlamp;1;349;0.0;349.0;completed
11663;25-06-2026;Laura.Nielsen55@Outlook.Dk;DE;app;ACC-403;Headlamp;1;349;0.1;314.1;completed
11663;25-06-2026;Laura.Nielsen55@Outlook.Dk;DE;app;ACC-402;Beanie;1;199;0.1;179.1;completed
11663;25-06-2026;Laura.Nielsen55@Outlook.Dk;DE;app;SLP-601;Sleeping bag;1;899;0.1;809.1;completed
11663;25-06-2026;Laura.Nielsen55@Outlook.Dk;DE;app;ACC-403;Headlamp;1;349;0.1;314.1;completed
10746;26-06-2026;Lars.Hansen10@Yahoo.Dk;DK;web;ACC-403;Headlamp;1;349;0.0;349.0;completed
10746;26-06-2026;lars.hansen10@yahoo.dk;DK;web;BOT-201;Hiking boots;2;1099;0.0;2198.0;completed
11303;26-06-2026;emil.petersen44@outlook.dk;NO;web;ACC-401;Merino socks;1;129;0.1;116.1;completed
11303;26-06-2026;emil.petersen44@outlook.dk;NO;web;ACC-403;Headlamp;1;349;0.1;314.1;completed
11984;26-06-2026;Jonas.Jensen60@Gmail.Com;DK;web;ACC-402;Beanie;1;199;0.1;179.1;completed
12574;26-06-2026;jonas.andersen42@hotmail.com;DE;web;ACC-401;Merino socks;1;129;0.0;129.0;completed
12574;26-06-2026;Jonas.Andersen42@Hotmail.Com;DE;web;ACC-402;Beanie;1;199;0.0;199.0;completed
12574;26-06-2026;jonas.andersen42@hotmail.com;DE;web;ACC-401;Merino socks;1;129;0.0;129.0;completed
12758;26-06-2026;mikkel.pedersen87@gmail.com;DK;app;JKT-101;Shell jacket;2;1299;0.0;2598.0;completed
13089;26-06-2026;Magnus.Rasmussen48@Gmail.Com;DK;web;BAG-301;Daypack 25L;1;549;0.0;549.0;completed
13089;26-06-2026;magnus.rasmussen48@gmail.com;DK;web;SLP-601;Sleeping bag;1;899;0.0;899.0;completed
10140;27-06-2026;magnus.larsen88@gmail.com;DK;store;BAG-301;Daypack 25L;2;549;0.0;1098.0;completed
11188;27-06-2026;sofie.rasmussen50@yahoo.dk;DK;store;ACC-401;Merino socks;1;129;0.0;129.0;completed
11188;27-06-2026;sofie.rasmussen50@yahoo.dk;DK;store;JKT-101;Shell jacket;1;1299;0.0;1299.0;completed
11242;27-06-2026;Sofie.Larsen17@Yahoo.Dk;DE;web;BAG-301;Daypack 25L;1;549;0.0;549.0;completed
11242;27-06-2026;sofie.larsen17@yahoo.dk;DE;web;ACC-401;Merino socks;1;129;0.0;129.0;completed
11242;27-06-2026;sofie.larsen17@yahoo.dk;DE;web;ACC-403;Headlamp;2;349;0.0;698.0;completed
11677;28-06-2026;anna.nielsen75@outlook.dk;NO;web;BOT-201;Hiking boots;2;1099;0.15;1868.3;completed
11677;28-06-2026;anna.nielsen75@outlook.dk;NO;web;JKT-101;Shell jacket;1;1299;0.15;1104.15;completed
11730;28-06-2026;Clara.Larsen31@Gmail.Com;DE;web;JKT-101;Shell jacket;2;1299;0.0;2598.0;completed
12065;28-06-2026;sofie.madsen21@outlook.dk;DK;web;BAG-302;Trek pack 60L;1;1499;0.0;1499.0;completed
12584;28-06-2026;mikkel.andersen88@outlook.dk;DE;web;ACC-401;Merino socks;2;129;0.1;232.2;completed
12584;28-06-2026;Mikkel.Andersen88@Outlook.Dk;DE;web;BAG-301;Daypack 25L;1;549;0.1;494.1;completed
12608;28-06-2026;Sofie.Larsen14@Hotmail.Com;DK;web;BAG-301;Daypack 25L;1;549;0.0;549.0;completed
10212;29-06-2026;Lars.Rasmussen52@Mail.Dk;DK;web;BOT-201;Hiking boots;1;1099;0.1;989.1;completed
10212;29-06-2026;Lars.Rasmussen52@Mail.Dk;DK;web;ACC-402;Beanie;1;199;0.1;179.1;completed
12125;29-06-2026;lars.madsen87@mail.dk;DK;web;BAG-301;Daypack 25L;1;549;0.15;466.65;completed
12125;29-06-2026;lars.madsen87@mail.dk;DK;web;ACC-401;Merino socks;1;129;0.15;109.65;completed
12609;29-06-2026;sofie.larsen14@hotmail.com;DK;web;BAG-302;Trek pack 60L;1;1499;0.1;1349.1;completed
12449;30-06-2026;Mette.Larsen7@Outlook.Dk;DK;web;JKT-102;Down jacket;1;1899;0.15;1614.15;completed
10345;01-07-2026;jonas.christensen67@outlook.dk;DK;store;BAG-301;Daypack 25L;1;549;0.15;466.65;completed
10345;01-07-2026;jonas.christensen67@outlook.dk;DK;store;ACC-403;Headlamp;1;349;0.15;296.65;completed
12759;01-07-2026;mikkel.pedersen87@gmail.com;DK;app;SLP-601;Sleeping bag;1;899;0.0;899.0;completed
10141;02-07-2026;magnus.larsen88@gmail.com;DK;store;ACC-402;Beanie;1;199;0.1;179.1;completed
12575;02-07-2026;jonas.andersen42@hotmail.com;DE;web;ACC-402;Beanie;1;199;0.0;199.0;completed
10567;03-07-2026;laura.jensen39@hotmail.com;DK;app;ACC-402;Beanie;1;199;0.15;169.15;completed
10567;03-07-2026;laura.jensen39@hotmail.com;DK;app;JKT-102;Down jacket;1;1899;0.15;1614.15;completed
10567;03-07-2026;laura.jensen39@hotmail.com;DK;app;ACC-402;Beanie;1;199;0.15;169.15;completed
11133;03-07-2026;noah.hansen49@gmail.com;DE;web;ACC-402;Beanie;1;199;0.1;179.1;completed
11133;03-07-2026;Noah.Hansen49@Gmail.Com;DE;web;JKT-101;Shell jacket;2;1299;0.1;2338.2;completed
11697;03-07-2026;emil.pedersen69@outlook.dk;SE;web;BAG-301;Daypack 25L;-1;549;0.0;-549.0;refunded
12641;03-07-2026;clara.larsen39@gmail.com;NO;web;BOT-201;Hiking boots;1;1099;0.0;1099.0;completed
11366;04-07-2026;oliver.andersen58@yahoo.dk;DK;store;ACC-403;Headlamp;1;349;0.1;314.1;completed
12343;04-07-2026;lars.petersen78@gmail.com;DK;web;JKT-102;Down jacket;1;1899;0.0;1899.0;completed
12343;04-07-2026;lars.petersen78@gmail.com;DK;web;ACC-403;Headlamp;1;349;0.0;349.0;completed
11129;05-07-2026;anna.christensen67@yahoo.dk;DK;web;BOT-201;Hiking boots;1;1099;0.0;1099.0;completed
11129;05-07-2026;anna.christensen67@yahoo.dk;DK;web;JKT-101;Shell jacket;1;1299;0.0;1299.0;completed
11216;05-07-2026;jonas.jensen97@gmail.com;DK;web;ACC-401;Merino socks;1;129;0.0;129.0;completed
11216;05-07-2026;jonas.jensen97@gmail.com;DK;web;ACC-402;Beanie;1;199;0.0;199.0;completed
11524;05-07-2026;oliver.madsen57@gmail.com;NO;web;ACC-402;Beanie;2;199;0.15;338.3;completed
11524;05-07-2026;oliver.madsen57@gmail.com;NO;web;BAG-301;Daypack 25L;1;549;0.15;466.65;completed
11971;05-07-2026;Clara.Christensen4@Outlook.Dk;SE;store;BAG-302;Trek pack 60L;1;1499;0.15;1274.15;completed
11971;05-07-2026;Clara.Christensen4@Outlook.Dk;SE;store;BAG-302;Trek pack 60L;1;1499;0.15;1274.15;completed
13090;05-07-2026;Magnus.Rasmussen48@Gmail.Com;DK;web;JKT-102;Down jacket;1;1899;0.0;1899.0;completed
11376;06-07-2026;jonas.christensen90@yahoo.dk;DK;web;ACC-402;Beanie;-1;199;0.0;-199.0;refunded
12197;06-07-2026;oliver.christensen54@yahoo.dk;DK;store;JKT-102;Down jacket;2;1899;0.1;3418.2;completed
12758;06-07-2026;mikkel.pedersen87@gmail.com;DK;app;JKT-101;Shell jacket;-2;1299;0.0;-2598.0;refunded
10542;07-07-2026;freja.rasmussen71@outlook.dk;SE;store;SLP-601;Sleeping bag;1;899;0.0;899.0;completed
10542;07-07-2026;freja.rasmussen71@outlook.dk;SE;store;ACC-402;Beanie;1;199;0.0;199.0;completed
11259;07-07-2026;anna.rasmussen86@gmail.com;SE;app;JKT-101;Shell jacket;1;1299;0.0;1299.0;completed
12046;07-07-2026;oliver.christensen77@mail.dk;DK;web;BAG-301;Daypack 25L;2;549;0.1;988.2;completed
10796;08-07-2026;ida.pedersen97@hotmail.com;DK;store;ACC-402;Beanie;2;199;0.1;358.2;completed
10796;08-07-2026;ida.pedersen97@hotmail.com;DK;store;BAG-301;Daypack 25L;1;549;0.1;494.1;completed
10796;08-07-2026;Ida.Pedersen97@Hotmail.Com;DK;store;ACC-401;Merino socks;1;129;0.1;116.1;completed
11837;08-07-2026;;DK;web;BOT-201;Hiking boots;1;1099;0.0;1099.0;completed
11837;08-07-2026;;DK;web;ACC-403;Headlamp;1;349;0.0;349.0;completed
11837;08-07-2026;;DK;web;BAG-301;Daypack 25L;1;549;0.0;549.0;completed
12062;08-07-2026;Jonas.Hansen80@Yahoo.Dk;DK;web;BOT-201;Hiking boots;1;1099;0.0;1099.0;completed
12062;08-07-2026;jonas.hansen80@yahoo.dk;DK;web;JKT-101;Shell jacket;1;1299;0.0;1299.0;completed
12062;08-07-2026;jonas.hansen80@yahoo.dk;DK;web;ACC-403;Headlamp;1;349;0.0;349.0;completed
13029;08-07-2026;lars.hansen74@yahoo.dk;NO;app;ACC-402;Beanie;1;199;0.0;199.0;completed
13029;08-07-2026;lars.hansen74@yahoo.dk;NO;app;SLP-601;Sleeping bag;1;899;0.0;899.0;completed
10309;10-07-2026;laura.christensen33@hotmail.com;SE;web;SLP-601;Sleeping bag;1;899;0.0;899.0;completed
10309;10-07-2026;laura.christensen33@hotmail.com;SE;web;BAG-301;Daypack 25L;1;549;0.0;549.0;completed
10638;10-07-2026;noah.nielsen83@hotmail.com;SE;web;ACC-402;Beanie;1;199;0.0;199.0;completed
10664;10-07-2026;Freja.Jensen42@Hotmail.Com;DK;store;JKT-101;Shell jacket;2;1299;0.0;2598.0;completed
12385;10-07-2026;magnus.pedersen20@outlook.dk;SE;store;BAG-302;Trek pack 60L;2;1499;0.0;2998.0;completed
11201;11-07-2026;sofie.madsen65@yahoo.dk;NO;web;ACC-401;Merino socks;1;129;0.1;116.1;completed
12210;11-07-2026;magnus.christensen95@yahoo.dk;DK;app;ACC-401;Merino socks;1;129;0.15;109.65;completed
12210;11-07-2026;magnus.christensen95@yahoo.dk;DK;app;JKT-102;Down jacket;1;1899;0.15;1614.15;completed
10581;12-07-2026;freja.andersen46@outlook.dk;DK;app;BOT-201;Hiking boots;1;1099;0.0;1099.0;completed
10581;12-07-2026;freja.andersen46@outlook.dk;DK;app;JKT-102;Down jacket;1;1899;0.0;1899.0;completed
10581;12-07-2026;freja.andersen46@outlook.dk;DK;app;BAG-301;Daypack 25L;1;549;0.0;549.0;completed
11307;12-07-2026;noah.christensen98@gmail.com;NO;web;ACC-402;Beanie;2;199;0.1;358.2;completed
11307;12-07-2026;noah.christensen98@gmail.com;NO;web;ACC-401;Merino socks;1;129;0.1;116.1;completed
11307;12-07-2026;noah.christensen98@gmail.com;NO;web;BAG-302;Trek pack 60L;2;1499;0.1;2698.2;completed
12642;12-07-2026;clara.larsen39@gmail.com;NO;web;ACC-401;Merino socks;1;129;0.15;109.65;completed
11017;13-07-2026;lars.madsen18@outlook.dk;SE;web;BOT-201;Hiking boots;1;1099;0.15;934.15;completed
10711;14-07-2026;oliver.madsen53@gmail.com;DK;store;ACC-401;Merino socks;1;129;0.0;129.0;completed
12046;14-07-2026;oliver.christensen77@mail.dk;DK;web;BAG-301;Daypack 25L;-2;549;0.1;-988.2;refunded
12188;14-07-2026;jonas.larsen9@gmail.com;SE;web;ACC-402;Beanie;1;199;0.15;169.15;completed
12188;14-07-2026;jonas.larsen9@gmail.com;SE;web;ACC-403;Headlamp;1;349;0.15;296.65;completed
12188;14-07-2026;jonas.larsen9@gmail.com;SE;web;JKT-101;Shell jacket;2;1299;0.15;2208.3;completed
12865;15-07-2026;;DK;web;ACC-402;Beanie;1;199;0.0;199.0;completed
12865;15-07-2026;;DK;web;ACC-401;Merino socks;1;129;0.0;129.0;completed
10076;17-07-2026;freja.jensen46@mail.dk;SE;web;BAG-301;Daypack 25L;1;549;0.0;549.0;completed
10076;17-07-2026;freja.jensen46@mail.dk;SE;web;JKT-101;Shell jacket;1;1299;0.0;1299.0;completed
10712;17-07-2026;oliver.madsen53@gmail.com;DK;store;ACC-402;Beanie;1;199;0.15;169.15;completed
11165;17-07-2026;magnus.andersen64@gmail.com;DK;store;BAG-302;Trek pack 60L;1;1499;0.0;1499.0;completed
11165;17-07-2026;Magnus.Andersen64@Gmail.Com;DK;store;ACC-403;Headlamp;1;349;0.0;349.0;completed
10694;18-07-2026;oliver.petersen13@gmail.com;DK;app;ACC-402;Beanie;2;199;0.0;398.0;completed
10958;18-07-2026;clara.hansen83@gmail.com;DE;web;JKT-102;Down jacket;1;1899;0.0;1899.0;completed
10958;18-07-2026;Clara.Hansen83@Gmail.Com;DE;web;ACC-402;Beanie;1;199;0.0;199.0;completed
10958;18-07-2026;clara.hansen83@gmail.com;DE;web;ACC-403;Headlamp;1;349;0.0;349.0;completed
12386;18-07-2026;magnus.pedersen20@outlook.dk;SE;store;ACC-402;Beanie;1;199;0.15;169.15;completed
12866;18-07-2026;mikkel.christensen54@outlook.dk;DK;web;ACC-401;Merino socks;1;129;0.15;109.65;completed
11053;19-07-2026;clara.larsen57@mail.dk;DK;web;ACC-401;Merino socks;1;129;0.1;116.1;completed
11954;19-07-2026;lars.andersen51@yahoo.dk;DK;web;ACC-403;Headlamp;1;349;0.0;349.0;completed
11954;19-07-2026;lars.andersen51@yahoo.dk;DK;web;ACC-402;Beanie;1;199;0.0;199.0;completed
11954;19-07-2026;Lars.Andersen51@Yahoo.Dk;DK;web;BAG-301;Daypack 25L;2;549;0.0;1098.0;completed
12297;19-07-2026;laura.andersen27@mail.dk;SE;web;JKT-101;Shell jacket;1;1299;0.0;1299.0;completed
12508;19-07-2026;Magnus.Madsen25@Gmail.Com;DK;web;ACC-401;Merino socks;1;129;0.1;116.1;completed
12508;19-07-2026;magnus.madsen25@gmail.com;DK;web;ACC-403;Headlamp;1;349;0.1;314.1;completed
12508;19-07-2026;magnus.madsen25@gmail.com;DK;web;BAG-301;Daypack 25L;1;549;0.1;494.1;completed
12920;19-07-2026;mette.pedersen62@mail.dk;DK;store;ACC-402;Beanie;2;199;0.0;398.0;completed
12920;19-07-2026;Mette.Pedersen62@Mail.Dk;DK;store;ACC-403;Headlamp;1;349;0.0;349.0;completed
12920;19-07-2026;mette.pedersen62@mail.dk;DK;store;BAG-302;Trek pack 60L;2;1499;0.0;2998.0;completed
13030;19-07-2026;lars.hansen74@yahoo.dk;NO;app;ACC-403;Headlamp;1;349;0.1;314.1;completed
13030;19-07-2026;lars.hansen74@yahoo.dk;NO;app;ACC-402;Beanie;1;199;0.1;179.1;completed
13030;19-07-2026;lars.hansen74@yahoo.dk;NO;app;SLP-601;Sleeping bag;2;899;0.1;1618.2;completed
10383;20-07-2026;noah.rasmussen39@outlook.dk;DK;web;ACC-403;Headlamp;2;349;0.0;698.0;completed
12102;20-07-2026;mikkel.rasmussen27@gmail.com;DK;store;ACC-402;Beanie;1;199;0.0;199.0;completed
11581;21-07-2026;freja.petersen43@gmail.com;DK;web;TNT-501;2p tent;1;2499;0.0;2499.0;completed
11780;21-07-2026;laura.pedersen55@hotmail.com;NO;app;BOT-201;Hiking boots;1;1099;0.0;1099.0;completed
11780;21-07-2026;laura.pedersen55@hotmail.com;NO;app;BOT-201;Hiking boots;1;1099;0.0;1099.0;completed
12007;21-07-2026;;SE;web;SLP-601;Sleeping bag;1;899;0.15;764.15;completed
12140;21-07-2026;magnus.madsen75@hotmail.com;NO;web;ACC-402;Beanie;1;199;0.15;169.15;completed
12140;21-07-2026;Magnus.Madsen75@Hotmail.Com;NO;web;ACC-403;Headlamp;1;349;0.15;296.65;completed
12140;21-07-2026;magnus.madsen75@hotmail.com;NO;web;ACC-401;Merino socks;1;129;0.15;109.65;completed
12764;21-07-2026;Freja.Larsen96@Yahoo.Dk;DE;web;ACC-401;Merino socks;2;129;0.0;258.0;completed
12764;21-07-2026;freja.larsen96@yahoo.dk;DE;web;ACC-402;Beanie;2;199;0.0;398.0;completed
12961;21-07-2026;noah.rasmussen47@hotmail.com;DK;web;BAG-302;Trek pack 60L;2;1499;0.0;2998.0;completed
11593;23-07-2026;Freja.Rasmussen51@Mail.Dk;DK;web;ACC-402;Beanie;2;199;0.15;338.3;completed
12174;23-07-2026;clara.pedersen62@outlook.dk;DE;store;ACC-402;Beanie;1;199;0.1;179.1;completed
12361;23-07-2026;Clara.Jensen53@Mail.Dk;DK;web;ACC-402;Beanie;1;199;0.15;169.15;completed
12361;23-07-2026;clara.jensen53@mail.dk;DK;web;JKT-101;Shell jacket;1;1299;0.15;1104.15;completed
12602;24-07-2026;freja.larsen75@mail.dk;DK;web;ACC-402;Beanie;1;199;0.1;179.1;completed
12602;24-07-2026;freja.larsen75@mail.dk;DK;web;ACC-401;Merino socks;1;129;0.1;116.1;completed
10747;25-07-2026;lars.hansen10@yahoo.dk;DK;web;SLP-601;Sleeping bag;1;899;0.0;899.0;completed
11170;25-07-2026;Mette.Madsen65@Hotmail.Com;DK;app;BAG-301;Daypack 25L;1;549;0.1;494.1;completed
11608;25-07-2026;Mette.Nielsen67@Outlook.Dk;DK;web;SLP-601;Sleeping bag;2;899;0.0;1798.0;completed
11608;25-07-2026;mette.nielsen67@outlook.dk;DK;web;JKT-101;Shell jacket;2;1299;0.0;2598.0;completed
11608;25-07-2026;mette.nielsen67@outlook.dk;DK;web;ACC-402;Beanie;1;199;0.0;199.0;completed
11621;25-07-2026;oliver.petersen89@hotmail.com;DK;store;ACC-401;Merino socks;1;129;0.15;109.65;completed
11621;25-07-2026;oliver.petersen89@hotmail.com;DK;store;TNT-501;2p tent;1;2499;0.15;2124.15;completed
12890;25-07-2026;;DK;web;SLP-601;Sleeping bag;2;899;0.0;1798.0;completed
12890;25-07-2026;;DK;web;BAG-301;Daypack 25L;1;549;0.0;549.0;completed
12890;25-07-2026;;DK;web;ACC-403;Headlamp;1;349;0.0;349.0;completed
10173;26-07-2026;noah.petersen81@yahoo.dk;SE;web;ACC-402;Beanie;1;199;0.0;199.0;completed
10173;26-07-2026;noah.petersen81@yahoo.dk;SE;web;JKT-101;Shell jacket;2;1299;0.0;2598.0;completed
10173;26-07-2026;noah.petersen81@yahoo.dk;SE;web;BAG-301;Daypack 25L;1;549;0.0;549.0;completed
10007;27-07-2026;anna.madsen77@yahoo.dk;DK;app;BAG-301;Daypack 25L;1;549;0.1;494.1;completed
10007;27-07-2026;anna.madsen77@yahoo.dk;DK;app;SLP-601;Sleeping bag;1;899;0.1;809.1;completed
10346;27-07-2026;jonas.christensen67@outlook.dk;DK;store;BAG-301;Daypack 25L;1;549;0.15;466.65;completed
10346;27-07-2026;Jonas.Christensen67@Outlook.Dk;DK;store;ACC-402;Beanie;1;199;0.15;169.15;completed
10748;27-07-2026;Lars.Hansen10@Yahoo.Dk;DK;web;JKT-101;Shell jacket;1;1299;0.1;1169.1;completed
10748;27-07-2026;lars.hansen10@yahoo.dk;DK;web;SLP-601;Sleeping bag;1;899;0.1;809.1;completed
10748;27-07-2026;lars.hansen10@yahoo.dk;DK;web;BAG-301;Daypack 25L;1;549;0.1;494.1;completed
11333;27-07-2026;sofie.larsen98@gmail.com;DK;web;JKT-102;Down jacket;1;1899;0.1;1709.1;completed
11333;27-07-2026;sofie.larsen98@gmail.com;DK;web;ACC-402;Beanie;2;199;0.1;358.2;completed
10489;28-07-2026;jonas.madsen8@mail.dk;SE;web;BOT-201;Hiking boots;1;1099;0.0;1099.0;completed
10489;28-07-2026;jonas.madsen8@mail.dk;SE;web;BAG-302;Trek pack 60L;1;1499;0.0;1499.0;completed
10489;28-07-2026;jonas.madsen8@mail.dk;SE;web;ACC-403;Headlamp;1;349;0.0;349.0;completed
10489;28-07-2026;jonas.madsen8@mail.dk;SE;web;BOT-201;Hiking boots;1;1099;0.0;1099.0;completed
11334;28-07-2026;sofie.larsen98@gmail.com;DK;web;ACC-401;Merino socks;2;129;0.15;219.3;completed
11334;28-07-2026;Sofie.Larsen98@Gmail.Com;DK;web;ACC-403;Headlamp;1;349;0.15;296.65;completed
12603;28-07-2026;freja.larsen75@mail.dk;DK;web;JKT-102;Down jacket;1;1899;0.0;1899.0;completed
12976;28-07-2026;sofie.hansen55@mail.dk;NO;web;SLP-601;Sleeping bag;2;899;0.0;1798.0;completed
12976;28-07-2026;sofie.hansen55@mail.dk;NO;web;ACC-402;Beanie;1;199;0.0;199.0;completed
10959;29-07-2026;clara.hansen83@gmail.com;DE;web;ACC-401;Merino socks;2;129;0.0;258.0;completed
10959;29-07-2026;clara.hansen83@gmail.com;DE;web;BOT-201;Hiking boots;1;1099;0.0;1099.0;completed
10560;30-07-2026;noah.christensen30@hotmail.com;DK;web;ACC-402;Beanie;1;199;0.1;179.1;completed
10618;30-07-2026;mette.petersen16@yahoo.dk;DE;web;ACC-403;Headlamp;1;349;0.0;349.0;completed
10618;30-07-2026;Mette.Petersen16@Yahoo.Dk;DE;web;JKT-101;Shell jacket;2;1299;0.0;2598.0;completed
11426;30-07-2026;mette.nielsen81@gmail.com;DK;web;ACC-403;Headlamp;1;349;0.0;349.0;completed
12765;30-07-2026;freja.larsen96@yahoo.dk;DE;web;ACC-402;Beanie;1;199;0.0;199.0;completed
12765;30-07-2026;freja.larsen96@yahoo.dk;DE;web;BAG-301;Daypack 25L;2;549;0.0;1098.0;completed
10444;31-07-2026;mette.petersen6@hotmail.com;DK;web;ACC-401;Merino socks;1;129;0.0;129.0;completed
10444;31-07-2026;mette.petersen6@hotmail.com;DK;web;TNT-501;2p tent;1;2499;0.0;2499.0;completed
11577;31-07-2026;Mikkel.Hansen29@Yahoo.Dk;NO;app;JKT-101;Shell jacket;1;1299;0.0;1299.0;completed
11577;31-07-2026;Mikkel.Hansen29@Yahoo.Dk;NO;app;SLP-601;Sleeping bag;2;899;0.0;1798.0;completed
11577;31-07-2026;Mikkel.Hansen29@Yahoo.Dk;NO;app;BOT-201;Hiking boots;2;1099;0.0;2198.0;completed
11635;31-07-2026;Ida.Larsen62@Yahoo.Dk;DK;store;BAG-302;Trek pack 60L;1;1499;0.0;1499.0;completed
11853;31-07-2026;jonas.christensen85@outlook.dk;DE;web;JKT-102;Down jacket;2;1899;0.1;3418.2;completed
11853;31-07-2026;jonas.christensen85@outlook.dk;DE;web;ACC-402;Beanie;1;199;0.1;179.1;completed
11853;31-07-2026;jonas.christensen85@outlook.dk;DE;web;BAG-301;Daypack 25L;1;549;0.1;494.1;completed
12438;31-07-2026;Lars.Rasmussen31@Mail.Dk;DE;web;JKT-101;Shell jacket;1;1299;0.0;1299.0;completed
12438;31-07-2026;lars.rasmussen31@mail.dk;DE;web;ACC-403;Headlamp;2;349;0.0;698.0;completed
12438;31-07-2026;Lars.Rasmussen31@Mail.Dk;DE;web;BOT-201;Hiking boots;1;1099;0.0;1099.0;completed
12618;31-07-2026;ida.hansen3@yahoo.dk;DE;web;JKT-102;Down jacket;1;1899;0.1;1709.1;completed
10082;01-08-2026;sara.larsen44@hotmail.com;DK;web;ACC-403;Headlamp;2;349;0.0;698.0;completed
10082;01-08-2026;sara.larsen44@hotmail.com;DK;web;ACC-403;Headlamp;2;349;0.0;698.0;completed
10721;01-08-2026;anna.larsen78@gmail.com;NO;web;BAG-302;Trek pack 60L;1;1499;0.0;1499.0;completed
10721;01-08-2026;anna.larsen78@gmail.com;NO;web;ACC-401;Merino socks;1;129;0.0;129.0;completed
10910;01-08-2026;Anna.Madsen96@Hotmail.Com;DK;web;BOT-201;Hiking boots;1;1099;0.15;934.15;completed
10910;01-08-2026;anna.madsen96@hotmail.com;DK;web;ACC-402;Beanie;2;199;0.15;338.3;completed
11335;01-08-2026;sofie.larsen98@gmail.com;DK;web;ACC-401;Merino socks;1;129;0.15;109.65;completed
11991;01-08-2026;Lars.Petersen33@Gmail.Com;DK;store;ACC-402;Beanie;1;199;0.1;179.1;completed
11991;01-08-2026;lars.petersen33@gmail.com;DK;store;BAG-301;Daypack 25L;2;549;0.1;988.2;completed
12071;01-08-2026;mikkel.christensen10@gmail.com;SE;web;JKT-101;Shell jacket;2;1299;0.0;2598.0;completed
12211;01-08-2026;magnus.christensen95@yahoo.dk;DK;app;ACC-402;Beanie;2;199;0.1;358.2;completed
12658;01-08-2026;Magnus.Christensen48@Hotmail.Com;DK;app;ACC-402;Beanie;2;199;0.1;358.2;completed
12658;01-08-2026;magnus.christensen48@hotmail.com;DK;app;JKT-102;Down jacket;1;1899;0.1;1709.1;completed
12697;01-08-2026;magnus.rasmussen52@hotmail.com;DE;store;ACC-401;Merino socks;1;129;0.0;129.0;completed
10287;02-08-2026;Freja.Nielsen30@Outlook.Dk;DE;web;ACC-402;Beanie;1;199;0.1;179.1;completed
10287;02-08-2026;freja.nielsen30@outlook.dk;DE;web;ACC-401;Merino socks;2;129;0.1;232.2;completed
11336;02-08-2026;sofie.larsen98@gmail.com;DK;web;ACC-402;Beanie;2;199;0.0;398.0;completed
11336;02-08-2026;sofie.larsen98@gmail.com;DK;web;SLP-601;Sleeping bag;1;899;0.0;899.0;completed
11372;02-08-2026;Clara.Hansen26@Gmail.Com;SE;web;TNT-501;2p tent;2;2499;0.0;4998.0;completed
11372;02-08-2026;clara.hansen26@gmail.com;SE;web;ACC-401;Merino socks;1;129;0.0;129.0;completed
12477;02-08-2026;Jonas.Pedersen13@Outlook.Dk;SE;web;ACC-403;Headlamp;1;349;0.1;314.1;completed
12477;02-08-2026;jonas.pedersen13@outlook.dk;SE;web;BOT-201;Hiking boots;1;1099;0.1;989.1;completed
12555;02-08-2026;clara.petersen59@hotmail.com;DK;web;ACC-403;Headlamp;1;349;0.15;296.65;completed
12714;02-08-2026;Jonas.Hansen12@Gmail.Com;DK;web;BOT-201;Hiking boots;1;1099;0.0;1099.0;completed
12767;02-08-2026;Anna.Jensen25@Hotmail.Com;DK;web;ACC-403;Headlamp;1;349;0.15;296.65;completed
12767;02-08-2026;Anna.Jensen25@Hotmail.Com;DK;web;ACC-401;Merino socks;2;129;0.15;219.3;completed
12767;02-08-2026;anna.jensen25@hotmail.com;DK;web;ACC-402;Beanie;1;199;0.15;169.15;completed
10007;03-08-2026;anna.madsen77@yahoo.dk;DK;app;BAG-301;Daypack 25L;-1;549;0.1;-494.1;refunded
11709;03-08-2026;emil.nielsen59@hotmail.com;DK;web;ACC-402;Beanie;1;199;0.15;169.15;completed
11875;03-08-2026;mikkel.hansen21@outlook.dk;DK;web;ACC-403;Headlamp;1;349;0.0;349.0;completed
11399;04-08-2026;lars.rasmussen20@hotmail.com;DK;web;BAG-301;Daypack 25L;1;549;0.0;549.0;completed
11399;04-08-2026;Lars.Rasmussen20@Hotmail.Com;DK;web;BAG-302;Trek pack 60L;1;1499;0.0;1499.0;completed
10142;05-08-2026;magnus.larsen88@gmail.com;DK;store;BAG-301;Daypack 25L;2;549;0.0;1098.0;completed
10561;05-08-2026;noah.christensen30@hotmail.com;DK;web;ACC-402;Beanie;1;199;0.0;199.0;completed
10170;06-08-2026;anna.jensen13@outlook.dk;DK;web;JKT-102;Down jacket;1;1899;0.1;1709.1;completed
10494;06-08-2026;jonas.larsen63@mail.dk;NO;web;ACC-401;Merino socks;1;129;0.0;129.0;completed
10494;06-08-2026;jonas.larsen63@mail.dk;NO;web;BAG-301;Daypack 25L;1;549;0.0;549.0;completed
11119;06-08-2026;oliver.petersen92@gmail.com;SE;web;JKT-101;Shell jacket;1;1299;0.0;1299.0;completed
11381;06-08-2026;Jonas.Christensen39@Hotmail.Com;DE;app;JKT-101;Shell jacket;1;1299;0.0;1299.0;completed
11868;06-08-2026;Oliver.Nielsen55@Hotmail.Com;SE;web;ACC-403;Headlamp;2;349;0.0;698.0;completed
12175;06-08-2026;Clara.Pedersen62@Outlook.Dk;DE;store;SLP-601;Sleeping bag;1;899;0.15;764.15;completed
12175;06-08-2026;clara.pedersen62@outlook.dk;DE;store;ACC-402;Beanie;1;199;0.15;169.15;completed
12178;06-08-2026;emil.pedersen85@gmail.com;DK;store;ACC-402;Beanie;1;199;0.15;169.15;completed
12311;06-08-2026;jonas.christensen62@outlook.dk;SE;web;JKT-101;Shell jacket;1;1299;0.0;1299.0;completed
10380;07-08-2026;sara.petersen58@gmail.com;NO;web;ACC-403;Headlamp;1;349;0.0;349.0;completed
10380;07-08-2026;sara.petersen58@gmail.com;NO;web;ACC-403;Headlamp;1;349;0.0;349.0;completed
10918;07-08-2026;Laura.Christensen26@Yahoo.Dk;DK;web;ACC-402;Beanie;1;199;0.0;199.0;completed
10918;07-08-2026;laura.christensen26@yahoo.dk;DK;web;ACC-403;Headlamp;1;349;0.0;349.0;completed
11018;07-08-2026;lars.madsen18@outlook.dk;SE;web;JKT-102;Down jacket;2;1899;0.15;3228.3;completed
10495;08-08-2026;;NO;web;ACC-402;Beanie;1;199;0.1;179.1;completed
10495;08-08-2026;;NO;web;BAG-301;Daypack 25L;1;549;0.1;494.1;completed
12297;08-08-2026;laura.andersen27@mail.dk;SE;web;JKT-101;Shell jacket;-1;1299;0.0;-1299.0;refunded
12455;08-08-2026;magnus.pedersen26@outlook.dk;DK;web;ACC-402;Beanie;1;199;0.0;199.0;completed
12455;08-08-2026;magnus.pedersen26@outlook.dk;DK;web;BAG-302;Trek pack 60L;1;1499;0.0;1499.0;completed
12455;08-08-2026;Magnus.Pedersen26@Outlook.Dk;DK;web;ACC-401;Merino socks;2;129;0.0;258.0;completed
10292;09-08-2026;laura.hansen30@hotmail.com;SE;web;SLP-601;Sleeping bag;1;899;0.0;899.0;completed
10843;09-08-2026;emil.larsen29@hotmail.com;DK;web;JKT-102;Down jacket;1;1899;0.1;1709.1;completed
11746;09-08-2026;Sara.Jensen58@Gmail.Com;SE;web;ACC-403;Headlamp;1;349;0.1;314.1;completed
11746;09-08-2026;Sara.Jensen58@Gmail.Com;SE;web;ACC-402;Beanie;1;199;0.1;179.1;completed
11786;09-08-2026;Oliver.Pedersen53@Hotmail.Com;SE;web;ACC-402;Beanie;1;199;0.1;179.1;completed
11786;09-08-2026;Oliver.Pedersen53@Hotmail.Com;SE;web;JKT-102;Down jacket;1;1899;0.1;1709.1;completed
10008;10-08-2026;anna.madsen77@yahoo.dk;DK;app;ACC-402;Beanie;1;199;0.1;179.1;completed
10152;10-08-2026;noah.pedersen43@hotmail.com;DK;web;ACC-403;Headlamp;1;349;0.0;349.0;completed
10960;10-08-2026;Clara.Hansen83@Gmail.Com;DE;web;ACC-401;Merino socks;1;129;0.0;129.0;completed
10960;10-08-2026;Clara.Hansen83@Gmail.Com;DE;web;ACC-402;Beanie;1;199;0.0;199.0;completed
10960;10-08-2026;clara.hansen83@gmail.com;DE;web;ACC-403;Headlamp;1;349;0.0;349.0;completed
11065;10-08-2026;sofie.hansen63@hotmail.com;DK;web;ACC-402;Beanie;2;199;0.0;398.0;completed
11065;10-08-2026;Sofie.Hansen63@Hotmail.Com;DK;web;ACC-403;Headlamp;1;349;0.0;349.0;completed
11120;10-08-2026;oliver.petersen92@gmail.com;SE;web;ACC-403;Headlamp;1;349;0.0;349.0;completed
12408;10-08-2026;anna.pedersen23@outlook.dk;NO;app;BAG-302;Trek pack 60L;1;1499;0.0;1499.0;completed
12624;10-08-2026;sara.nielsen27@outlook.dk;DK;store;ACC-403;Headlamp;1;349;0.15;296.65;completed
12921;10-08-2026;mette.pedersen62@mail.dk;DK;store;JKT-102;Down jacket;2;1899;0.0;3798.0;completed
12921;10-08-2026;mette.pedersen62@mail.dk;DK;store;JKT-101;Shell jacket;1;1299;0.0;1299.0;completed
10578;12-08-2026;Mikkel.Andersen62@Yahoo.Dk;NO;web;ACC-403;Headlamp;1;349;0.15;296.65;completed
11325;12-08-2026;sofie.larsen28@outlook.dk;SE;web;BAG-301;Daypack 25L;1;549;0.15;466.65;completed
11325;12-08-2026;Sofie.Larsen28@Outlook.Dk;SE;web;JKT-101;Shell jacket;1;1299;0.15;1104.15;completed
12063;12-08-2026;jonas.hansen80@yahoo.dk;DK;web;BAG-301;Daypack 25L;1;549;0.15;466.65;completed
12063;12-08-2026;jonas.hansen80@yahoo.dk;DK;web;ACC-402;Beanie;1;199;0.15;169.15;completed
10645;13-08-2026;mette.christensen31@hotmail.com;NO;web;ACC-401;Merino socks;1;129;0.15;109.65;completed
10645;13-08-2026;mette.christensen31@hotmail.com;NO;web;ACC-402;Beanie;1;199;0.15;169.15;completed
11336;13-08-2026;sofie.larsen98@gmail.com;DK;web;ACC-402;Beanie;-2;199;0.0;-398.0;refunded
10441;14-08-2026;clara.andersen31@hotmail.com;DK;web;ACC-401;Merino socks;2;129;0.0;258.0;completed
10441;14-08-2026;clara.andersen31@hotmail.com;DK;web;TNT-501;2p tent;2;2499;0.0;4998.0;completed
11092;14-08-2026;sofie.larsen31@hotmail.com;DK;web;BAG-301;Daypack 25L;2;549;0.0;1098.0;completed
11092;14-08-2026;sofie.larsen31@hotmail.com;DK;web;SLP-601;Sleeping bag;1;899;0.0;899.0;completed
11121;14-08-2026;oliver.petersen92@gmail.com;SE;web;ACC-403;Headlamp;1;349;0.1;314.1;completed
11310;14-08-2026;clara.madsen42@mail.dk;DK;web;BAG-302;Trek pack 60L;1;1499;0.15;1274.15;completed
11310;14-08-2026;clara.madsen42@mail.dk;DK;web;JKT-101;Shell jacket;1;1299;0.15;1104.15;completed
11700;14-08-2026;mikkel.andersen77@outlook.dk;DE;web;ACC-401;Merino socks;2;129;0.0;258.0;completed
12391;14-08-2026;mikkel.andersen56@hotmail.com;DE;web;ACC-401;Merino socks;1;129;0.0;129.0;completed
12576;14-08-2026;Jonas.Andersen42@Hotmail.Com;DE;web;ACC-401;Merino socks;1;129;0.0;129.0;completed
12619;14-08-2026;Ida.Hansen3@Yahoo.Dk;DE;web;JKT-101;Shell jacket;1;1299;0.1;1169.1;completed
11512;15-08-2026;Laura.Hansen12@Outlook.Dk;DK;web;ACC-402;Beanie;1;199;0.0;199.0;completed
11512;15-08-2026;laura.hansen12@outlook.dk;DK;web;ACC-401;Merino socks;1;129;0.0;129.0;completed
12577;15-08-2026;jonas.andersen42@hotmail.com;DE;web;ACC-402;Beanie;1;199;0.15;169.15;completed
10529;16-08-2026;freja.petersen13@mail.dk;DE;store;ACC-403;Headlamp;1;349;0.0;349.0;completed
10529;16-08-2026;freja.petersen13@mail.dk;DE;store;ACC-402;Beanie;1;199;0.0;199.0;completed
10529;16-08-2026;freja.petersen13@mail.dk;DE;store;BAG-302;Trek pack 60L;2;1499;0.0;2998.0;completed
10844;16-08-2026;emil.larsen29@hotmail.com;DK;web;BAG-301;Daypack 25L;1;549;0.0;549.0;completed
11054;16-08-2026;clara.larsen57@mail.dk;DK;web;BAG-302;Trek pack 60L;1;1499;0.15;1274.15;completed
11054;16-08-2026;clara.larsen57@mail.dk;DK;web;ACC-401;Merino socks;1;129;0.15;109.65;completed
12008;16-08-2026;magnus.hansen97@outlook.dk;SE;web;ACC-403;Headlamp;1;349;0.1;314.1;completed
12416;16-08-2026;Oliver.Madsen35@Yahoo.Dk;SE;store;BAG-301;Daypack 25L;1;549;0.15;466.65;completed
12806;16-08-2026;Mikkel.Andersen14@Hotmail.Com;DE;store;BAG-301;Daypack 25L;1;549;0.0;549.0;completed
10147;17-08-2026;sofie.petersen57@yahoo.dk;DE;web;ACC-403;Headlamp;2;349;0.0;698.0;completed
11786;17-08-2026;Oliver.Pedersen53@Hotmail.Com;SE;web;ACC-402;Beanie;-1;199;0.1;-179.1;refunded
12212;17-08-2026;magnus.christensen95@yahoo.dk;DK;app;ACC-403;Headlamp;1;349;0.0;349.0;completed
12212;17-08-2026;Magnus.Christensen95@Yahoo.Dk;DK;app;ACC-402;Beanie;1;199;0.0;199.0;completed
12867;17-08-2026;Mikkel.Christensen54@Outlook.Dk;DK;web;ACC-403;Headlamp;2;349;0.1;628.2;completed
12867;17-08-2026;Mikkel.Christensen54@Outlook.Dk;DK;web;ACC-402;Beanie;1;199;0.1;179.1;completed
12867;17-08-2026;mikkel.christensen54@outlook.dk;DK;web;SLP-601;Sleeping bag;1;899;0.1;809.1;completed
11048;18-08-2026;emil.christensen56@outlook.dk;SE;web;SLP-601;Sleeping bag;1;899;0.0;899.0;completed
11048;18-08-2026;emil.christensen56@outlook.dk;SE;web;ACC-401;Merino socks;1;129;0.0;129.0;completed
11439;18-08-2026;ida.hansen35@yahoo.dk;DK;web;BAG-301;Daypack 25L;1;549;0.15;466.65;completed
11439;18-08-2026;ida.hansen35@yahoo.dk;DK;web;JKT-102;Down jacket;1;1899;0.15;1614.15;completed
12387;18-08-2026;magnus.pedersen20@outlook.dk;SE;store;BAG-302;Trek pack 60L;1;1499;0.0;1499.0;completed
11271;19-08-2026;;DK;web;JKT-101;Shell jacket;1;1299;0.0;1299.0;completed
11271;19-08-2026;;DK;web;ACC-401;Merino socks;1;129;0.0;129.0;completed
12179;19-08-2026;emil.pedersen85@gmail.com;DK;store;ACC-402;Beanie;2;199;0.0;398.0;completed
12179;19-08-2026;emil.pedersen85@gmail.com;DK;store;ACC-401;Merino socks;1;129;0.0;129.0;completed
10496;20-08-2026;Jonas.Larsen63@Mail.Dk;NO;web;ACC-401;Merino socks;1;129;0.0;129.0;completed
10418;21-08-2026;Sara.Madsen3@Yahoo.Dk;SE;web;BOT-201;Hiking boots;1;1099;0.0;1099.0;completed
10418;21-08-2026;Sara.Madsen3@Yahoo.Dk;SE;web;ACC-402;Beanie;1;199;0.0;199.0;completed
10961;21-08-2026;Clara.Hansen83@Gmail.Com;DE;web;ACC-402;Beanie;1;199;0.0;199.0;completed
10961;21-08-2026;clara.hansen83@gmail.com;DE;web;JKT-102;Down jacket;2;1899;0.0;3798.0;completed
10961;21-08-2026;clara.hansen83@gmail.com;DE;web;ACC-401;Merino socks;1;129;0.0;129.0;completed
12189;21-08-2026;jonas.larsen9@gmail.com;SE;web;ACC-401;Merino socks;2;129;0.0;258.0;completed
12189;21-08-2026;Jonas.Larsen9@Gmail.Com;SE;web;ACC-402;Beanie;2;199;0.0;398.0;completed
10400;22-08-2026;laura.jensen16@yahoo.dk;DK;web;ACC-403;Headlamp;1;349;0.0;349.0;completed
10370;23-08-2026;Oliver.Jensen83@Mail.Dk;SE;web;JKT-101;Shell jacket;1;1299;0.0;1299.0;completed
11311;23-08-2026;Clara.Madsen42@Mail.Dk;DK;web;ACC-401;Merino socks;2;129;0.1;232.2;completed
12141;23-08-2026;magnus.madsen75@hotmail.com;NO;web;ACC-401;Merino socks;2;129;0.0;258.0;completed
12262;23-08-2026;laura.larsen77@gmail.com;DK;web;ACC-401;Merino socks;1;129;0.0;129.0;completed
10789;24-08-2026;clara.madsen48@hotmail.com;DK;store;BOT-201;Hiking boots;1;1099;0.1;989.1;completed
11093;24-08-2026;sofie.larsen31@hotmail.com;DK;web;ACC-403;Headlamp;2;349;0.0;698.0;completed
11093;24-08-2026;sofie.larsen31@hotmail.com;DK;web;ACC-401;Merino socks;2;129;0.0;258.0;completed
11093;24-08-2026;sofie.larsen31@hotmail.com;DK;web;ACC-403;Headlamp;2;349;0.0;698.0;completed
11876;24-08-2026;Mikkel.Hansen21@Outlook.Dk;DK;web;ACC-401;Merino socks;1;129;0.0;129.0;completed
11876;24-08-2026;Mikkel.Hansen21@Outlook.Dk;DK;web;ACC-402;Beanie;1;199;0.0;199.0;completed
11876;24-08-2026;mikkel.hansen21@outlook.dk;DK;web;ACC-403;Headlamp;1;349;0.0;349.0;completed
10490;25-08-2026;Jonas.Madsen8@Mail.Dk;SE;web;BAG-301;Daypack 25L;1;549;0.1;494.1;completed
10490;25-08-2026;jonas.madsen8@mail.dk;SE;web;SLP-601;Sleeping bag;1;899;0.1;809.1;completed
10585;25-08-2026;ida.pedersen98@outlook.dk;DK;store;BOT-201;Hiking boots;1;1099;0.0;1099.0;completed
10585;25-08-2026;ida.pedersen98@outlook.dk;DK;store;ACC-402;Beanie;1;199;0.0;199.0;completed
11171;25-08-2026;mette.madsen65@hotmail.com;DK;app;ACC-403;Headlamp;2;349;0.0;698.0;completed
11427;25-08-2026;Mette.Nielsen81@Gmail.Com;DK;web;BAG-301;Daypack 25L;2;549;0.15;933.3;completed
11427;25-08-2026;mette.nielsen81@gmail.com;DK;web;ACC-402;Beanie;1;199;0.15;169.15;completed
11698;25-08-2026;emil.pedersen69@outlook.dk;SE;web;BOT-201;Hiking boots;1;1099;0.1;989.1;completed
11698;25-08-2026;emil.pedersen69@outlook.dk;SE;web;ACC-401;Merino socks;2;129;0.1;232.2;completed
10582;26-08-2026;freja.andersen46@outlook.dk;DK;app;BAG-302;Trek pack 60L;1;1499;0.1;1349.1;completed
11124;26-08-2026;sofie.hansen67@mail.dk;DK;web;ACC-402;Beanie;1;199;0.0;199.0;completed
11124;26-08-2026;sofie.hansen67@mail.dk;DK;web;SLP-601;Sleeping bag;1;899;0.0;899.0;completed
11124;26-08-2026;sofie.hansen67@mail.dk;DK;web;BAG-301;Daypack 25L;1;549;0.0;549.0;completed
11354;26-08-2026;;DK;web;ACC-402;Beanie;1;199;0.15;169.15;completed
11354;26-08-2026;;DK;web;JKT-102;Down jacket;1;1899;0.15;1614.15;completed
11354;26-08-2026;;DK;web;ACC-403;Headlamp;2;349;0.15;593.3;completed
11513;26-08-2026;laura.hansen12@outlook.dk;DK;web;ACC-403;Headlamp;2;349;0.15;593.3;completed
12604;26-08-2026;Freja.Larsen75@Mail.Dk;DK;web;ACC-403;Headlamp;1;349;0.1;314.1;completed
12604;26-08-2026;freja.larsen75@mail.dk;DK;web;JKT-102;Down jacket;1;1899;0.1;1709.1;completed
12620;26-08-2026;ida.hansen3@yahoo.dk;DE;web;BOT-201;Hiking boots;2;1099;0.15;1868.3;completed
11246;27-08-2026;Oliver.Christensen47@Gmail.Com;DK;web;JKT-102;Down jacket;2;1899;0.0;3798.0;completed
11440;27-08-2026;ida.hansen35@yahoo.dk;DK;web;ACC-402;Beanie;1;199;0.0;199.0;completed
11440;27-08-2026;ida.hansen35@yahoo.dk;DK;web;BAG-301;Daypack 25L;1;549;0.0;549.0;completed
11440;27-08-2026;ida.hansen35@yahoo.dk;DK;web;JKT-101;Shell jacket;1;1299;0.0;1299.0;completed
11440;27-08-2026;ida.hansen35@yahoo.dk;DK;web;ACC-402;Beanie;1;199;0.0;199.0;completed
11304;28-08-2026;emil.petersen44@outlook.dk;NO;web;JKT-102;Down jacket;2;1899;0.15;3228.3;completed
11710;28-08-2026;emil.nielsen59@hotmail.com;DK;web;SLP-601;Sleeping bag;1;899;0.0;899.0;completed
11710;28-08-2026;emil.nielsen59@hotmail.com;DK;web;BOT-201;Hiking boots;2;1099;0.0;2198.0;completed
11710;28-08-2026;emil.nielsen59@hotmail.com;DK;web;ACC-403;Headlamp;2;349;0.0;698.0;completed
10292;29-08-2026;laura.hansen30@hotmail.com;SE;web;SLP-601;Sleeping bag;-1;899;0.0;-899.0;refunded
11514;29-08-2026;laura.hansen12@outlook.dk;DK;web;TNT-501;2p tent;1;2499;0.0;2499.0;completed
11514;29-08-2026;Laura.Hansen12@Outlook.Dk;DK;web;SLP-601;Sleeping bag;1;899;0.0;899.0;completed
12923;29-08-2026;;NO;store;ACC-403;Headlamp;2;349;0.0;698.0;completed
10077;30-08-2026;Freja.Jensen46@Mail.Dk;SE;web;JKT-102;Down jacket;1;1899;0.0;1899.0;completed
10077;30-08-2026;freja.jensen46@mail.dk;SE;web;BAG-301;Daypack 25L;1;549;0.0;549.0;completed
10491;30-08-2026;jonas.madsen8@mail.dk;SE;web;BOT-201;Hiking boots;1;1099;0.0;1099.0;completed
10491;30-08-2026;jonas.madsen8@mail.dk;SE;web;SLP-601;Sleeping bag;2;899;0.0;1798.0;completed
10491;30-08-2026;jonas.madsen8@mail.dk;SE;web;ACC-403;Headlamp;1;349;0.0;349.0;completed
12072;30-08-2026;mikkel.christensen10@gmail.com;SE;web;ACC-401;Merino socks;1;129;0.0;129.0;completed
12072;30-08-2026;Mikkel.Christensen10@Gmail.Com;SE;web;JKT-101;Shell jacket;1;1299;0.0;1299.0;completed
11354;07-09-2026;;DK;web;ACC-402;Beanie;-1;199;0.15;-169.15;refunded
